solid OpenSCAD_Model
  facet normal 0.9039892931234453 0.4275550934302779 0
    outer loop
      vertex 8.337016841479684 9.311169821742839 1.9
      vertex 8.337016841479684 9.311169821742839 2.5
      vertex 8.41254172417296 9.151485873713204 1.9
    endloop
  endfacet
  facet normal 0.9987954562051723 0.04906767432742055 1.2155317313491507e-19
    outer loop
      vertex 8.208667491990045 9.823569147406792 1.9
      vertex 8.2 10 1.9
      vertex 8.2 10 2.5
    endloop
  endfacet
  facet normal 0.94154406518302 0.33688985339222244 -4.149145495619184e-18
    outer loop
      vertex 8.337016841479684 9.311169821742839 1.9
      vertex 8.277507395682024 9.477487580941968 1.9
      vertex 8.277507395682024 9.477487580941968 2.5
    endloop
  endfacet
  facet normal 0.9700312531945428 0.24298017990326864 0
    outer loop
      vertex 8.234586495274185 9.648837420370969 1.9
      vertex 8.234586495274185 9.648837420370969 2.5
      vertex 8.277507395682024 9.477487580941968 1.9
    endloop
  endfacet
  facet normal 0.9891765099647816 0.1467304744553586 -9.19625325242241e-19
    outer loop
      vertex 8.234586495274185 9.648837420370969 1.9
      vertex 8.208667491990045 9.823569147406792 1.9
      vertex 8.208667491990045 9.823569147406792 2.5
    endloop
  endfacet
  facet normal 0.6715589548470103 0.7409511253549663 0
    outer loop
      vertex 8.727207793864213 8.727207793864213 1.9
      vertex 8.727207793864213 8.727207793864213 2.5
      vertex 8.858092088505439 8.608581183947074 1.9
    endloop
  endfacet
  facet normal 0.5956993044924355 0.8032075314806433 0
    outer loop
      vertex 8.858092088505439 8.608581183947074 1.9
      vertex 8.858092088505439 8.608581183947074 2.5
      vertex 8.999973580564717 8.503354697855418 1.9
    endloop
  endfacet
  facet normal 0.5141027441932218 0.857728610000272 0
    outer loop
      vertex 8.999973580564717 8.503354697855418 1.9
      vertex 8.999973580564717 8.503354697855418 2.5
      vertex 9.151485873713204 8.41254172417296 1.9
    endloop
  endfacet
  facet normal 0.4275550934302779 0.9039892931234453 0
    outer loop
      vertex 9.151485873713204 8.41254172417296 1.9
      vertex 9.151485873713204 8.41254172417296 2.5
      vertex 9.311169821742839 8.337016841479684 1.9
    endloop
  endfacet
  facet normal 0.33688985339222244 0.94154406518302 0
    outer loop
      vertex 9.311169821742839 8.337016841479684 1.9
      vertex 9.311169821742839 8.337016841479684 2.5
      vertex 9.477487580941968 8.277507395682024 1.9
    endloop
  endfacet
  facet normal 0.8032075314806433 0.5956993044924355 0
    outer loop
      vertex 8.503354697855418 8.999973580564717 1.9
      vertex 8.503354697855418 8.999973580564717 2.5
      vertex 8.608581183947074 8.858092088505439 1.9
    endloop
  endfacet
  facet normal 0.7409511253549663 0.6715589548470103 -1.2580961623198007e-18
    outer loop
      vertex 8.727207793864213 8.727207793864213 1.9
      vertex 8.608581183947074 8.858092088505439 1.9
      vertex 8.608581183947074 8.858092088505439 2.5
    endloop
  endfacet
  facet normal 0.857728610000272 0.5141027441932218 8.12600233706212e-19
    outer loop
      vertex 8.503354697855418 8.999973580564717 1.9
      vertex 8.41254172417296 9.151485873713204 1.9
      vertex 8.41254172417296 9.151485873713204 2.5
    endloop
  endfacet
  facet normal 0.24298017990326864 0.9700312531945428 0
    outer loop
      vertex 9.477487580941968 8.277507395682024 1.9
      vertex 9.477487580941968 8.277507395682024 2.5
      vertex 9.648837420370969 8.234586495274185 1.9
    endloop
  endfacet
  facet normal 0.1467304744553586 0.9891765099647816 0
    outer loop
      vertex 9.648837420370969 8.234586495274185 1.9
      vertex 9.648837420370969 8.234586495274185 2.5
      vertex 9.823569147406792 8.208667491990045 1.9
    endloop
  endfacet
  facet normal 0.04906767432742055 0.9987954562051723 0
    outer loop
      vertex 9.823569147406792 8.208667491990045 1.9
      vertex 9.823569147406792 8.208667491990045 2.5
      vertex 10 8.2 1.9
    endloop
  endfacet
  facet normal -0.04906767432742055 0.9987954562051723 0
    outer loop
      vertex 10 8.2 1.9
      vertex 10 8.2 2.5
      vertex 10.176430852593208 8.208667491990045 1.9
    endloop
  endfacet
  facet normal -0.1467304744553586 0.9891765099647816 0
    outer loop
      vertex 10.176430852593208 8.208667491990045 1.9
      vertex 10.176430852593208 8.208667491990045 2.5
      vertex 10.351162579629031 8.234586495274185 1.9
    endloop
  endfacet
  facet normal -0.24298017990326864 0.9700312531945428 0
    outer loop
      vertex 10.351162579629031 8.234586495274185 1.9
      vertex 10.351162579629031 8.234586495274185 2.5
      vertex 10.522512419058032 8.277507395682024 1.9
    endloop
  endfacet
  facet normal -0.33688985339222244 0.94154406518302 0
    outer loop
      vertex 10.522512419058032 8.277507395682024 1.9
      vertex 10.522512419058032 8.277507395682024 2.5
      vertex 10.688830178257161 8.337016841479684 1.9
    endloop
  endfacet
  facet normal -0.4275550934302779 0.9039892931234453 0
    outer loop
      vertex 10.688830178257161 8.337016841479684 1.9
      vertex 10.688830178257161 8.337016841479684 2.5
      vertex 10.848514126286796 8.41254172417296 1.9
    endloop
  endfacet
  facet normal -0.5141027441932218 0.857728610000272 0
    outer loop
      vertex 10.848514126286796 8.41254172417296 1.9
      vertex 10.848514126286796 8.41254172417296 2.5
      vertex 11.000026419435283 8.503354697855418 1.9
    endloop
  endfacet
  facet normal -0.5956993044924355 0.8032075314806433 0
    outer loop
      vertex 11.000026419435283 8.503354697855418 1.9
      vertex 11.000026419435283 8.503354697855418 2.5
      vertex 11.141907911494561 8.608581183947074 1.9
    endloop
  endfacet
  facet normal -0.6715589548470103 0.7409511253549663 0
    outer loop
      vertex 11.141907911494561 8.608581183947074 1.9
      vertex 11.141907911494561 8.608581183947074 2.5
      vertex 11.272792206135787 8.727207793864213 1.9
    endloop
  endfacet
  facet normal -0.7409511253549663 0.6715589548470103 0
    outer loop
      vertex 11.272792206135787 8.727207793864213 1.9
      vertex 11.272792206135787 8.727207793864213 2.5
      vertex 11.391418816052926 8.858092088505439 1.9
    endloop
  endfacet
  facet normal -0.8032075314806433 0.5956993044924355 0
    outer loop
      vertex 11.391418816052926 8.858092088505439 1.9
      vertex 11.391418816052926 8.858092088505439 2.5
      vertex 11.496645302144582 8.999973580564717 1.9
    endloop
  endfacet
  facet normal -0.857728610000272 0.5141027441932218 0
    outer loop
      vertex 11.496645302144582 8.999973580564717 1.9
      vertex 11.496645302144582 8.999973580564717 2.5
      vertex 11.58745827582704 9.151485873713204 1.9
    endloop
  endfacet
  facet normal -0.9039892931234453 0.4275550934302779 0
    outer loop
      vertex 11.58745827582704 9.151485873713204 1.9
      vertex 11.58745827582704 9.151485873713204 2.5
      vertex 11.662983158520316 9.311169821742839 1.9
    endloop
  endfacet
  facet normal -0.94154406518302 0.33688985339222244 0
    outer loop
      vertex 11.662983158520316 9.311169821742839 1.9
      vertex 11.662983158520316 9.311169821742839 2.5
      vertex 11.722492604317976 9.477487580941968 1.9
    endloop
  endfacet
  facet normal -0.9700312531945428 0.24298017990326864 0
    outer loop
      vertex 11.722492604317976 9.477487580941968 1.9
      vertex 11.722492604317976 9.477487580941968 2.5
      vertex 11.765413504725815 9.648837420370969 1.9
    endloop
  endfacet
  facet normal -0.9891765099647816 0.1467304744553586 0
    outer loop
      vertex 11.765413504725815 9.648837420370969 1.9
      vertex 11.765413504725815 9.648837420370969 2.5
      vertex 11.791332508009955 9.823569147406792 1.9
    endloop
  endfacet
  facet normal -0.9987954562051723 0.04906767432742055 0
    outer loop
      vertex 11.791332508009955 9.823569147406792 1.9
      vertex 11.791332508009955 9.823569147406792 2.5
      vertex 11.8 10 1.9
    endloop
  endfacet
  facet normal 0.9987954562051723 -0.04906767432742055 -1.2155317313491507e-19
    outer loop
      vertex 8.2 10 1.9
      vertex 8.208667491990045 10.176430852593208 1.9
      vertex 8.208667491990045 10.176430852593208 2.5
    endloop
  endfacet
  facet normal 0.9891765099647816 -0.1467304744553586 9.19625325242241e-19
    outer loop
      vertex 8.208667491990045 10.176430852593208 1.9
      vertex 8.234586495274185 10.351162579629031 1.9
      vertex 8.234586495274185 10.351162579629031 2.5
    endloop
  endfacet
  facet normal 0.9700312531945428 -0.24298017990326864 2.660432539422529e-19
    outer loop
      vertex 8.234586495274185 10.351162579629031 1.9
      vertex 8.277507395682024 10.522512419058032 1.9
      vertex 8.277507395682024 10.522512419058032 2.5
    endloop
  endfacet
  facet normal 0.94154406518302 -0.33688985339222244 4.149145495619184e-18
    outer loop
      vertex 8.277507395682024 10.522512419058032 1.9
      vertex 8.337016841479684 10.688830178257161 1.9
      vertex 8.337016841479684 10.688830178257161 2.5
    endloop
  endfacet
  facet normal 0.9039892931234453 -0.4275550934302779 1.81498108548987e-18
    outer loop
      vertex 8.337016841479684 10.688830178257161 1.9
      vertex 8.41254172417296 10.848514126286796 1.9
      vertex 8.41254172417296 10.848514126286796 2.5
    endloop
  endfacet
  facet normal 0.857728610000272 -0.5141027441932218 -8.12600233706212e-19
    outer loop
      vertex 8.41254172417296 10.848514126286796 1.9
      vertex 8.503354697855418 11.000026419435283 1.9
      vertex 8.503354697855418 11.000026419435283 2.5
    endloop
  endfacet
  facet normal 0.8032075314806433 -0.5956993044924355 -1.7683333181587073e-18
    outer loop
      vertex 8.503354697855418 11.000026419435283 1.9
      vertex 8.608581183947074 11.141907911494561 1.9
      vertex 8.608581183947074 11.141907911494561 2.5
    endloop
  endfacet
  facet normal 0.7409511253549663 -0.6715589548470103 1.2580961623198007e-18
    outer loop
      vertex 8.608581183947074 11.141907911494561 1.9
      vertex 8.727207793864213 11.272792206135787 1.9
      vertex 8.727207793864213 11.272792206135787 2.5
    endloop
  endfacet
  facet normal 0.6715589548470103 -0.7409511253549663 1.2580961623198007e-18
    outer loop
      vertex 8.727207793864213 11.272792206135787 1.9
      vertex 8.858092088505439 11.391418816052926 1.9
      vertex 8.858092088505439 11.391418816052926 2.5
    endloop
  endfacet
  facet normal 0.5956993044924355 -0.8032075314806433 -1.7683333181587073e-18
    outer loop
      vertex 8.858092088505439 11.391418816052926 1.9
      vertex 8.999973580564717 11.496645302144582 1.9
      vertex 8.999973580564717 11.496645302144582 2.5
    endloop
  endfacet
  facet normal 0.5141027441932218 -0.857728610000272 -8.12600233706212e-19
    outer loop
      vertex 8.999973580564717 11.496645302144582 1.9
      vertex 9.151485873713204 11.58745827582704 1.9
      vertex 9.151485873713204 11.58745827582704 2.5
    endloop
  endfacet
  facet normal 0.4275550934302779 -0.9039892931234453 1.81498108548987e-18
    outer loop
      vertex 9.151485873713204 11.58745827582704 1.9
      vertex 9.311169821742839 11.662983158520316 1.9
      vertex 9.311169821742839 11.662983158520316 2.5
    endloop
  endfacet
  facet normal 0.33688985339222244 -0.94154406518302 4.149145495619184e-18
    outer loop
      vertex 9.311169821742839 11.662983158520316 1.9
      vertex 9.477487580941968 11.722492604317976 1.9
      vertex 9.477487580941968 11.722492604317976 2.5
    endloop
  endfacet
  facet normal 0.24298017990326864 -0.9700312531945428 2.660432539422529e-19
    outer loop
      vertex 9.477487580941968 11.722492604317976 1.9
      vertex 9.648837420370969 11.765413504725815 1.9
      vertex 9.648837420370969 11.765413504725815 2.5
    endloop
  endfacet
  facet normal 0.1467304744553586 -0.9891765099647816 9.19625325242241e-19
    outer loop
      vertex 9.648837420370969 11.765413504725815 1.9
      vertex 9.823569147406792 11.791332508009955 1.9
      vertex 9.823569147406792 11.791332508009955 2.5
    endloop
  endfacet
  facet normal 0.04906767432742055 -0.9987954562051723 -1.2155317313491507e-19
    outer loop
      vertex 9.823569147406792 11.791332508009955 1.9
      vertex 10 11.8 1.9
      vertex 10 11.8 2.5
    endloop
  endfacet
  facet normal -0.04906767432742055 -0.9987954562051723 1.2155317313491507e-19
    outer loop
      vertex 10 11.8 1.9
      vertex 10.176430852593208 11.791332508009955 1.9
      vertex 10.176430852593208 11.791332508009955 2.5
    endloop
  endfacet
  facet normal -0.1467304744553586 -0.9891765099647816 -9.19625325242241e-19
    outer loop
      vertex 10.176430852593208 11.791332508009955 1.9
      vertex 10.351162579629031 11.765413504725815 1.9
      vertex 10.351162579629031 11.765413504725815 2.5
    endloop
  endfacet
  facet normal -0.24298017990326864 -0.9700312531945428 -2.660432539422529e-19
    outer loop
      vertex 10.351162579629031 11.765413504725815 1.9
      vertex 10.522512419058032 11.722492604317976 1.9
      vertex 10.522512419058032 11.722492604317976 2.5
    endloop
  endfacet
  facet normal -0.33688985339222244 -0.94154406518302 -4.149145495619184e-18
    outer loop
      vertex 10.522512419058032 11.722492604317976 1.9
      vertex 10.688830178257161 11.662983158520316 1.9
      vertex 10.688830178257161 11.662983158520316 2.5
    endloop
  endfacet
  facet normal -0.5141027441932218 -0.857728610000272 0
    outer loop
      vertex 11.000026419435283 11.496645302144582 1.9
      vertex 11.000026419435283 11.496645302144582 2.5
      vertex 10.848514126286796 11.58745827582704 1.9
    endloop
  endfacet
  facet normal -0.4275550934302779 -0.9039892931234453 -1.81498108548987e-18
    outer loop
      vertex 10.688830178257161 11.662983158520316 1.9
      vertex 10.848514126286796 11.58745827582704 1.9
      vertex 10.848514126286796 11.58745827582704 2.5
    endloop
  endfacet
  facet normal -0.5956993044924355 -0.8032075314806433 1.7683333181587073e-18
    outer loop
      vertex 11.000026419435283 11.496645302144582 1.9
      vertex 11.141907911494561 11.391418816052926 1.9
      vertex 11.141907911494561 11.391418816052926 2.5
    endloop
  endfacet
  facet normal -0.6715589548470103 -0.7409511253549663 -1.2580961623198007e-18
    outer loop
      vertex 11.141907911494561 11.391418816052926 1.9
      vertex 11.272792206135787 11.272792206135787 1.9
      vertex 11.272792206135787 11.272792206135787 2.5
    endloop
  endfacet
  facet normal -0.94154406518302 -0.33688985339222244 0
    outer loop
      vertex 11.722492604317976 10.522512419058032 1.9
      vertex 11.722492604317976 10.522512419058032 2.5
      vertex 11.662983158520316 10.688830178257161 1.9
    endloop
  endfacet
  facet normal -0.7409511253549663 -0.6715589548470103 -1.2580961623198007e-18
    outer loop
      vertex 11.272792206135787 11.272792206135787 1.9
      vertex 11.391418816052926 11.141907911494561 1.9
      vertex 11.391418816052926 11.141907911494561 2.5
    endloop
  endfacet
  facet normal -0.8032075314806433 -0.5956993044924355 1.7683333181587073e-18
    outer loop
      vertex 11.391418816052926 11.141907911494561 1.9
      vertex 11.496645302144582 11.000026419435283 1.9
      vertex 11.496645302144582 11.000026419435283 2.5
    endloop
  endfacet
  facet normal -0.857728610000272 -0.5141027441932218 8.12600233706212e-19
    outer loop
      vertex 11.496645302144582 11.000026419435283 1.9
      vertex 11.58745827582704 10.848514126286796 1.9
      vertex 11.58745827582704 10.848514126286796 2.5
    endloop
  endfacet
  facet normal -0.9039892931234453 -0.4275550934302779 -1.81498108548987e-18
    outer loop
      vertex 11.58745827582704 10.848514126286796 1.9
      vertex 11.662983158520316 10.688830178257161 1.9
      vertex 11.662983158520316 10.688830178257161 2.5
    endloop
  endfacet
  facet normal -0.9987954562051723 -0.04906767432742055 0
    outer loop
      vertex 11.8 10 1.9
      vertex 11.8 10 2.5
      vertex 11.791332508009955 10.176430852593208 1.9
    endloop
  endfacet
  facet normal -0.9891765099647816 -0.1467304744553586 0
    outer loop
      vertex 11.791332508009955 10.176430852593208 1.9
      vertex 11.791332508009955 10.176430852593208 2.5
      vertex 11.765413504725815 10.351162579629031 1.9
    endloop
  endfacet
  facet normal -0.9700312531945428 -0.24298017990326864 -2.660432539422529e-19
    outer loop
      vertex 11.722492604317976 10.522512419058032 1.9
      vertex 11.765413504725815 10.351162579629031 1.9
      vertex 11.765413504725815 10.351162579629031 2.5
    endloop
  endfacet
  facet normal 0.94154406518302 0.33688985339222244 0
    outer loop
      vertex 8.337016841479684 9.311169821742839 1.9
      vertex 8.277507395682024 9.477487580941968 2.5
      vertex 8.337016841479684 9.311169821742839 2.5
    endloop
  endfacet
  facet normal 0.9039892931234453 0.4275550934302779 0
    outer loop
      vertex 8.41254172417296 9.151485873713204 1.9
      vertex 8.337016841479684 9.311169821742839 2.5
      vertex 8.41254172417296 9.151485873713204 2.5
    endloop
  endfacet
  facet normal 0.9700312531945428 0.24298017990326864 0
    outer loop
      vertex 8.277507395682024 9.477487580941968 1.9
      vertex 8.234586495274185 9.648837420370969 2.5
      vertex 8.277507395682024 9.477487580941968 2.5
    endloop
  endfacet
  facet normal 0.9891765099647816 0.1467304744553586 0
    outer loop
      vertex 8.234586495274185 9.648837420370969 1.9
      vertex 8.208667491990045 9.823569147406792 2.5
      vertex 8.234586495274185 9.648837420370969 2.5
    endloop
  endfacet
  facet normal 0.9987954562051723 0.04906767432742055 0
    outer loop
      vertex 8.208667491990045 9.823569147406792 1.9
      vertex 8.2 10 2.5
      vertex 8.208667491990045 9.823569147406792 2.5
    endloop
  endfacet
  facet normal 0.6715589548470103 0.7409511253549663 0
    outer loop
      vertex 8.858092088505439 8.608581183947074 1.9
      vertex 8.727207793864213 8.727207793864213 2.5
      vertex 8.858092088505439 8.608581183947074 2.5
    endloop
  endfacet
  facet normal 0.5956993044924355 0.8032075314806433 0
    outer loop
      vertex 8.999973580564717 8.503354697855418 1.9
      vertex 8.858092088505439 8.608581183947074 2.5
      vertex 8.999973580564717 8.503354697855418 2.5
    endloop
  endfacet
  facet normal 0.5141027441932218 0.857728610000272 0
    outer loop
      vertex 9.151485873713204 8.41254172417296 1.9
      vertex 8.999973580564717 8.503354697855418 2.5
      vertex 9.151485873713204 8.41254172417296 2.5
    endloop
  endfacet
  facet normal 0.4275550934302779 0.9039892931234453 0
    outer loop
      vertex 9.311169821742839 8.337016841479684 1.9
      vertex 9.151485873713204 8.41254172417296 2.5
      vertex 9.311169821742839 8.337016841479684 2.5
    endloop
  endfacet
  facet normal 0.857728610000272 0.5141027441932218 0
    outer loop
      vertex 8.503354697855418 8.999973580564717 1.9
      vertex 8.41254172417296 9.151485873713204 2.5
      vertex 8.503354697855418 8.999973580564717 2.5
    endloop
  endfacet
  facet normal 0.8032075314806433 0.5956993044924355 0
    outer loop
      vertex 8.608581183947074 8.858092088505439 1.9
      vertex 8.503354697855418 8.999973580564717 2.5
      vertex 8.608581183947074 8.858092088505439 2.5
    endloop
  endfacet
  facet normal 0.7409511253549663 0.6715589548470103 0
    outer loop
      vertex 8.727207793864213 8.727207793864213 1.9
      vertex 8.608581183947074 8.858092088505439 2.5
      vertex 8.727207793864213 8.727207793864213 2.5
    endloop
  endfacet
  facet normal 0.33688985339222244 0.94154406518302 0
    outer loop
      vertex 9.477487580941968 8.277507395682024 1.9
      vertex 9.311169821742839 8.337016841479684 2.5
      vertex 9.477487580941968 8.277507395682024 2.5
    endloop
  endfacet
  facet normal 0.24298017990326864 0.9700312531945428 0
    outer loop
      vertex 9.648837420370969 8.234586495274185 1.9
      vertex 9.477487580941968 8.277507395682024 2.5
      vertex 9.648837420370969 8.234586495274185 2.5
    endloop
  endfacet
  facet normal 0.1467304744553586 0.9891765099647816 0
    outer loop
      vertex 9.823569147406792 8.208667491990045 1.9
      vertex 9.648837420370969 8.234586495274185 2.5
      vertex 9.823569147406792 8.208667491990045 2.5
    endloop
  endfacet
  facet normal 0.04906767432742055 0.9987954562051723 0
    outer loop
      vertex 10 8.2 1.9
      vertex 9.823569147406792 8.208667491990045 2.5
      vertex 10 8.2 2.5
    endloop
  endfacet
  facet normal -0.04906767432742055 0.9987954562051723 0
    outer loop
      vertex 10.176430852593208 8.208667491990045 1.9
      vertex 10 8.2 2.5
      vertex 10.176430852593208 8.208667491990045 2.5
    endloop
  endfacet
  facet normal -0.1467304744553586 0.9891765099647816 0
    outer loop
      vertex 10.351162579629031 8.234586495274185 1.9
      vertex 10.176430852593208 8.208667491990045 2.5
      vertex 10.351162579629031 8.234586495274185 2.5
    endloop
  endfacet
  facet normal -0.24298017990326864 0.9700312531945428 0
    outer loop
      vertex 10.522512419058032 8.277507395682024 1.9
      vertex 10.351162579629031 8.234586495274185 2.5
      vertex 10.522512419058032 8.277507395682024 2.5
    endloop
  endfacet
  facet normal -0.33688985339222244 0.94154406518302 0
    outer loop
      vertex 10.688830178257161 8.337016841479684 1.9
      vertex 10.522512419058032 8.277507395682024 2.5
      vertex 10.688830178257161 8.337016841479684 2.5
    endloop
  endfacet
  facet normal -0.4275550934302779 0.9039892931234453 0
    outer loop
      vertex 10.848514126286796 8.41254172417296 1.9
      vertex 10.688830178257161 8.337016841479684 2.5
      vertex 10.848514126286796 8.41254172417296 2.5
    endloop
  endfacet
  facet normal -0.5141027441932218 0.857728610000272 0
    outer loop
      vertex 11.000026419435283 8.503354697855418 1.9
      vertex 10.848514126286796 8.41254172417296 2.5
      vertex 11.000026419435283 8.503354697855418 2.5
    endloop
  endfacet
  facet normal -0.5956993044924355 0.8032075314806433 0
    outer loop
      vertex 11.141907911494561 8.608581183947074 1.9
      vertex 11.000026419435283 8.503354697855418 2.5
      vertex 11.141907911494561 8.608581183947074 2.5
    endloop
  endfacet
  facet normal -0.6715589548470103 0.7409511253549663 0
    outer loop
      vertex 11.272792206135787 8.727207793864213 1.9
      vertex 11.141907911494561 8.608581183947074 2.5
      vertex 11.272792206135787 8.727207793864213 2.5
    endloop
  endfacet
  facet normal -0.7409511253549663 0.6715589548470103 0
    outer loop
      vertex 11.391418816052926 8.858092088505439 1.9
      vertex 11.272792206135787 8.727207793864213 2.5
      vertex 11.391418816052926 8.858092088505439 2.5
    endloop
  endfacet
  facet normal -0.8032075314806433 0.5956993044924355 0
    outer loop
      vertex 11.496645302144582 8.999973580564717 1.9
      vertex 11.391418816052926 8.858092088505439 2.5
      vertex 11.496645302144582 8.999973580564717 2.5
    endloop
  endfacet
  facet normal -0.857728610000272 0.5141027441932218 0
    outer loop
      vertex 11.58745827582704 9.151485873713204 1.9
      vertex 11.496645302144582 8.999973580564717 2.5
      vertex 11.58745827582704 9.151485873713204 2.5
    endloop
  endfacet
  facet normal -0.9039892931234453 0.4275550934302779 0
    outer loop
      vertex 11.662983158520316 9.311169821742839 1.9
      vertex 11.58745827582704 9.151485873713204 2.5
      vertex 11.662983158520316 9.311169821742839 2.5
    endloop
  endfacet
  facet normal -0.94154406518302 0.33688985339222244 0
    outer loop
      vertex 11.722492604317976 9.477487580941968 1.9
      vertex 11.662983158520316 9.311169821742839 2.5
      vertex 11.722492604317976 9.477487580941968 2.5
    endloop
  endfacet
  facet normal -0.9700312531945428 0.24298017990326864 0
    outer loop
      vertex 11.765413504725815 9.648837420370969 1.9
      vertex 11.722492604317976 9.477487580941968 2.5
      vertex 11.765413504725815 9.648837420370969 2.5
    endloop
  endfacet
  facet normal -0.9891765099647816 0.1467304744553586 0
    outer loop
      vertex 11.791332508009955 9.823569147406792 1.9
      vertex 11.765413504725815 9.648837420370969 2.5
      vertex 11.791332508009955 9.823569147406792 2.5
    endloop
  endfacet
  facet normal -0.9987954562051723 0.04906767432742055 0
    outer loop
      vertex 11.8 10 1.9
      vertex 11.791332508009955 9.823569147406792 2.5
      vertex 11.8 10 2.5
    endloop
  endfacet
  facet normal 0.9987954562051723 -0.04906767432742055 0
    outer loop
      vertex 8.2 10 1.9
      vertex 8.208667491990045 10.176430852593208 2.5
      vertex 8.2 10 2.5
    endloop
  endfacet
  facet normal 0.9891765099647816 -0.1467304744553586 0
    outer loop
      vertex 8.208667491990045 10.176430852593208 1.9
      vertex 8.234586495274185 10.351162579629031 2.5
      vertex 8.208667491990045 10.176430852593208 2.5
    endloop
  endfacet
  facet normal 0.9700312531945428 -0.24298017990326864 0
    outer loop
      vertex 8.234586495274185 10.351162579629031 1.9
      vertex 8.277507395682024 10.522512419058032 2.5
      vertex 8.234586495274185 10.351162579629031 2.5
    endloop
  endfacet
  facet normal 0.94154406518302 -0.33688985339222244 0
    outer loop
      vertex 8.277507395682024 10.522512419058032 1.9
      vertex 8.337016841479684 10.688830178257161 2.5
      vertex 8.277507395682024 10.522512419058032 2.5
    endloop
  endfacet
  facet normal 0.9039892931234453 -0.4275550934302779 0
    outer loop
      vertex 8.337016841479684 10.688830178257161 1.9
      vertex 8.41254172417296 10.848514126286796 2.5
      vertex 8.337016841479684 10.688830178257161 2.5
    endloop
  endfacet
  facet normal 0.857728610000272 -0.5141027441932218 0
    outer loop
      vertex 8.41254172417296 10.848514126286796 1.9
      vertex 8.503354697855418 11.000026419435283 2.5
      vertex 8.41254172417296 10.848514126286796 2.5
    endloop
  endfacet
  facet normal 0.8032075314806433 -0.5956993044924355 0
    outer loop
      vertex 8.503354697855418 11.000026419435283 1.9
      vertex 8.608581183947074 11.141907911494561 2.5
      vertex 8.503354697855418 11.000026419435283 2.5
    endloop
  endfacet
  facet normal 0.7409511253549663 -0.6715589548470103 0
    outer loop
      vertex 8.608581183947074 11.141907911494561 1.9
      vertex 8.727207793864213 11.272792206135787 2.5
      vertex 8.608581183947074 11.141907911494561 2.5
    endloop
  endfacet
  facet normal 0.6715589548470103 -0.7409511253549663 0
    outer loop
      vertex 8.727207793864213 11.272792206135787 1.9
      vertex 8.858092088505439 11.391418816052926 2.5
      vertex 8.727207793864213 11.272792206135787 2.5
    endloop
  endfacet
  facet normal 0.5956993044924355 -0.8032075314806433 0
    outer loop
      vertex 8.858092088505439 11.391418816052926 1.9
      vertex 8.999973580564717 11.496645302144582 2.5
      vertex 8.858092088505439 11.391418816052926 2.5
    endloop
  endfacet
  facet normal 0.5141027441932218 -0.857728610000272 0
    outer loop
      vertex 8.999973580564717 11.496645302144582 1.9
      vertex 9.151485873713204 11.58745827582704 2.5
      vertex 8.999973580564717 11.496645302144582 2.5
    endloop
  endfacet
  facet normal 0.4275550934302779 -0.9039892931234453 0
    outer loop
      vertex 9.151485873713204 11.58745827582704 1.9
      vertex 9.311169821742839 11.662983158520316 2.5
      vertex 9.151485873713204 11.58745827582704 2.5
    endloop
  endfacet
  facet normal 0.33688985339222244 -0.94154406518302 0
    outer loop
      vertex 9.311169821742839 11.662983158520316 1.9
      vertex 9.477487580941968 11.722492604317976 2.5
      vertex 9.311169821742839 11.662983158520316 2.5
    endloop
  endfacet
  facet normal 0.24298017990326864 -0.9700312531945428 0
    outer loop
      vertex 9.477487580941968 11.722492604317976 1.9
      vertex 9.648837420370969 11.765413504725815 2.5
      vertex 9.477487580941968 11.722492604317976 2.5
    endloop
  endfacet
  facet normal 0.1467304744553586 -0.9891765099647816 0
    outer loop
      vertex 9.648837420370969 11.765413504725815 1.9
      vertex 9.823569147406792 11.791332508009955 2.5
      vertex 9.648837420370969 11.765413504725815 2.5
    endloop
  endfacet
  facet normal 0.04906767432742055 -0.9987954562051723 0
    outer loop
      vertex 9.823569147406792 11.791332508009955 1.9
      vertex 10 11.8 2.5
      vertex 9.823569147406792 11.791332508009955 2.5
    endloop
  endfacet
  facet normal -0.04906767432742055 -0.9987954562051723 0
    outer loop
      vertex 10 11.8 1.9
      vertex 10.176430852593208 11.791332508009955 2.5
      vertex 10 11.8 2.5
    endloop
  endfacet
  facet normal -0.1467304744553586 -0.9891765099647816 0
    outer loop
      vertex 10.176430852593208 11.791332508009955 1.9
      vertex 10.351162579629031 11.765413504725815 2.5
      vertex 10.176430852593208 11.791332508009955 2.5
    endloop
  endfacet
  facet normal -0.24298017990326864 -0.9700312531945428 0
    outer loop
      vertex 10.351162579629031 11.765413504725815 1.9
      vertex 10.522512419058032 11.722492604317976 2.5
      vertex 10.351162579629031 11.765413504725815 2.5
    endloop
  endfacet
  facet normal -0.33688985339222244 -0.94154406518302 0
    outer loop
      vertex 10.522512419058032 11.722492604317976 1.9
      vertex 10.688830178257161 11.662983158520316 2.5
      vertex 10.522512419058032 11.722492604317976 2.5
    endloop
  endfacet
  facet normal -0.4275550934302779 -0.9039892931234453 0
    outer loop
      vertex 10.688830178257161 11.662983158520316 1.9
      vertex 10.848514126286796 11.58745827582704 2.5
      vertex 10.688830178257161 11.662983158520316 2.5
    endloop
  endfacet
  facet normal -0.5141027441932218 -0.857728610000272 0
    outer loop
      vertex 10.848514126286796 11.58745827582704 1.9
      vertex 11.000026419435283 11.496645302144582 2.5
      vertex 10.848514126286796 11.58745827582704 2.5
    endloop
  endfacet
  facet normal -0.5956993044924355 -0.8032075314806433 0
    outer loop
      vertex 11.000026419435283 11.496645302144582 1.9
      vertex 11.141907911494561 11.391418816052926 2.5
      vertex 11.000026419435283 11.496645302144582 2.5
    endloop
  endfacet
  facet normal -0.6715589548470103 -0.7409511253549663 0
    outer loop
      vertex 11.141907911494561 11.391418816052926 1.9
      vertex 11.272792206135787 11.272792206135787 2.5
      vertex 11.141907911494561 11.391418816052926 2.5
    endloop
  endfacet
  facet normal -0.7409511253549663 -0.6715589548470103 0
    outer loop
      vertex 11.272792206135787 11.272792206135787 1.9
      vertex 11.391418816052926 11.141907911494561 2.5
      vertex 11.272792206135787 11.272792206135787 2.5
    endloop
  endfacet
  facet normal -0.8032075314806433 -0.5956993044924355 0
    outer loop
      vertex 11.391418816052926 11.141907911494561 1.9
      vertex 11.496645302144582 11.000026419435283 2.5
      vertex 11.391418816052926 11.141907911494561 2.5
    endloop
  endfacet
  facet normal -0.94154406518302 -0.33688985339222244 0
    outer loop
      vertex 11.662983158520316 10.688830178257161 1.9
      vertex 11.722492604317976 10.522512419058032 2.5
      vertex 11.662983158520316 10.688830178257161 2.5
    endloop
  endfacet
  facet normal -0.9039892931234453 -0.4275550934302779 0
    outer loop
      vertex 11.58745827582704 10.848514126286796 1.9
      vertex 11.662983158520316 10.688830178257161 2.5
      vertex 11.58745827582704 10.848514126286796 2.5
    endloop
  endfacet
  facet normal -0.857728610000272 -0.5141027441932218 0
    outer loop
      vertex 11.496645302144582 11.000026419435283 1.9
      vertex 11.58745827582704 10.848514126286796 2.5
      vertex 11.496645302144582 11.000026419435283 2.5
    endloop
  endfacet
  facet normal -0.9987954562051723 -0.04906767432742055 0
    outer loop
      vertex 11.791332508009955 10.176430852593208 1.9
      vertex 11.8 10 2.5
      vertex 11.791332508009955 10.176430852593208 2.5
    endloop
  endfacet
  facet normal -0.9891765099647816 -0.1467304744553586 0
    outer loop
      vertex 11.765413504725815 10.351162579629031 1.9
      vertex 11.791332508009955 10.176430852593208 2.5
      vertex 11.765413504725815 10.351162579629031 2.5
    endloop
  endfacet
  facet normal -0.9700312531945428 -0.24298017990326864 0
    outer loop
      vertex 11.722492604317976 10.522512419058032 1.9
      vertex 11.765413504725815 10.351162579629031 2.5
      vertex 11.722492604317976 10.522512419058032 2.5
    endloop
  endfacet
  facet normal 0.7394784376506545 0.18522970597412775 -0.6471951763374671
    outer loop
      vertex 8.234586495274185 9.648837420370969 1.9
      vertex 6.732048753474506 9.008677827176014 0
      vertex 6.650618267422968 9.333766550314921 0
    endloop
  endfacet
  facet normal 0.7177619607696801 0.2568193361053227 -0.6471951763374675
    outer loop
      vertex 8.277507395682024 9.477487580941968 1.9
      vertex 6.844951396473956 8.693136078473218 0
      vertex 6.732048753474506 9.008677827176014 0
    endloop
  endfacet
  facet normal 0.6891330438378945 0.32593565563809224 -0.6471951763374675
    outer loop
      vertex 8.337016841479684 9.311169821742839 1.9
      vertex 6.988238882250367 8.390180143739219 0
      vertex 6.844951396473956 8.693136078473218 0
    endloop
  endfacet
  facet normal 0.7540733329370191 0.11185621251754525 -0.6471951763374673
    outer loop
      vertex 8.208667491990045 9.823569147406792 1.9
      vertex 6.650618267422968 9.333766550314921 0
      vertex 6.601444158414448 9.66527146577455 0
    endloop
  endfacet
  facet normal 0.7614060898087852 0.037405482587593596 -0.6471951763374673
    outer loop
      vertex 8.2 10 1.9
      vertex 6.601444158414448 9.66527146577455 0
      vertex 6.585 10 0
    endloop
  endfacet
  facet normal 0.7614060898087851 -0.037405482587593825 -0.6471951763374673
    outer loop
      vertex 8.208667491990045 10.176430852593208 1.9
      vertex 6.585 10 0
      vertex 6.601444158414448 10.33472853422545 0
    endloop
  endfacet
  facet normal 0.7540733329370191 -0.11185621251754539 -0.6471951763374673
    outer loop
      vertex 8.234586495274185 10.351162579629031 1.9
      vertex 6.601444158414448 10.33472853422545 0
      vertex 6.650618267422968 10.666233449685079 0
    endloop
  endfacet
  facet normal 0.739478437650654 -0.18522970597412886 -0.6471951763374673
    outer loop
      vertex 8.277507395682024 10.522512419058032 1.9
      vertex 6.650618267422968 10.666233449685079 0
      vertex 6.732048753474507 10.991322172823988 0
    endloop
  endfacet
  facet normal 0.7177619607696796 -0.2568193361053243 -0.6471951763374674
    outer loop
      vertex 8.337016841479684 10.688830178257161 1.9
      vertex 6.732048753474507 10.991322172823988 0
      vertex 6.844951396473957 11.306863921526782 0
    endloop
  endfacet
  facet normal 0.6891330438378953 -0.32593565563809046 -0.6471951763374675
    outer loop
      vertex 8.41254172417296 10.848514126286796 1.9
      vertex 6.844951396473957 11.306863921526782 0
      vertex 6.988238882250367 11.609819856260781 0
    endloop
  endfacet
  facet normal 0.32593565563809224 0.6891330438378945 -0.6471951763374675
    outer loop
      vertex 9.151485873713204 8.41254172417296 1.9
      vertex 8.693136078473218 6.844951396473956 0
      vertex 8.390180143739219 6.988238882250367 0
    endloop
  endfacet
  facet normal 0.2568193361053225 0.7177619607696801 -0.6471951763374676
    outer loop
      vertex 9.311169821742839 8.337016841479684 1.9
      vertex 9.008677827176012 6.732048753474507 0
      vertex 8.693136078473218 6.844951396473956 0
    endloop
  endfacet
  facet normal 0.18522970597412894 0.739478437650654 -0.6471951763374675
    outer loop
      vertex 9.477487580941968 8.277507395682024 1.9
      vertex 9.333766550314921 6.650618267422968 0
      vertex 9.008677827176012 6.732048753474507 0
    endloop
  endfacet
  facet normal 0.56484507973177 0.5119457389492804 -0.6471951763374674
    outer loop
      vertex 8.608581183947074 8.858092088505439 1.9
      vertex 7.5852303422479395 7.5852303422479395 0
      vertex 7.360169301766254 7.83354693458115 0
    endloop
  endfacet
  facet normal 0.6123046536207069 0.45411608084270794 -0.6471951763374673
    outer loop
      vertex 8.503354697855418 8.999973580564717 1.9
      vertex 7.360169301766254 7.83354693458115 0
      vertex 7.160531273986807 8.102727654238059 0
    endloop
  endfacet
  facet normal 0.6538673989755077 0.39191303663251464 -0.6471951763374673
    outer loop
      vertex 8.41254172417296 9.151485873713204 1.9
      vertex 7.160531273986807 8.102727654238059 0
      vertex 6.988238882250367 8.390180143739219 0
    endloop
  endfacet
  facet normal 0.5119457389492805 0.5648450797317701 -0.6471951763374674
    outer loop
      vertex 8.727207793864213 8.727207793864213 1.9
      vertex 7.83354693458115 7.360169301766254 0
      vertex 7.5852303422479395 7.5852303422479395 0
    endloop
  endfacet
  facet normal 0.45411608084270766 0.6123046536207069 -0.6471951763374675
    outer loop
      vertex 8.858092088505439 8.608581183947074 1.9
      vertex 8.102727654238059 7.160531273986807 0
      vertex 7.83354693458115 7.360169301766254 0
    endloop
  endfacet
  facet normal 0.3919130366325147 0.6538673989755077 -0.6471951763374674
    outer loop
      vertex 8.999973580564717 8.503354697855418 1.9
      vertex 8.390180143739219 6.988238882250367 0
      vertex 8.102727654238059 7.160531273986807 0
    endloop
  endfacet
  facet normal 0.11185621251754568 0.7540733329370191 -0.6471951763374673
    outer loop
      vertex 9.648837420370969 8.234586495274185 1.9
      vertex 9.66527146577455 6.601444158414448 0
      vertex 9.333766550314921 6.650618267422968 0
    endloop
  endfacet
  facet normal 0.03740548258759391 0.7614060898087851 -0.6471951763374673
    outer loop
      vertex 9.823569147406792 8.208667491990045 1.9
      vertex 10 6.585 0
      vertex 9.66527146577455 6.601444158414448 0
    endloop
  endfacet
  facet normal -0.037405482587593616 0.7614060898087852 -0.6471951763374673
    outer loop
      vertex 10 8.2 1.9
      vertex 10.33472853422545 6.601444158414448 0
      vertex 10 6.585 0
    endloop
  endfacet
  facet normal -0.11185621251754528 0.7540733329370191 -0.6471951763374674
    outer loop
      vertex 10.176430852593208 8.208667491990045 1.9
      vertex 10.666233449685079 6.650618267422968 0
      vertex 10.33472853422545 6.601444158414448 0
    endloop
  endfacet
  facet normal -0.18522970597412863 0.7394784376506544 -0.6471951763374673
    outer loop
      vertex 10.351162579629031 8.234586495274185 1.9
      vertex 10.991322172823988 6.732048753474507 0
      vertex 10.666233449685079 6.650618267422968 0
    endloop
  endfacet
  facet normal -0.2568193361053223 0.7177619607696802 -0.6471951763374674
    outer loop
      vertex 10.522512419058032 8.277507395682024 1.9
      vertex 11.306863921526782 6.844951396473956 0
      vertex 10.991322172823988 6.732048753474507 0
    endloop
  endfacet
  facet normal -0.32593565563809207 0.6891330438378945 -0.6471951763374676
    outer loop
      vertex 10.688830178257161 8.337016841479684 1.9
      vertex 11.609819856260781 6.988238882250367 0
      vertex 11.306863921526782 6.844951396473956 0
    endloop
  endfacet
  facet normal -0.3919130366325144 0.6538673989755077 -0.6471951763374674
    outer loop
      vertex 10.848514126286796 8.41254172417296 1.9
      vertex 11.897272345761941 7.160531273986807 0
      vertex 11.609819856260781 6.988238882250367 0
    endloop
  endfacet
  facet normal -0.45411608084270777 0.6123046536207067 -0.6471951763374676
    outer loop
      vertex 11.000026419435283 8.503354697855418 1.9
      vertex 12.16645306541885 7.360169301766254 0
      vertex 11.897272345761941 7.160531273986807 0
    endloop
  endfacet
  facet normal -0.5119457389492805 0.5648450797317699 -0.6471951763374676
    outer loop
      vertex 11.141907911494561 8.608581183947074 1.9
      vertex 12.41476965775206 7.5852303422479395 0
      vertex 12.16645306541885 7.360169301766254 0
    endloop
  endfacet
  facet normal -0.5648450797317701 0.5119457389492805 -0.6471951763374671
    outer loop
      vertex 11.272792206135787 8.727207793864213 1.9
      vertex 12.639830698233746 7.83354693458115 0
      vertex 12.41476965775206 7.5852303422479395 0
    endloop
  endfacet
  facet normal -0.6123046536207066 0.4541160808427079 -0.6471951763374675
    outer loop
      vertex 11.391418816052926 8.858092088505439 1.9
      vertex 12.839468726013193 8.102727654238059 0
      vertex 12.639830698233746 7.83354693458115 0
    endloop
  endfacet
  facet normal -0.6538673989755086 0.3919130366325129 -0.6471951763374675
    outer loop
      vertex 11.496645302144582 8.999973580564717 1.9
      vertex 13.011761117749632 8.390180143739219 0
      vertex 12.839468726013193 8.102727654238059 0
    endloop
  endfacet
  facet normal -0.6891330438378939 0.32593565563809385 -0.6471951763374673
    outer loop
      vertex 11.58745827582704 9.151485873713204 1.9
      vertex 13.155048603526044 8.693136078473218 0
      vertex 13.011761117749632 8.390180143739219 0
    endloop
  endfacet
  facet normal -0.7177619607696801 0.2568193361053225 -0.6471951763374676
    outer loop
      vertex 11.662983158520316 9.311169821742839 1.9
      vertex 13.267951246525493 9.008677827176012 0
      vertex 13.155048603526044 8.693136078473218 0
    endloop
  endfacet
  facet normal -0.7394784376506546 0.18522970597412688 -0.6471951763374674
    outer loop
      vertex 11.722492604317976 9.477487580941968 1.9
      vertex 13.349381732577031 9.333766550314921 0
      vertex 13.267951246525493 9.008677827176012 0
    endloop
  endfacet
  facet normal -0.7540733329370193 0.11185621251754532 -0.6471951763374671
    outer loop
      vertex 11.765413504725815 9.648837420370969 1.9
      vertex 13.398555841585551 9.66527146577455 0
      vertex 13.349381732577031 9.333766550314921 0
    endloop
  endfacet
  facet normal -0.7614060898087852 0.03740548258759373 -0.6471951763374671
    outer loop
      vertex 11.791332508009955 9.823569147406792 1.9
      vertex 13.415 10 0
      vertex 13.398555841585551 9.66527146577455 0
    endloop
  endfacet
  facet normal 0.6538673989755087 -0.39191303663251253 -0.6471951763374676
    outer loop
      vertex 8.503354697855418 11.000026419435283 1.9
      vertex 6.988238882250367 11.609819856260781 0
      vertex 7.160531273986807 11.897272345761943 0
    endloop
  endfacet
  facet normal 0.6123046536207052 -0.45411608084270977 -0.6471951763374676
    outer loop
      vertex 8.608581183947074 11.141907911494561 1.9
      vertex 7.160531273986807 11.897272345761943 0
      vertex 7.360169301766254 12.16645306541885 0
    endloop
  endfacet
  facet normal 0.5648450797317701 -0.5119457389492805 -0.6471951763374671
    outer loop
      vertex 8.727207793864213 11.272792206135787 1.9
      vertex 7.360169301766254 12.16645306541885 0
      vertex 7.5852303422479395 12.41476965775206 0
    endloop
  endfacet
  facet normal 0.5119457389492805 -0.5648450797317699 -0.6471951763374676
    outer loop
      vertex 8.858092088505439 11.391418816052926 1.9
      vertex 7.5852303422479395 12.41476965775206 0
      vertex 7.83354693458115 12.639830698233746 0
    endloop
  endfacet
  facet normal 0.45411608084270777 -0.6123046536207067 -0.6471951763374676
    outer loop
      vertex 8.999973580564717 11.496645302144582 1.9
      vertex 7.83354693458115 12.639830698233746 0
      vertex 8.102727654238059 12.839468726013193 0
    endloop
  endfacet
  facet normal 0.391913036632513 -0.6538673989755088 -0.6471951763374673
    outer loop
      vertex 9.151485873713204 11.58745827582704 1.9
      vertex 8.102727654238059 12.839468726013193 0
      vertex 8.390180143739219 13.011761117749632 0
    endloop
  endfacet
  facet normal 0.32593565563809374 -0.6891330438378938 -0.6471951763374676
    outer loop
      vertex 9.311169821742839 11.662983158520316 1.9
      vertex 8.390180143739219 13.011761117749632 0
      vertex 8.693136078473218 13.155048603526044 0
    endloop
  endfacet
  facet normal 0.2568193361053223 -0.7177619607696802 -0.6471951763374674
    outer loop
      vertex 9.477487580941968 11.722492604317976 1.9
      vertex 8.693136078473218 13.155048603526044 0
      vertex 9.008677827176012 13.267951246525493 0
    endloop
  endfacet
  facet normal 0.18522970597412713 -0.7394784376506547 -0.6471951763374669
    outer loop
      vertex 9.648837420370969 11.765413504725815 1.9
      vertex 9.008677827176012 13.267951246525493 0
      vertex 9.333766550314921 13.349381732577031 0
    endloop
  endfacet
  facet normal 0.1118562125175452 -0.7540733329370192 -0.6471951763374673
    outer loop
      vertex 9.823569147406792 11.791332508009955 1.9
      vertex 9.333766550314921 13.349381732577031 0
      vertex 9.66527146577455 13.398555841585551 0
    endloop
  endfacet
  facet normal 0.03740548258759352 -0.7614060898087854 -0.647195176337467
    outer loop
      vertex 10 11.8 1.9
      vertex 9.66527146577455 13.398555841585551 0
      vertex 10 13.415 0
    endloop
  endfacet
  facet normal -0.037405482587594026 -0.7614060898087853 -0.647195176337467
    outer loop
      vertex 10.176430852593208 11.791332508009955 1.9
      vertex 10 13.415 0
      vertex 10.33472853422545 13.398555841585551 0
    endloop
  endfacet
  facet normal -0.11185621251754531 -0.7540733329370193 -0.6471951763374671
    outer loop
      vertex 10.351162579629031 11.765413504725815 1.9
      vertex 10.33472853422545 13.398555841585551 0
      vertex 10.666233449685079 13.349381732577031 0
    endloop
  endfacet
  facet normal -0.18522970597412705 -0.7394784376506545 -0.6471951763374674
    outer loop
      vertex 10.522512419058032 11.722492604317976 1.9
      vertex 10.666233449685079 13.349381732577031 0
      vertex 10.991322172823988 13.267951246525493 0
    endloop
  endfacet
  facet normal -0.2568193361053225 -0.7177619607696801 -0.6471951763374676
    outer loop
      vertex 10.688830178257161 11.662983158520316 1.9
      vertex 10.991322172823988 13.267951246525493 0
      vertex 11.306863921526782 13.155048603526044 0
    endloop
  endfacet
  facet normal -0.3919130366325131 -0.6538673989755085 -0.6471951763374673
    outer loop
      vertex 11.000026419435283 11.496645302144582 1.9
      vertex 11.609819856260781 13.011761117749632 0
      vertex 11.897272345761941 12.839468726013193 0
    endloop
  endfacet
  facet normal -0.5119457389492805 -0.5648450797317701 -0.6471951763374674
    outer loop
      vertex 11.272792206135787 11.272792206135787 1.9
      vertex 12.16645306541885 12.639830698233746 0
      vertex 12.41476965775206 12.41476965775206 0
    endloop
  endfacet
  facet normal -0.45411608084270766 -0.6123046536207069 -0.6471951763374675
    outer loop
      vertex 11.141907911494561 11.391418816052926 1.9
      vertex 11.897272345761941 12.839468726013193 0
      vertex 12.16645306541885 12.639830698233746 0
    endloop
  endfacet
  facet normal -0.56484507973177 -0.5119457389492804 -0.6471951763374674
    outer loop
      vertex 11.391418816052926 11.141907911494561 1.9
      vertex 12.41476965775206 12.41476965775206 0
      vertex 12.639830698233746 12.16645306541885 0
    endloop
  endfacet
  facet normal -0.6891330438378938 -0.325935655638094 -0.6471951763374674
    outer loop
      vertex 11.662983158520316 10.688830178257161 1.9
      vertex 13.011761117749632 11.609819856260781 0
      vertex 13.155048603526044 11.306863921526782 0
    endloop
  endfacet
  facet normal -0.7614060898087853 -0.03740548258759371 -0.6471951763374669
    outer loop
      vertex 11.8 10 1.9
      vertex 13.398555841585551 10.33472853422545 0
      vertex 13.415 10 0
    endloop
  endfacet
  facet normal -0.7540733329370192 -0.11185621251754536 -0.647195176337467
    outer loop
      vertex 11.791332508009955 10.176430852593208 1.9
      vertex 13.349381732577031 10.666233449685079 0
      vertex 13.398555841585551 10.33472853422545 0
    endloop
  endfacet
  facet normal -0.7394784376506548 -0.1852297059741269 -0.647195176337467
    outer loop
      vertex 11.765413504725815 10.351162579629031 1.9
      vertex 13.267951246525493 10.991322172823988 0
      vertex 13.349381732577031 10.666233449685079 0
    endloop
  endfacet
  facet normal -0.7177619607696804 -0.2568193361053222 -0.6471951763374674
    outer loop
      vertex 11.722492604317976 10.522512419058032 1.9
      vertex 13.155048603526044 11.306863921526782 0
      vertex 13.267951246525493 10.991322172823988 0
    endloop
  endfacet
  facet normal -0.6123046536207069 -0.45411608084270794 -0.6471951763374673
    outer loop
      vertex 11.496645302144582 11.000026419435283 1.9
      vertex 12.639830698233746 12.16645306541885 0
      vertex 12.839468726013193 11.897272345761941 0
    endloop
  endfacet
  facet normal -0.6538673989755088 -0.39191303663251326 -0.6471951763374673
    outer loop
      vertex 11.58745827582704 10.848514126286796 1.9
      vertex 12.839468726013193 11.897272345761941 0
      vertex 13.011761117749632 11.609819856260781 0
    endloop
  endfacet
  facet normal -0.32593565563809407 -0.6891330438378939 -0.6471951763374673
    outer loop
      vertex 10.848514126286796 11.58745827582704 1.9
      vertex 11.306863921526782 13.155048603526044 0
      vertex 11.609819856260781 13.011761117749632 0
    endloop
  endfacet
  facet normal 0.6123046536207061 0.4541160808427087 -0.6471951763374675
    outer loop
      vertex 8.503354697855418 8.999973580564717 1.9
      vertex 8.608581183947074 8.858092088505439 1.9
      vertex 7.360169301766254 7.83354693458115 0
    endloop
  endfacet
  facet normal 0.5648450797317739 0.5119457389492765 -0.6471951763374671
    outer loop
      vertex 8.727207793864213 8.727207793864213 1.9
      vertex 7.5852303422479395 7.5852303422479395 0
      vertex 8.608581183947074 8.858092088505439 1.9
    endloop
  endfacet
  facet normal 0.6891330438378958 0.3259356556380896 -0.6471951763374673
    outer loop
      vertex 8.337016841479684 9.311169821742839 1.9
      vertex 8.41254172417296 9.151485873713204 1.9
      vertex 6.988238882250367 8.390180143739219 0
    endloop
  endfacet
  facet normal 0.7177619607696794 0.25681933610532437 -0.6471951763374676
    outer loop
      vertex 8.337016841479684 9.311169821742839 1.9
      vertex 6.844951396473956 8.693136078473218 0
      vertex 8.277507395682024 9.477487580941968 1.9
    endloop
  endfacet
  facet normal 0.7540733329370194 0.11185621251754338 -0.6471951763374673
    outer loop
      vertex 8.234586495274185 9.648837420370969 1.9
      vertex 6.650618267422968 9.333766550314921 0
      vertex 8.208667491990045 9.823569147406792 1.9
    endloop
  endfacet
  facet normal 0.761406089808785 0.037405482587595615 -0.6471951763374674
    outer loop
      vertex 8.208667491990045 9.823569147406792 1.9
      vertex 6.601444158414448 9.66527146577455 0
      vertex 8.2 10 1.9
    endloop
  endfacet
  facet normal 0.7394784376506532 0.18522970597413177 -0.6471951763374675
    outer loop
      vertex 8.234586495274185 9.648837420370969 1.9
      vertex 8.277507395682024 9.477487580941968 1.9
      vertex 6.732048753474506 9.008677827176014 0
    endloop
  endfacet
  facet normal 0.6538673989755075 0.3919130366325149 -0.6471951763374675
    outer loop
      vertex 8.503354697855418 8.999973580564717 1.9
      vertex 7.160531273986807 8.102727654238059 0
      vertex 8.41254172417296 9.151485873713204 1.9
    endloop
  endfacet
  facet normal 0.45411608084270877 0.6123046536207062 -0.6471951763374675
    outer loop
      vertex 8.858092088505439 8.608581183947074 1.9
      vertex 8.999973580564717 8.503354697855418 1.9
      vertex 8.102727654238059 7.160531273986807 0
    endloop
  endfacet
  facet normal 0.3919130366325149 0.6538673989755075 -0.6471951763374674
    outer loop
      vertex 8.999973580564717 8.503354697855418 1.9
      vertex 9.151485873713204 8.41254172417296 1.9
      vertex 8.390180143739219 6.988238882250367 0
    endloop
  endfacet
  facet normal 0.5119457389492763 0.5648450797317736 -0.6471951763374677
    outer loop
      vertex 8.727207793864213 8.727207793864213 1.9
      vertex 8.858092088505439 8.608581183947074 1.9
      vertex 7.83354693458115 7.360169301766254 0
    endloop
  endfacet
  facet normal 0.32593565563808957 0.6891330438378956 -0.6471951763374676
    outer loop
      vertex 9.151485873713204 8.41254172417296 1.9
      vertex 9.311169821742839 8.337016841479684 1.9
      vertex 8.693136078473218 6.844951396473956 0
    endloop
  endfacet
  facet normal 0.2568193361053244 0.7177619607696795 -0.6471951763374673
    outer loop
      vertex 9.311169821742839 8.337016841479684 1.9
      vertex 9.477487580941968 8.277507395682024 1.9
      vertex 9.008677827176012 6.732048753474507 0
    endloop
  endfacet
  facet normal 0.18522970597413185 0.7394784376506535 -0.6471951763374671
    outer loop
      vertex 9.477487580941968 8.277507395682024 1.9
      vertex 9.648837420370969 8.234586495274185 1.9
      vertex 9.333766550314921 6.650618267422968 0
    endloop
  endfacet
  facet normal 0.11185621251754334 0.7540733329370192 -0.6471951763374674
    outer loop
      vertex 9.648837420370969 8.234586495274185 1.9
      vertex 9.823569147406792 8.208667491990045 1.9
      vertex 9.66527146577455 6.601444158414448 0
    endloop
  endfacet
  facet normal 0.037405482587595615 0.7614060898087851 -0.6471951763374671
    outer loop
      vertex 9.823569147406792 8.208667491990045 1.9
      vertex 10 8.2 1.9
      vertex 10 6.585 0
    endloop
  endfacet
  facet normal -0.037405482587595615 0.761406089808785 -0.6471951763374674
    outer loop
      vertex 10 8.2 1.9
      vertex 10.176430852593208 8.208667491990045 1.9
      vertex 10.33472853422545 6.601444158414448 0
    endloop
  endfacet
  facet normal -0.11185621251754338 0.7540733329370194 -0.6471951763374673
    outer loop
      vertex 10.176430852593208 8.208667491990045 1.9
      vertex 10.351162579629031 8.234586495274185 1.9
      vertex 10.666233449685079 6.650618267422968 0
    endloop
  endfacet
  facet normal -0.18522970597413177 0.7394784376506532 -0.6471951763374674
    outer loop
      vertex 10.351162579629031 8.234586495274185 1.9
      vertex 10.522512419058032 8.277507395682024 1.9
      vertex 10.991322172823988 6.732048753474507 0
    endloop
  endfacet
  facet normal -0.25681933610532437 0.7177619607696794 -0.6471951763374676
    outer loop
      vertex 10.522512419058032 8.277507395682024 1.9
      vertex 10.688830178257161 8.337016841479684 1.9
      vertex 11.306863921526782 6.844951396473956 0
    endloop
  endfacet
  facet normal -0.3259356556380896 0.6891330438378959 -0.6471951763374673
    outer loop
      vertex 10.688830178257161 8.337016841479684 1.9
      vertex 10.848514126286796 8.41254172417296 1.9
      vertex 11.609819856260781 6.988238882250367 0
    endloop
  endfacet
  facet normal -0.3919130366325149 0.6538673989755075 -0.6471951763374675
    outer loop
      vertex 10.848514126286796 8.41254172417296 1.9
      vertex 11.000026419435283 8.503354697855418 1.9
      vertex 11.897272345761941 7.160531273986807 0
    endloop
  endfacet
  facet normal -0.4541160808427087 0.6123046536207061 -0.6471951763374675
    outer loop
      vertex 11.000026419435283 8.503354697855418 1.9
      vertex 11.141907911494561 8.608581183947074 1.9
      vertex 12.16645306541885 7.360169301766254 0
    endloop
  endfacet
  facet normal -0.5119457389492765 0.5648450797317739 -0.6471951763374671
    outer loop
      vertex 11.141907911494561 8.608581183947074 1.9
      vertex 11.272792206135787 8.727207793864213 1.9
      vertex 12.41476965775206 7.5852303422479395 0
    endloop
  endfacet
  facet normal -0.5648450797317736 0.5119457389492763 -0.6471951763374677
    outer loop
      vertex 11.272792206135787 8.727207793864213 1.9
      vertex 11.391418816052926 8.858092088505439 1.9
      vertex 12.639830698233746 7.83354693458115 0
    endloop
  endfacet
  facet normal -0.6123046536207062 0.45411608084270877 -0.6471951763374675
    outer loop
      vertex 11.391418816052926 8.858092088505439 1.9
      vertex 11.496645302144582 8.999973580564717 1.9
      vertex 12.839468726013193 8.102727654238059 0
    endloop
  endfacet
  facet normal -0.6538673989755076 0.391913036632515 -0.6471951763374671
    outer loop
      vertex 11.496645302144582 8.999973580564717 1.9
      vertex 11.58745827582704 9.151485873713204 1.9
      vertex 13.011761117749632 8.390180143739219 0
    endloop
  endfacet
  facet normal -0.6891330438378956 0.32593565563808957 -0.6471951763374676
    outer loop
      vertex 11.58745827582704 9.151485873713204 1.9
      vertex 11.662983158520316 9.311169821742839 1.9
      vertex 13.155048603526044 8.693136078473218 0
    endloop
  endfacet
  facet normal -0.7177619607696795 0.2568193361053244 -0.6471951763374673
    outer loop
      vertex 11.662983158520316 9.311169821742839 1.9
      vertex 11.722492604317976 9.477487580941968 1.9
      vertex 13.267951246525493 9.008677827176012 0
    endloop
  endfacet
  facet normal -0.7394784376506537 0.1852297059741319 -0.6471951763374669
    outer loop
      vertex 11.722492604317976 9.477487580941968 1.9
      vertex 11.765413504725815 9.648837420370969 1.9
      vertex 13.349381732577031 9.333766550314921 0
    endloop
  endfacet
  facet normal -0.7540733329370194 0.11185621251754338 -0.6471951763374671
    outer loop
      vertex 11.765413504725815 9.648837420370969 1.9
      vertex 11.791332508009955 9.823569147406792 1.9
      vertex 13.398555841585551 9.66527146577455 0
    endloop
  endfacet
  facet normal -0.7614060898087853 0.03740548258759563 -0.6471951763374669
    outer loop
      vertex 11.791332508009955 9.823569147406792 1.9
      vertex 11.8 10 1.9
      vertex 13.415 10 0
    endloop
  endfacet
  facet normal 0.7614060898087851 -0.037405482587595615 -0.6471951763374671
    outer loop
      vertex 8.2 10 1.9
      vertex 6.585 10 0
      vertex 8.208667491990045 10.176430852593208 1.9
    endloop
  endfacet
  facet normal 0.7540733329370192 -0.11185621251754334 -0.6471951763374674
    outer loop
      vertex 8.208667491990045 10.176430852593208 1.9
      vertex 6.601444158414448 10.33472853422545 0
      vertex 8.234586495274185 10.351162579629031 1.9
    endloop
  endfacet
  facet normal 0.7394784376506535 -0.18522970597413185 -0.6471951763374671
    outer loop
      vertex 8.234586495274185 10.351162579629031 1.9
      vertex 6.650618267422968 10.666233449685079 0
      vertex 8.277507395682024 10.522512419058032 1.9
    endloop
  endfacet
  facet normal 0.7177619607696795 -0.2568193361053244 -0.6471951763374673
    outer loop
      vertex 8.277507395682024 10.522512419058032 1.9
      vertex 6.732048753474507 10.991322172823988 0
      vertex 8.337016841479684 10.688830178257161 1.9
    endloop
  endfacet
  facet normal 0.6891330438378958 -0.3259356556380896 -0.6471951763374674
    outer loop
      vertex 8.337016841479684 10.688830178257161 1.9
      vertex 6.844951396473957 11.306863921526782 0
      vertex 8.41254172417296 10.848514126286796 1.9
    endloop
  endfacet
  facet normal 0.6538673989755075 -0.3919130366325149 -0.6471951763374674
    outer loop
      vertex 8.41254172417296 10.848514126286796 1.9
      vertex 6.988238882250367 11.609819856260781 0
      vertex 8.503354697855418 11.000026419435283 1.9
    endloop
  endfacet
  facet normal 0.612304653620706 -0.4541160808427086 -0.6471951763374676
    outer loop
      vertex 8.503354697855418 11.000026419435283 1.9
      vertex 7.160531273986807 11.897272345761943 0
      vertex 8.608581183947074 11.141907911494561 1.9
    endloop
  endfacet
  facet normal 0.5648450797317736 -0.5119457389492763 -0.6471951763374677
    outer loop
      vertex 8.608581183947074 11.141907911494561 1.9
      vertex 7.360169301766254 12.16645306541885 0
      vertex 8.727207793864213 11.272792206135787 1.9
    endloop
  endfacet
  facet normal 0.5119457389492765 -0.5648450797317739 -0.6471951763374669
    outer loop
      vertex 8.727207793864213 11.272792206135787 1.9
      vertex 7.5852303422479395 12.41476965775206 0
      vertex 8.858092088505439 11.391418816052926 1.9
    endloop
  endfacet
  facet normal 0.4541160808427087 -0.6123046536207061 -0.6471951763374675
    outer loop
      vertex 8.858092088505439 11.391418816052926 1.9
      vertex 7.83354693458115 12.639830698233746 0
      vertex 8.999973580564717 11.496645302144582 1.9
    endloop
  endfacet
  facet normal 0.3919130366325149 -0.6538673989755075 -0.6471951763374675
    outer loop
      vertex 8.999973580564717 11.496645302144582 1.9
      vertex 8.102727654238059 12.839468726013193 0
      vertex 9.151485873713204 11.58745827582704 1.9
    endloop
  endfacet
  facet normal 0.32593565563808974 -0.689133043837896 -0.6471951763374671
    outer loop
      vertex 9.151485873713204 11.58745827582704 1.9
      vertex 8.390180143739219 13.011761117749632 0
      vertex 9.311169821742839 11.662983158520316 1.9
    endloop
  endfacet
  facet normal 0.25681933610532437 -0.7177619607696794 -0.6471951763374676
    outer loop
      vertex 9.311169821742839 11.662983158520316 1.9
      vertex 8.693136078473218 13.155048603526044 0
      vertex 9.477487580941968 11.722492604317976 1.9
    endloop
  endfacet
  facet normal 0.18522970597413177 -0.7394784376506532 -0.6471951763374674
    outer loop
      vertex 9.477487580941968 11.722492604317976 1.9
      vertex 9.008677827176012 13.267951246525493 0
      vertex 9.648837420370969 11.765413504725815 1.9
    endloop
  endfacet
  facet normal 0.11185621251754341 -0.7540733329370196 -0.647195176337467
    outer loop
      vertex 9.648837420370969 11.765413504725815 1.9
      vertex 9.333766550314921 13.349381732577031 0
      vertex 9.823569147406792 11.791332508009955 1.9
    endloop
  endfacet
  facet normal 0.037405482587595615 -0.7614060898087851 -0.6471951763374671
    outer loop
      vertex 9.823569147406792 11.791332508009955 1.9
      vertex 9.66527146577455 13.398555841585551 0
      vertex 10 11.8 1.9
    endloop
  endfacet
  facet normal -0.03740548258759563 -0.7614060898087853 -0.6471951763374669
    outer loop
      vertex 10 11.8 1.9
      vertex 10 13.415 0
      vertex 10.176430852593208 11.791332508009955 1.9
    endloop
  endfacet
  facet normal -0.11185621251754338 -0.7540733329370194 -0.6471951763374671
    outer loop
      vertex 10.176430852593208 11.791332508009955 1.9
      vertex 10.33472853422545 13.398555841585551 0
      vertex 10.351162579629031 11.765413504725815 1.9
    endloop
  endfacet
  facet normal -0.1852297059741319 -0.7394784376506537 -0.6471951763374669
    outer loop
      vertex 10.351162579629031 11.765413504725815 1.9
      vertex 10.666233449685079 13.349381732577031 0
      vertex 10.522512419058032 11.722492604317976 1.9
    endloop
  endfacet
  facet normal -0.2568193361053244 -0.7177619607696795 -0.6471951763374673
    outer loop
      vertex 10.522512419058032 11.722492604317976 1.9
      vertex 10.991322172823988 13.267951246525493 0
      vertex 10.688830178257161 11.662983158520316 1.9
    endloop
  endfacet
  facet normal -0.32593565563808957 -0.6891330438378956 -0.6471951763374676
    outer loop
      vertex 10.688830178257161 11.662983158520316 1.9
      vertex 11.306863921526782 13.155048603526044 0
      vertex 10.848514126286796 11.58745827582704 1.9
    endloop
  endfacet
  facet normal -0.391913036632515 -0.6538673989755076 -0.6471951763374671
    outer loop
      vertex 11.000026419435283 11.496645302144582 1.9
      vertex 10.848514126286796 11.58745827582704 1.9
      vertex 11.609819856260781 13.011761117749632 0
    endloop
  endfacet
  facet normal -0.7177619607696794 -0.25681933610532437 -0.6471951763374676
    outer loop
      vertex 11.722492604317976 10.522512419058032 1.9
      vertex 11.662983158520316 10.688830178257161 1.9
      vertex 13.155048603526044 11.306863921526782 0
    endloop
  endfacet
  facet normal -0.6538673989755075 -0.3919130366325149 -0.6471951763374675
    outer loop
      vertex 11.496645302144582 11.000026419435283 1.9
      vertex 12.839468726013193 11.897272345761941 0
      vertex 11.58745827582704 10.848514126286796 1.9
    endloop
  endfacet
  facet normal -0.689133043837896 -0.32593565563808974 -0.6471951763374671
    outer loop
      vertex 11.58745827582704 10.848514126286796 1.9
      vertex 13.011761117749632 11.609819856260781 0
      vertex 11.662983158520316 10.688830178257161 1.9
    endloop
  endfacet
  facet normal -0.5119457389492763 -0.5648450797317736 -0.6471951763374677
    outer loop
      vertex 11.141907911494561 11.391418816052926 1.9
      vertex 12.16645306541885 12.639830698233746 0
      vertex 11.272792206135787 11.272792206135787 1.9
    endloop
  endfacet
  facet normal -0.5648450797317739 -0.5119457389492765 -0.6471951763374671
    outer loop
      vertex 11.272792206135787 11.272792206135787 1.9
      vertex 12.41476965775206 12.41476965775206 0
      vertex 11.391418816052926 11.141907911494561 1.9
    endloop
  endfacet
  facet normal -0.45411608084270877 -0.6123046536207062 -0.6471951763374675
    outer loop
      vertex 11.000026419435283 11.496645302144582 1.9
      vertex 11.897272345761941 12.839468726013193 0
      vertex 11.141907911494561 11.391418816052926 1.9
    endloop
  endfacet
  facet normal -0.6123046536207061 -0.4541160808427087 -0.6471951763374675
    outer loop
      vertex 11.391418816052926 11.141907911494561 1.9
      vertex 12.639830698233746 12.16645306541885 0
      vertex 11.496645302144582 11.000026419435283 1.9
    endloop
  endfacet
  facet normal -0.7614060898087852 -0.03740548258759562 -0.6471951763374671
    outer loop
      vertex 11.8 10 1.9
      vertex 11.791332508009955 10.176430852593208 1.9
      vertex 13.398555841585551 10.33472853422545 0
    endloop
  endfacet
  facet normal -0.7540733329370196 -0.11185621251754341 -0.647195176337467
    outer loop
      vertex 11.791332508009955 10.176430852593208 1.9
      vertex 11.765413504725815 10.351162579629031 1.9
      vertex 13.349381732577031 10.666233449685079 0
    endloop
  endfacet
  facet normal -0.7394784376506532 -0.18522970597413177 -0.6471951763374674
    outer loop
      vertex 11.722492604317976 10.522512419058032 1.9
      vertex 13.267951246525493 10.991322172823988 0
      vertex 11.765413504725815 10.351162579629031 1.9
    endloop
  endfacet
  facet normal 0.9700312531945475 0.2429801799032497 0
    outer loop
      vertex 108.23458649527419 9.648837420370969 1.9
      vertex 108.23458649527419 9.648837420370969 2.5
      vertex 108.27750739568202 9.477487580941968 1.9
    endloop
  endfacet
  facet normal 0.9891765099647771 0.14673047445538814 2.7488857137070463e-18
    outer loop
      vertex 108.23458649527419 9.648837420370969 1.9
      vertex 108.20866749199004 9.823569147406792 1.9
      vertex 108.20866749199004 9.823569147406792 2.5
    endloop
  endfacet
  facet normal 0.9987954562051742 0.04906767432738041 7.070532348750007e-19
    outer loop
      vertex 108.20866749199004 9.823569147406792 1.9
      vertex 108.2 10 1.9
      vertex 108.2 10 2.5
    endloop
  endfacet
  facet normal 0.903989293123422 0.42755509343032727 0
    outer loop
      vertex 108.33701684147968 9.311169821742839 1.9
      vertex 108.33701684147968 9.311169821742839 2.5
      vertex 108.41254172417297 9.151485873713204 1.9
    endloop
  endfacet
  facet normal 0.8577286100002985 0.5141027441931775 0
    outer loop
      vertex 108.41254172417297 9.151485873713204 1.9
      vertex 108.41254172417297 9.151485873713204 2.5
      vertex 108.50335469785541 8.999973580564717 1.9
    endloop
  endfacet
  facet normal 0.8032075314806529 0.5956993044924226 0
    outer loop
      vertex 108.50335469785541 8.999973580564717 1.9
      vertex 108.50335469785541 8.999973580564717 2.5
      vertex 108.60858118394707 8.858092088505439 1.9
    endloop
  endfacet
  facet normal 0.7409511253549563 0.6715589548470214 0
    outer loop
      vertex 108.60858118394707 8.858092088505439 1.9
      vertex 108.60858118394707 8.858092088505439 2.5
      vertex 108.72720779386421 8.727207793864213 1.9
    endloop
  endfacet
  facet normal 0.9415440651830232 0.33688985339221356 9.147049849335424e-19
    outer loop
      vertex 108.33701684147968 9.311169821742839 1.9
      vertex 108.27750739568202 9.477487580941968 1.9
      vertex 108.27750739568202 9.477487580941968 2.5
    endloop
  endfacet
  facet normal 0.6715589548469854 0.7409511253549891 0
    outer loop
      vertex 108.72720779386421 8.727207793864213 1.9
      vertex 108.72720779386421 8.727207793864213 2.5
      vertex 108.85809208850544 8.608581183947074 1.9
    endloop
  endfacet
  facet normal 0.5956993044924596 0.8032075314806254 0
    outer loop
      vertex 108.85809208850544 8.608581183947074 1.9
      vertex 108.85809208850544 8.608581183947074 2.5
      vertex 108.99997358056471 8.503354697855418 1.9
    endloop
  endfacet
  facet normal 0.42755509343027015 0.903989293123449 0
    outer loop
      vertex 109.1514858737132 8.41254172417296 1.9
      vertex 109.1514858737132 8.41254172417296 2.5
      vertex 109.31116982174284 8.337016841479684 1.9
    endloop
  endfacet
  facet normal 0.5141027441932263 0.8577286100002695 6.89599676838198e-19
    outer loop
      vertex 109.1514858737132 8.41254172417296 1.9
      vertex 108.99997358056471 8.503354697855418 1.9
      vertex 108.99997358056471 8.503354697855418 2.5
    endloop
  endfacet
  facet normal 0.3368898533922193 0.9415440651830211 0
    outer loop
      vertex 109.31116982174284 8.337016841479684 1.9
      vertex 109.31116982174284 8.337016841479684 2.5
      vertex 109.47748758094197 8.277507395682024 1.9
    endloop
  endfacet
  facet normal 0.24298017990327103 0.9700312531945422 0
    outer loop
      vertex 109.47748758094197 8.277507395682024 1.9
      vertex 109.47748758094197 8.277507395682024 2.5
      vertex 109.64883742037097 8.234586495274185 1.9
    endloop
  endfacet
  facet normal 0.14673047445536155 0.989176509964781 0
    outer loop
      vertex 109.64883742037097 8.234586495274185 1.9
      vertex 109.64883742037097 8.234586495274185 2.5
      vertex 109.82356914740679 8.208667491990045 1.9
    endloop
  endfacet
  facet normal 0.04906767432741907 0.9987954562051723 0
    outer loop
      vertex 109.82356914740679 8.208667491990045 1.9
      vertex 109.82356914740679 8.208667491990045 2.5
      vertex 110 8.2 1.9
    endloop
  endfacet
  facet normal -0.04906767432741907 0.9987954562051723 0
    outer loop
      vertex 110 8.2 1.9
      vertex 110 8.2 2.5
      vertex 110.17643085259321 8.208667491990045 1.9
    endloop
  endfacet
  facet normal -0.14673047445536155 0.989176509964781 0
    outer loop
      vertex 110.17643085259321 8.208667491990045 1.9
      vertex 110.17643085259321 8.208667491990045 2.5
      vertex 110.35116257962903 8.234586495274185 1.9
    endloop
  endfacet
  facet normal -0.24298017990327103 0.9700312531945422 0
    outer loop
      vertex 110.35116257962903 8.234586495274185 1.9
      vertex 110.35116257962903 8.234586495274185 2.5
      vertex 110.52251241905803 8.277507395682024 1.9
    endloop
  endfacet
  facet normal -0.3368898533922193 0.9415440651830211 0
    outer loop
      vertex 110.52251241905803 8.277507395682024 1.9
      vertex 110.52251241905803 8.277507395682024 2.5
      vertex 110.68883017825716 8.337016841479684 1.9
    endloop
  endfacet
  facet normal -0.42755509343027015 0.903989293123449 0
    outer loop
      vertex 110.68883017825716 8.337016841479684 1.9
      vertex 110.68883017825716 8.337016841479684 2.5
      vertex 110.8485141262868 8.41254172417296 1.9
    endloop
  endfacet
  facet normal -0.5141027441932263 0.8577286100002695 0
    outer loop
      vertex 110.8485141262868 8.41254172417296 1.9
      vertex 110.8485141262868 8.41254172417296 2.5
      vertex 111.00002641943529 8.503354697855418 1.9
    endloop
  endfacet
  facet normal -0.5956993044924596 0.8032075314806254 0
    outer loop
      vertex 111.00002641943529 8.503354697855418 1.9
      vertex 111.00002641943529 8.503354697855418 2.5
      vertex 111.14190791149456 8.608581183947074 1.9
    endloop
  endfacet
  facet normal -0.6715589548469854 0.7409511253549891 0
    outer loop
      vertex 111.14190791149456 8.608581183947074 1.9
      vertex 111.14190791149456 8.608581183947074 2.5
      vertex 111.27279220613579 8.727207793864213 1.9
    endloop
  endfacet
  facet normal -0.7409511253549563 0.6715589548470214 0
    outer loop
      vertex 111.27279220613579 8.727207793864213 1.9
      vertex 111.27279220613579 8.727207793864213 2.5
      vertex 111.39141881605293 8.858092088505439 1.9
    endloop
  endfacet
  facet normal -0.8032075314806529 0.5956993044924226 0
    outer loop
      vertex 111.39141881605293 8.858092088505439 1.9
      vertex 111.39141881605293 8.858092088505439 2.5
      vertex 111.49664530214459 8.999973580564717 1.9
    endloop
  endfacet
  facet normal -0.8577286100002985 0.5141027441931775 0
    outer loop
      vertex 111.49664530214459 8.999973580564717 1.9
      vertex 111.49664530214459 8.999973580564717 2.5
      vertex 111.58745827582703 9.151485873713204 1.9
    endloop
  endfacet
  facet normal -0.903989293123422 0.42755509343032727 0
    outer loop
      vertex 111.58745827582703 9.151485873713204 1.9
      vertex 111.58745827582703 9.151485873713204 2.5
      vertex 111.66298315852032 9.311169821742839 1.9
    endloop
  endfacet
  facet normal -0.9415440651830232 0.33688985339221356 0
    outer loop
      vertex 111.66298315852032 9.311169821742839 1.9
      vertex 111.66298315852032 9.311169821742839 2.5
      vertex 111.72249260431798 9.477487580941968 1.9
    endloop
  endfacet
  facet normal -0.9700312531945475 0.2429801799032497 0
    outer loop
      vertex 111.72249260431798 9.477487580941968 1.9
      vertex 111.72249260431798 9.477487580941968 2.5
      vertex 111.76541350472581 9.648837420370969 1.9
    endloop
  endfacet
  facet normal -0.9891765099647771 0.14673047445538814 0
    outer loop
      vertex 111.76541350472581 9.648837420370969 1.9
      vertex 111.76541350472581 9.648837420370969 2.5
      vertex 111.79133250800996 9.823569147406792 1.9
    endloop
  endfacet
  facet normal -0.9987954562051742 0.04906767432738041 0
    outer loop
      vertex 111.79133250800996 9.823569147406792 1.9
      vertex 111.79133250800996 9.823569147406792 2.5
      vertex 111.8 10 1.9
    endloop
  endfacet
  facet normal 0.9987954562051742 -0.04906767432738041 -7.070532348750007e-19
    outer loop
      vertex 108.2 10 1.9
      vertex 108.20866749199004 10.176430852593208 1.9
      vertex 108.20866749199004 10.176430852593208 2.5
    endloop
  endfacet
  facet normal 0.9891765099647771 -0.14673047445538814 -2.7488857137070463e-18
    outer loop
      vertex 108.20866749199004 10.176430852593208 1.9
      vertex 108.23458649527419 10.351162579629031 1.9
      vertex 108.23458649527419 10.351162579629031 2.5
    endloop
  endfacet
  facet normal 0.9700312531945475 -0.2429801799032497 1.5022579420170797e-18
    outer loop
      vertex 108.23458649527419 10.351162579629031 1.9
      vertex 108.27750739568202 10.522512419058032 1.9
      vertex 108.27750739568202 10.522512419058032 2.5
    endloop
  endfacet
  facet normal 0.9415440651830232 -0.33688985339221356 -9.147049849335424e-19
    outer loop
      vertex 108.27750739568202 10.522512419058032 1.9
      vertex 108.33701684147968 10.688830178257161 1.9
      vertex 108.33701684147968 10.688830178257161 2.5
    endloop
  endfacet
  facet normal 0.903989293123422 -0.42755509343032727 3.4218832453172296e-18
    outer loop
      vertex 108.33701684147968 10.688830178257161 1.9
      vertex 108.41254172417297 10.848514126286796 1.9
      vertex 108.41254172417297 10.848514126286796 2.5
    endloop
  endfacet
  facet normal 0.8577286100002985 -0.5141027441931775 9.627917594054894e-19
    outer loop
      vertex 108.41254172417297 10.848514126286796 1.9
      vertex 108.50335469785541 11.000026419435283 1.9
      vertex 108.50335469785541 11.000026419435283 2.5
    endloop
  endfacet
  facet normal 0.8032075314806529 -0.5956993044924226 5.215727488093549e-18
    outer loop
      vertex 108.50335469785541 11.000026419435283 1.9
      vertex 108.60858118394707 11.141907911494561 1.9
      vertex 108.60858118394707 11.141907911494561 2.5
    endloop
  endfacet
  facet normal 0.7409511253549563 -0.6715589548470214 2.0934159477458366e-18
    outer loop
      vertex 108.60858118394707 11.141907911494561 1.9
      vertex 108.72720779386421 11.272792206135787 1.9
      vertex 108.72720779386421 11.272792206135787 2.5
    endloop
  endfacet
  facet normal 0.6715589548469854 -0.7409511253549891 7.285291488851635e-18
    outer loop
      vertex 108.72720779386421 11.272792206135787 1.9
      vertex 108.85809208850544 11.391418816052926 1.9
      vertex 108.85809208850544 11.391418816052926 2.5
    endloop
  endfacet
  facet normal 0.5956993044924596 -0.8032075314806254 2.1662578732893714e-18
    outer loop
      vertex 108.85809208850544 11.391418816052926 1.9
      vertex 108.99997358056471 11.496645302144582 1.9
      vertex 108.99997358056471 11.496645302144582 2.5
    endloop
  endfacet
  facet normal 0.5141027441932263 -0.8577286100002695 -6.89599676838198e-19
    outer loop
      vertex 108.99997358056471 11.496645302144582 1.9
      vertex 109.1514858737132 11.58745827582704 1.9
      vertex 109.1514858737132 11.58745827582704 2.5
    endloop
  endfacet
  facet normal 0.42755509343027015 -0.903989293123449 -3.505098952944132e-18
    outer loop
      vertex 109.1514858737132 11.58745827582704 1.9
      vertex 109.31116982174284 11.662983158520316 1.9
      vertex 109.31116982174284 11.662983158520316 2.5
    endloop
  endfacet
  facet normal 0.3368898533922193 -0.9415440651830211 3.1290031854136786e-18
    outer loop
      vertex 109.31116982174284 11.662983158520316 1.9
      vertex 109.47748758094197 11.722492604317976 1.9
      vertex 109.47748758094197 11.722492604317976 2.5
    endloop
  endfacet
  facet normal 0.24298017990327103 -0.9700312531945422 1.0680152946923301e-18
    outer loop
      vertex 109.47748758094197 11.722492604317976 1.9
      vertex 109.64883742037097 11.765413504725815 1.9
      vertex 109.64883742037097 11.765413504725815 2.5
    endloop
  endfacet
  facet normal 0.14673047445536155 -0.989176509964781 -4.2444883901657045e-19
    outer loop
      vertex 109.64883742037097 11.765413504725815 1.9
      vertex 109.82356914740679 11.791332508009955 1.9
      vertex 109.82356914740679 11.791332508009955 2.5
    endloop
  endfacet
  facet normal 0.04906767432741907 -0.9987954562051723 -9.642269763641185e-20
    outer loop
      vertex 109.82356914740679 11.791332508009955 1.9
      vertex 110 11.8 1.9
      vertex 110 11.8 2.5
    endloop
  endfacet
  facet normal -0.04906767432741907 -0.9987954562051723 9.642269763641185e-20
    outer loop
      vertex 110 11.8 1.9
      vertex 110.17643085259321 11.791332508009955 1.9
      vertex 110.17643085259321 11.791332508009955 2.5
    endloop
  endfacet
  facet normal -0.14673047445536155 -0.989176509964781 4.2444883901657045e-19
    outer loop
      vertex 110.17643085259321 11.791332508009955 1.9
      vertex 110.35116257962903 11.765413504725815 1.9
      vertex 110.35116257962903 11.765413504725815 2.5
    endloop
  endfacet
  facet normal -0.24298017990327103 -0.9700312531945422 -1.0680152946923301e-18
    outer loop
      vertex 110.35116257962903 11.765413504725815 1.9
      vertex 110.52251241905803 11.722492604317976 1.9
      vertex 110.52251241905803 11.722492604317976 2.5
    endloop
  endfacet
  facet normal -0.8577286100002985 -0.5141027441931775 0
    outer loop
      vertex 111.58745827582703 10.848514126286796 1.9
      vertex 111.58745827582703 10.848514126286796 2.5
      vertex 111.49664530214459 11.000026419435283 1.9
    endloop
  endfacet
  facet normal -0.7409511253549563 -0.6715589548470214 0
    outer loop
      vertex 111.39141881605293 11.141907911494561 1.9
      vertex 111.39141881605293 11.141907911494561 2.5
      vertex 111.27279220613579 11.272792206135787 1.9
    endloop
  endfacet
  facet normal -0.8032075314806529 -0.5956993044924226 -5.215727488093549e-18
    outer loop
      vertex 111.39141881605293 11.141907911494561 1.9
      vertex 111.49664530214459 11.000026419435283 1.9
      vertex 111.49664530214459 11.000026419435283 2.5
    endloop
  endfacet
  facet normal -0.3368898533922193 -0.9415440651830211 -3.1290031854136786e-18
    outer loop
      vertex 110.52251241905803 11.722492604317976 1.9
      vertex 110.68883017825716 11.662983158520316 1.9
      vertex 110.68883017825716 11.662983158520316 2.5
    endloop
  endfacet
  facet normal -0.42755509343027015 -0.903989293123449 3.505098952944132e-18
    outer loop
      vertex 110.68883017825716 11.662983158520316 1.9
      vertex 110.8485141262868 11.58745827582704 1.9
      vertex 110.8485141262868 11.58745827582704 2.5
    endloop
  endfacet
  facet normal -0.5141027441932263 -0.8577286100002695 6.89599676838198e-19
    outer loop
      vertex 110.8485141262868 11.58745827582704 1.9
      vertex 111.00002641943529 11.496645302144582 1.9
      vertex 111.00002641943529 11.496645302144582 2.5
    endloop
  endfacet
  facet normal -0.5956993044924596 -0.8032075314806254 -2.1662578732893714e-18
    outer loop
      vertex 111.00002641943529 11.496645302144582 1.9
      vertex 111.14190791149456 11.391418816052926 1.9
      vertex 111.14190791149456 11.391418816052926 2.5
    endloop
  endfacet
  facet normal -0.6715589548469854 -0.7409511253549891 -7.285291488851635e-18
    outer loop
      vertex 111.14190791149456 11.391418816052926 1.9
      vertex 111.27279220613579 11.272792206135787 1.9
      vertex 111.27279220613579 11.272792206135787 2.5
    endloop
  endfacet
  facet normal -0.9891765099647771 -0.14673047445538814 0
    outer loop
      vertex 111.79133250800996 10.176430852593208 1.9
      vertex 111.79133250800996 10.176430852593208 2.5
      vertex 111.76541350472581 10.351162579629031 1.9
    endloop
  endfacet
  facet normal -0.9700312531945475 -0.2429801799032497 -1.5022579420170797e-18
    outer loop
      vertex 111.72249260431798 10.522512419058032 1.9
      vertex 111.76541350472581 10.351162579629031 1.9
      vertex 111.76541350472581 10.351162579629031 2.5
    endloop
  endfacet
  facet normal -0.9415440651830232 -0.33688985339221356 0
    outer loop
      vertex 111.72249260431798 10.522512419058032 1.9
      vertex 111.72249260431798 10.522512419058032 2.5
      vertex 111.66298315852032 10.688830178257161 1.9
    endloop
  endfacet
  facet normal -0.9987954562051742 -0.04906767432738041 0
    outer loop
      vertex 111.8 10 1.9
      vertex 111.8 10 2.5
      vertex 111.79133250800996 10.176430852593208 1.9
    endloop
  endfacet
  facet normal -0.903989293123422 -0.42755509343032727 -3.4218832453172296e-18
    outer loop
      vertex 111.58745827582703 10.848514126286796 1.9
      vertex 111.66298315852032 10.688830178257161 1.9
      vertex 111.66298315852032 10.688830178257161 2.5
    endloop
  endfacet
  facet normal 0.9700312531945475 0.2429801799032497 0
    outer loop
      vertex 108.27750739568202 9.477487580941968 1.9
      vertex 108.23458649527419 9.648837420370969 2.5
      vertex 108.27750739568202 9.477487580941968 2.5
    endloop
  endfacet
  facet normal 0.9891765099647771 0.14673047445538814 0
    outer loop
      vertex 108.23458649527419 9.648837420370969 1.9
      vertex 108.20866749199004 9.823569147406792 2.5
      vertex 108.23458649527419 9.648837420370969 2.5
    endloop
  endfacet
  facet normal 0.9987954562051742 0.04906767432738041 0
    outer loop
      vertex 108.20866749199004 9.823569147406792 1.9
      vertex 108.2 10 2.5
      vertex 108.20866749199004 9.823569147406792 2.5
    endloop
  endfacet
  facet normal 0.8577286100002985 0.5141027441931775 0
    outer loop
      vertex 108.50335469785541 8.999973580564717 1.9
      vertex 108.41254172417297 9.151485873713204 2.5
      vertex 108.50335469785541 8.999973580564717 2.5
    endloop
  endfacet
  facet normal 0.903989293123422 0.42755509343032727 0
    outer loop
      vertex 108.41254172417297 9.151485873713204 1.9
      vertex 108.33701684147968 9.311169821742839 2.5
      vertex 108.41254172417297 9.151485873713204 2.5
    endloop
  endfacet
  facet normal 0.9415440651830232 0.33688985339221356 0
    outer loop
      vertex 108.33701684147968 9.311169821742839 1.9
      vertex 108.27750739568202 9.477487580941968 2.5
      vertex 108.33701684147968 9.311169821742839 2.5
    endloop
  endfacet
  facet normal 0.8032075314806529 0.5956993044924226 0
    outer loop
      vertex 108.60858118394707 8.858092088505439 1.9
      vertex 108.50335469785541 8.999973580564717 2.5
      vertex 108.60858118394707 8.858092088505439 2.5
    endloop
  endfacet
  facet normal 0.7409511253549563 0.6715589548470214 0
    outer loop
      vertex 108.72720779386421 8.727207793864213 1.9
      vertex 108.60858118394707 8.858092088505439 2.5
      vertex 108.72720779386421 8.727207793864213 2.5
    endloop
  endfacet
  facet normal 0.6715589548469854 0.7409511253549891 0
    outer loop
      vertex 108.85809208850544 8.608581183947074 1.9
      vertex 108.72720779386421 8.727207793864213 2.5
      vertex 108.85809208850544 8.608581183947074 2.5
    endloop
  endfacet
  facet normal 0.5956993044924596 0.8032075314806254 0
    outer loop
      vertex 108.99997358056471 8.503354697855418 1.9
      vertex 108.85809208850544 8.608581183947074 2.5
      vertex 108.99997358056471 8.503354697855418 2.5
    endloop
  endfacet
  facet normal 0.5141027441932263 0.8577286100002695 0
    outer loop
      vertex 109.1514858737132 8.41254172417296 1.9
      vertex 108.99997358056471 8.503354697855418 2.5
      vertex 109.1514858737132 8.41254172417296 2.5
    endloop
  endfacet
  facet normal 0.42755509343027015 0.903989293123449 0
    outer loop
      vertex 109.31116982174284 8.337016841479684 1.9
      vertex 109.1514858737132 8.41254172417296 2.5
      vertex 109.31116982174284 8.337016841479684 2.5
    endloop
  endfacet
  facet normal 0.3368898533922193 0.9415440651830211 0
    outer loop
      vertex 109.47748758094197 8.277507395682024 1.9
      vertex 109.31116982174284 8.337016841479684 2.5
      vertex 109.47748758094197 8.277507395682024 2.5
    endloop
  endfacet
  facet normal 0.24298017990327103 0.9700312531945422 0
    outer loop
      vertex 109.64883742037097 8.234586495274185 1.9
      vertex 109.47748758094197 8.277507395682024 2.5
      vertex 109.64883742037097 8.234586495274185 2.5
    endloop
  endfacet
  facet normal 0.14673047445536155 0.989176509964781 0
    outer loop
      vertex 109.82356914740679 8.208667491990045 1.9
      vertex 109.64883742037097 8.234586495274185 2.5
      vertex 109.82356914740679 8.208667491990045 2.5
    endloop
  endfacet
  facet normal 0.04906767432741907 0.9987954562051723 0
    outer loop
      vertex 110 8.2 1.9
      vertex 109.82356914740679 8.208667491990045 2.5
      vertex 110 8.2 2.5
    endloop
  endfacet
  facet normal -0.04906767432741907 0.9987954562051723 0
    outer loop
      vertex 110.17643085259321 8.208667491990045 1.9
      vertex 110 8.2 2.5
      vertex 110.17643085259321 8.208667491990045 2.5
    endloop
  endfacet
  facet normal -0.14673047445536155 0.989176509964781 0
    outer loop
      vertex 110.35116257962903 8.234586495274185 1.9
      vertex 110.17643085259321 8.208667491990045 2.5
      vertex 110.35116257962903 8.234586495274185 2.5
    endloop
  endfacet
  facet normal -0.24298017990327103 0.9700312531945422 0
    outer loop
      vertex 110.52251241905803 8.277507395682024 1.9
      vertex 110.35116257962903 8.234586495274185 2.5
      vertex 110.52251241905803 8.277507395682024 2.5
    endloop
  endfacet
  facet normal -0.3368898533922193 0.9415440651830211 0
    outer loop
      vertex 110.68883017825716 8.337016841479684 1.9
      vertex 110.52251241905803 8.277507395682024 2.5
      vertex 110.68883017825716 8.337016841479684 2.5
    endloop
  endfacet
  facet normal -0.42755509343027015 0.903989293123449 0
    outer loop
      vertex 110.8485141262868 8.41254172417296 1.9
      vertex 110.68883017825716 8.337016841479684 2.5
      vertex 110.8485141262868 8.41254172417296 2.5
    endloop
  endfacet
  facet normal -0.5141027441932263 0.8577286100002695 0
    outer loop
      vertex 111.00002641943529 8.503354697855418 1.9
      vertex 110.8485141262868 8.41254172417296 2.5
      vertex 111.00002641943529 8.503354697855418 2.5
    endloop
  endfacet
  facet normal -0.5956993044924596 0.8032075314806254 0
    outer loop
      vertex 111.14190791149456 8.608581183947074 1.9
      vertex 111.00002641943529 8.503354697855418 2.5
      vertex 111.14190791149456 8.608581183947074 2.5
    endloop
  endfacet
  facet normal -0.6715589548469854 0.7409511253549891 0
    outer loop
      vertex 111.27279220613579 8.727207793864213 1.9
      vertex 111.14190791149456 8.608581183947074 2.5
      vertex 111.27279220613579 8.727207793864213 2.5
    endloop
  endfacet
  facet normal -0.7409511253549563 0.6715589548470214 0
    outer loop
      vertex 111.39141881605293 8.858092088505439 1.9
      vertex 111.27279220613579 8.727207793864213 2.5
      vertex 111.39141881605293 8.858092088505439 2.5
    endloop
  endfacet
  facet normal -0.8032075314806529 0.5956993044924226 0
    outer loop
      vertex 111.49664530214459 8.999973580564717 1.9
      vertex 111.39141881605293 8.858092088505439 2.5
      vertex 111.49664530214459 8.999973580564717 2.5
    endloop
  endfacet
  facet normal -0.8577286100002985 0.5141027441931775 0
    outer loop
      vertex 111.58745827582703 9.151485873713204 1.9
      vertex 111.49664530214459 8.999973580564717 2.5
      vertex 111.58745827582703 9.151485873713204 2.5
    endloop
  endfacet
  facet normal -0.903989293123422 0.42755509343032727 0
    outer loop
      vertex 111.66298315852032 9.311169821742839 1.9
      vertex 111.58745827582703 9.151485873713204 2.5
      vertex 111.66298315852032 9.311169821742839 2.5
    endloop
  endfacet
  facet normal -0.9415440651830232 0.33688985339221356 0
    outer loop
      vertex 111.72249260431798 9.477487580941968 1.9
      vertex 111.66298315852032 9.311169821742839 2.5
      vertex 111.72249260431798 9.477487580941968 2.5
    endloop
  endfacet
  facet normal -0.9700312531945475 0.2429801799032497 0
    outer loop
      vertex 111.76541350472581 9.648837420370969 1.9
      vertex 111.72249260431798 9.477487580941968 2.5
      vertex 111.76541350472581 9.648837420370969 2.5
    endloop
  endfacet
  facet normal -0.9891765099647771 0.14673047445538814 0
    outer loop
      vertex 111.79133250800996 9.823569147406792 1.9
      vertex 111.76541350472581 9.648837420370969 2.5
      vertex 111.79133250800996 9.823569147406792 2.5
    endloop
  endfacet
  facet normal -0.9987954562051742 0.04906767432738041 0
    outer loop
      vertex 111.8 10 1.9
      vertex 111.79133250800996 9.823569147406792 2.5
      vertex 111.8 10 2.5
    endloop
  endfacet
  facet normal 0.9987954562051742 -0.04906767432738041 0
    outer loop
      vertex 108.2 10 1.9
      vertex 108.20866749199004 10.176430852593208 2.5
      vertex 108.2 10 2.5
    endloop
  endfacet
  facet normal 0.9891765099647771 -0.14673047445538814 0
    outer loop
      vertex 108.20866749199004 10.176430852593208 1.9
      vertex 108.23458649527419 10.351162579629031 2.5
      vertex 108.20866749199004 10.176430852593208 2.5
    endloop
  endfacet
  facet normal 0.9700312531945475 -0.2429801799032497 0
    outer loop
      vertex 108.23458649527419 10.351162579629031 1.9
      vertex 108.27750739568202 10.522512419058032 2.5
      vertex 108.23458649527419 10.351162579629031 2.5
    endloop
  endfacet
  facet normal 0.9415440651830232 -0.33688985339221356 0
    outer loop
      vertex 108.27750739568202 10.522512419058032 1.9
      vertex 108.33701684147968 10.688830178257161 2.5
      vertex 108.27750739568202 10.522512419058032 2.5
    endloop
  endfacet
  facet normal 0.903989293123422 -0.42755509343032727 0
    outer loop
      vertex 108.33701684147968 10.688830178257161 1.9
      vertex 108.41254172417297 10.848514126286796 2.5
      vertex 108.33701684147968 10.688830178257161 2.5
    endloop
  endfacet
  facet normal 0.8577286100002985 -0.5141027441931775 0
    outer loop
      vertex 108.41254172417297 10.848514126286796 1.9
      vertex 108.50335469785541 11.000026419435283 2.5
      vertex 108.41254172417297 10.848514126286796 2.5
    endloop
  endfacet
  facet normal 0.8032075314806529 -0.5956993044924226 0
    outer loop
      vertex 108.50335469785541 11.000026419435283 1.9
      vertex 108.60858118394707 11.141907911494561 2.5
      vertex 108.50335469785541 11.000026419435283 2.5
    endloop
  endfacet
  facet normal 0.7409511253549563 -0.6715589548470214 0
    outer loop
      vertex 108.60858118394707 11.141907911494561 1.9
      vertex 108.72720779386421 11.272792206135787 2.5
      vertex 108.60858118394707 11.141907911494561 2.5
    endloop
  endfacet
  facet normal 0.6715589548469854 -0.7409511253549891 0
    outer loop
      vertex 108.72720779386421 11.272792206135787 1.9
      vertex 108.85809208850544 11.391418816052926 2.5
      vertex 108.72720779386421 11.272792206135787 2.5
    endloop
  endfacet
  facet normal 0.5956993044924596 -0.8032075314806254 0
    outer loop
      vertex 108.85809208850544 11.391418816052926 1.9
      vertex 108.99997358056471 11.496645302144582 2.5
      vertex 108.85809208850544 11.391418816052926 2.5
    endloop
  endfacet
  facet normal 0.5141027441932263 -0.8577286100002695 0
    outer loop
      vertex 108.99997358056471 11.496645302144582 1.9
      vertex 109.1514858737132 11.58745827582704 2.5
      vertex 108.99997358056471 11.496645302144582 2.5
    endloop
  endfacet
  facet normal 0.42755509343027015 -0.903989293123449 0
    outer loop
      vertex 109.1514858737132 11.58745827582704 1.9
      vertex 109.31116982174284 11.662983158520316 2.5
      vertex 109.1514858737132 11.58745827582704 2.5
    endloop
  endfacet
  facet normal 0.3368898533922193 -0.9415440651830211 0
    outer loop
      vertex 109.31116982174284 11.662983158520316 1.9
      vertex 109.47748758094197 11.722492604317976 2.5
      vertex 109.31116982174284 11.662983158520316 2.5
    endloop
  endfacet
  facet normal 0.24298017990327103 -0.9700312531945422 0
    outer loop
      vertex 109.47748758094197 11.722492604317976 1.9
      vertex 109.64883742037097 11.765413504725815 2.5
      vertex 109.47748758094197 11.722492604317976 2.5
    endloop
  endfacet
  facet normal 0.14673047445536155 -0.989176509964781 0
    outer loop
      vertex 109.64883742037097 11.765413504725815 1.9
      vertex 109.82356914740679 11.791332508009955 2.5
      vertex 109.64883742037097 11.765413504725815 2.5
    endloop
  endfacet
  facet normal 0.04906767432741907 -0.9987954562051723 0
    outer loop
      vertex 109.82356914740679 11.791332508009955 1.9
      vertex 110 11.8 2.5
      vertex 109.82356914740679 11.791332508009955 2.5
    endloop
  endfacet
  facet normal -0.04906767432741907 -0.9987954562051723 0
    outer loop
      vertex 110 11.8 1.9
      vertex 110.17643085259321 11.791332508009955 2.5
      vertex 110 11.8 2.5
    endloop
  endfacet
  facet normal -0.14673047445536155 -0.989176509964781 0
    outer loop
      vertex 110.17643085259321 11.791332508009955 1.9
      vertex 110.35116257962903 11.765413504725815 2.5
      vertex 110.17643085259321 11.791332508009955 2.5
    endloop
  endfacet
  facet normal -0.24298017990327103 -0.9700312531945422 0
    outer loop
      vertex 110.35116257962903 11.765413504725815 1.9
      vertex 110.52251241905803 11.722492604317976 2.5
      vertex 110.35116257962903 11.765413504725815 2.5
    endloop
  endfacet
  facet normal -0.3368898533922193 -0.9415440651830211 0
    outer loop
      vertex 110.52251241905803 11.722492604317976 1.9
      vertex 110.68883017825716 11.662983158520316 2.5
      vertex 110.52251241905803 11.722492604317976 2.5
    endloop
  endfacet
  facet normal -0.7409511253549563 -0.6715589548470214 0
    outer loop
      vertex 111.27279220613579 11.272792206135787 1.9
      vertex 111.39141881605293 11.141907911494561 2.5
      vertex 111.27279220613579 11.272792206135787 2.5
    endloop
  endfacet
  facet normal -0.8032075314806529 -0.5956993044924226 0
    outer loop
      vertex 111.39141881605293 11.141907911494561 1.9
      vertex 111.49664530214459 11.000026419435283 2.5
      vertex 111.39141881605293 11.141907911494561 2.5
    endloop
  endfacet
  facet normal -0.8577286100002985 -0.5141027441931775 0
    outer loop
      vertex 111.49664530214459 11.000026419435283 1.9
      vertex 111.58745827582703 10.848514126286796 2.5
      vertex 111.49664530214459 11.000026419435283 2.5
    endloop
  endfacet
  facet normal -0.42755509343027015 -0.903989293123449 0
    outer loop
      vertex 110.68883017825716 11.662983158520316 1.9
      vertex 110.8485141262868 11.58745827582704 2.5
      vertex 110.68883017825716 11.662983158520316 2.5
    endloop
  endfacet
  facet normal -0.5141027441932263 -0.8577286100002695 0
    outer loop
      vertex 110.8485141262868 11.58745827582704 1.9
      vertex 111.00002641943529 11.496645302144582 2.5
      vertex 110.8485141262868 11.58745827582704 2.5
    endloop
  endfacet
  facet normal -0.5956993044924596 -0.8032075314806254 0
    outer loop
      vertex 111.00002641943529 11.496645302144582 1.9
      vertex 111.14190791149456 11.391418816052926 2.5
      vertex 111.00002641943529 11.496645302144582 2.5
    endloop
  endfacet
  facet normal -0.6715589548469854 -0.7409511253549891 0
    outer loop
      vertex 111.14190791149456 11.391418816052926 1.9
      vertex 111.27279220613579 11.272792206135787 2.5
      vertex 111.14190791149456 11.391418816052926 2.5
    endloop
  endfacet
  facet normal -0.9987954562051742 -0.04906767432738041 0
    outer loop
      vertex 111.79133250800996 10.176430852593208 1.9
      vertex 111.8 10 2.5
      vertex 111.79133250800996 10.176430852593208 2.5
    endloop
  endfacet
  facet normal -0.9891765099647771 -0.14673047445538814 0
    outer loop
      vertex 111.76541350472581 10.351162579629031 1.9
      vertex 111.79133250800996 10.176430852593208 2.5
      vertex 111.76541350472581 10.351162579629031 2.5
    endloop
  endfacet
  facet normal -0.9700312531945475 -0.2429801799032497 0
    outer loop
      vertex 111.72249260431798 10.522512419058032 1.9
      vertex 111.76541350472581 10.351162579629031 2.5
      vertex 111.72249260431798 10.522512419058032 2.5
    endloop
  endfacet
  facet normal -0.903989293123422 -0.42755509343032727 0
    outer loop
      vertex 111.58745827582703 10.848514126286796 1.9
      vertex 111.66298315852032 10.688830178257161 2.5
      vertex 111.58745827582703 10.848514126286796 2.5
    endloop
  endfacet
  facet normal -0.9415440651830232 -0.33688985339221356 0
    outer loop
      vertex 111.66298315852032 10.688830178257161 1.9
      vertex 111.72249260431798 10.522512419058032 2.5
      vertex 111.66298315852032 10.688830178257161 2.5
    endloop
  endfacet
  facet normal 0.3259356556380908 0.6891330438378954 -0.6471951763374671
    outer loop
      vertex 109.1514858737132 8.41254172417296 1.9
      vertex 108.69313607847322 6.844951396473956 0
      vertex 108.39018014373922 6.988238882250367 0
    endloop
  endfacet
  facet normal 0.6538673989754998 0.39191303663252763 -0.6471951763374675
    outer loop
      vertex 108.41254172417297 9.151485873713204 1.9
      vertex 107.16053127398682 8.102727654238059 0
      vertex 106.98823888225037 8.390180143739219 0
    endloop
  endfacet
  facet normal 0.6123046536207278 0.45411608084268285 -0.6471951763374653
    outer loop
      vertex 108.50335469785541 8.999973580564717 1.9
      vertex 107.36016930176625 7.83354693458115 0
      vertex 107.16053127398682 8.102727654238059 0
    endloop
  endfacet
  facet normal 0.7177619607696736 0.2568193361053401 -0.6471951763374678
    outer loop
      vertex 108.27750739568202 9.477487580941968 1.9
      vertex 106.84495139647396 8.693136078473218 0
      vertex 106.7320487534745 9.008677827176012 0
    endloop
  endfacet
  facet normal 0.7394784376506583 0.18522970597411187 -0.6471951763374674
    outer loop
      vertex 108.23458649527419 9.648837420370969 1.9
      vertex 106.7320487534745 9.008677827176012 0
      vertex 106.65061826742297 9.333766550314921 0
    endloop
  endfacet
  facet normal 0.7540733329370211 0.11185621251754173 -0.6471951763374656
    outer loop
      vertex 108.20866749199004 9.823569147406792 1.9
      vertex 106.65061826742297 9.333766550314921 0
      vertex 106.60144415841445 9.66527146577455 0
    endloop
  endfacet
  facet normal 0.7614060898087827 0.03740548258761782 -0.6471951763374689
    outer loop
      vertex 108.2 10 1.9
      vertex 106.60144415841445 9.66527146577455 0
      vertex 106.585 10 0
    endloop
  endfacet
  facet normal 0.6891330438378949 0.32593565563809435 -0.6471951763374659
    outer loop
      vertex 108.33701684147968 9.311169821742839 1.9
      vertex 106.98823888225037 8.390180143739219 0
      vertex 106.84495139647396 8.693136078473218 0
    endloop
  endfacet
  facet normal 0.5648450797317643 0.5119457389492875 -0.6471951763374669
    outer loop
      vertex 108.60858118394707 8.858092088505439 1.9
      vertex 107.58523034224794 7.5852303422479395 0
      vertex 107.36016930176625 7.83354693458115 0
    endloop
  endfacet
  facet normal 0.45411608084269967 0.6123046536207122 -0.6471951763374681
    outer loop
      vertex 108.85809208850544 8.608581183947074 1.9
      vertex 108.10272765423807 7.160531273986807 0
      vertex 107.83354693458115 7.360169301766254 0
    endloop
  endfacet
  facet normal 0.5119457389492807 0.5648450797317706 -0.6471951763374667
    outer loop
      vertex 108.72720779386421 8.727207793864213 1.9
      vertex 107.83354693458115 7.360169301766254 0
      vertex 107.58523034224794 7.5852303422479395 0
    endloop
  endfacet
  facet normal 0.39191303663252586 0.653867398975502 -0.6471951763374664
    outer loop
      vertex 108.99997358056471 8.503354697855418 1.9
      vertex 108.39018014373922 6.988238882250367 0
      vertex 108.10272765423807 7.160531273986807 0
    endloop
  endfacet
  facet normal 0.2568193361053288 0.7177619607696777 -0.6471951763374676
    outer loop
      vertex 109.31116982174284 8.337016841479684 1.9
      vertex 109.008677827176 6.732048753474507 0
      vertex 108.69313607847322 6.844951396473956 0
    endloop
  endfacet
  facet normal 0.1852297059741241 0.7394784376506549 -0.6471951763374679
    outer loop
      vertex 109.47748758094197 8.277507395682024 1.9
      vertex 109.33376655031492 6.650618267422968 0
      vertex 109.008677827176 6.732048753474507 0
    endloop
  endfacet
  facet normal 0.1118562125175445 0.7540733329370192 -0.6471951763374673
    outer loop
      vertex 109.64883742037097 8.234586495274185 1.9
      vertex 109.66527146577455 6.601444158414448 0
      vertex 109.33376655031492 6.650618267422968 0
    endloop
  endfacet
  facet normal 0.03740548258759411 0.7614060898087852 -0.6471951763374671
    outer loop
      vertex 109.82356914740679 8.208667491990045 1.9
      vertex 110 6.585 0
      vertex 109.66527146577455 6.601444158414448 0
    endloop
  endfacet
  facet normal -0.03740548258759381 0.7614060898087852 -0.6471951763374671
    outer loop
      vertex 110 8.2 1.9
      vertex 110.33472853422545 6.601444158414448 0
      vertex 110 6.585 0
    endloop
  endfacet
  facet normal -0.11185621251754412 0.7540733329370193 -0.6471951763374671
    outer loop
      vertex 110.17643085259321 8.208667491990045 1.9
      vertex 110.66623344968508 6.650618267422968 0
      vertex 110.33472853422545 6.601444158414448 0
    endloop
  endfacet
  facet normal -0.1852297059741238 0.7394784376506552 -0.6471951763374674
    outer loop
      vertex 110.35116257962903 8.234586495274185 1.9
      vertex 110.991322172824 6.732048753474507 0
      vertex 110.66623344968508 6.650618267422968 0
    endloop
  endfacet
  facet normal -0.2568193361053285 0.7177619607696775 -0.647195176337468
    outer loop
      vertex 110.52251241905803 8.277507395682024 1.9
      vertex 111.30686392152678 6.844951396473956 0
      vertex 110.991322172824 6.732048753474507 0
    endloop
  endfacet
  facet normal -0.32593565563809046 0.6891330438378951 -0.6471951763374676
    outer loop
      vertex 110.68883017825716 8.337016841479684 1.9
      vertex 111.60981985626078 6.988238882250367 0
      vertex 111.30686392152678 6.844951396473956 0
    endloop
  endfacet
  facet normal -0.3919130366325254 0.6538673989755017 -0.6471951763374669
    outer loop
      vertex 110.8485141262868 8.41254172417296 1.9
      vertex 111.89727234576193 7.160531273986807 0
      vertex 111.60981985626078 6.988238882250367 0
    endloop
  endfacet
  facet normal -0.4541160808427006 0.6123046536207134 -0.6471951763374663
    outer loop
      vertex 111.00002641943529 8.503354697855418 1.9
      vertex 112.16645306541885 7.360169301766254 0
      vertex 111.89727234576193 7.160531273986807 0
    endloop
  endfacet
  facet normal -0.5119457389492801 0.5648450797317693 -0.6471951763374683
    outer loop
      vertex 111.14190791149456 8.608581183947074 1.9
      vertex 112.41476965775206 7.5852303422479395 0
      vertex 112.16645306541885 7.360169301766254 0
    endloop
  endfacet
  facet normal -0.5648450797317643 0.5119457389492876 -0.6471951763374667
    outer loop
      vertex 111.27279220613579 8.727207793864213 1.9
      vertex 112.63983069823375 7.83354693458115 0
      vertex 112.41476965775206 7.5852303422479395 0
    endloop
  endfacet
  facet normal -0.6123046536207268 0.45411608084268223 -0.6471951763374664
    outer loop
      vertex 111.39141881605293 8.858092088505439 1.9
      vertex 112.83946872601318 8.102727654238059 0
      vertex 112.63983069823375 7.83354693458115 0
    endloop
  endfacet
  facet normal -0.6538673989755017 0.39191303663252924 -0.6471951763374647
    outer loop
      vertex 111.49664530214459 8.999973580564717 1.9
      vertex 113.01176111774963 8.390180143739219 0
      vertex 112.83946872601318 8.102727654238059 0
    endloop
  endfacet
  facet normal 0.761406089808785 -0.037405482587617854 -0.647195176337466
    outer loop
      vertex 108.20866749199004 10.176430852593208 1.9
      vertex 106.585 10 0
      vertex 106.60144415841445 10.33472853422545 0
    endloop
  endfacet
  facet normal 0.75407333293702 -0.11185621251754169 -0.6471951763374669
    outer loop
      vertex 108.23458649527419 10.351162579629031 1.9
      vertex 106.60144415841445 10.33472853422545 0
      vertex 106.65061826742297 10.666233449685079 0
    endloop
  endfacet
  facet normal 0.739478437650658 -0.18522970597411167 -0.6471951763374678
    outer loop
      vertex 108.27750739568202 10.522512419058032 1.9
      vertex 106.65061826742297 10.666233449685079 0
      vertex 106.7320487534745 10.991322172823988 0
    endloop
  endfacet
  facet normal 0.7177619607696746 -0.2568193361053404 -0.6471951763374665
    outer loop
      vertex 108.33701684147968 10.688830178257161 1.9
      vertex 106.7320487534745 10.991322172823988 0
      vertex 106.84495139647396 11.306863921526782 0
    endloop
  endfacet
  facet normal 0.6891330438378932 -0.3259356556380935 -0.647195176337468
    outer loop
      vertex 108.41254172417297 10.848514126286796 1.9
      vertex 106.84495139647396 11.306863921526782 0
      vertex 106.98823888225037 11.609819856260781 0
    endloop
  endfacet
  facet normal 0.6538673989755017 -0.39191303663252924 -0.6471951763374647
    outer loop
      vertex 108.50335469785541 11.000026419435283 1.9
      vertex 106.98823888225037 11.609819856260781 0
      vertex 107.16053127398682 11.897272345761941 0
    endloop
  endfacet
  facet normal 0.6123046536207268 -0.45411608084268223 -0.6471951763374664
    outer loop
      vertex 108.60858118394707 11.141907911494561 1.9
      vertex 107.16053127398682 11.897272345761941 0
      vertex 107.36016930176625 12.16645306541885 0
    endloop
  endfacet
  facet normal 0.5648450797317643 -0.5119457389492876 -0.6471951763374667
    outer loop
      vertex 108.72720779386421 11.272792206135787 1.9
      vertex 107.36016930176625 12.16645306541885 0
      vertex 107.58523034224794 12.41476965775206 0
    endloop
  endfacet
  facet normal 0.5119457389492801 -0.5648450797317693 -0.6471951763374683
    outer loop
      vertex 108.85809208850544 11.391418816052926 1.9
      vertex 107.58523034224794 12.41476965775206 0
      vertex 107.83354693458115 12.639830698233746 0
    endloop
  endfacet
  facet normal 0.4541160808427006 -0.6123046536207134 -0.6471951763374663
    outer loop
      vertex 108.99997358056471 11.496645302144582 1.9
      vertex 107.83354693458115 12.639830698233746 0
      vertex 108.10272765423807 12.839468726013193 0
    endloop
  endfacet
  facet normal 0.3919130366325239 -0.6538673989755027 -0.6471951763374668
    outer loop
      vertex 109.1514858737132 11.58745827582704 1.9
      vertex 108.10272765423807 12.839468726013193 0
      vertex 108.39018014373922 13.011761117749632 0
    endloop
  endfacet
  facet normal 0.3259356556380921 -0.6891330438378943 -0.6471951763374676
    outer loop
      vertex 109.31116982174284 11.662983158520316 1.9
      vertex 108.39018014373922 13.011761117749632 0
      vertex 108.69313607847322 13.155048603526044 0
    endloop
  endfacet
  facet normal 0.2568193361053285 -0.7177619607696775 -0.647195176337468
    outer loop
      vertex 109.47748758094197 11.722492604317976 1.9
      vertex 108.69313607847322 13.155048603526044 0
      vertex 109.008677827176 13.267951246525493 0
    endloop
  endfacet
  facet normal 0.18522970597412236 -0.7394784376506558 -0.6471951763374671
    outer loop
      vertex 109.64883742037097 11.765413504725815 1.9
      vertex 109.008677827176 13.267951246525493 0
      vertex 109.33376655031492 13.349381732577031 0
    endloop
  endfacet
  facet normal 0.11185621251754405 -0.7540733329370195 -0.6471951763374669
    outer loop
      vertex 109.82356914740679 11.791332508009955 1.9
      vertex 109.33376655031492 13.349381732577031 0
      vertex 109.66527146577455 13.398555841585551 0
    endloop
  endfacet
  facet normal 0.03740548258759372 -0.7614060898087855 -0.647195176337467
    outer loop
      vertex 110 11.8 1.9
      vertex 109.66527146577455 13.398555841585551 0
      vertex 110 13.415 0
    endloop
  endfacet
  facet normal -0.03740548258759423 -0.7614060898087855 -0.647195176337467
    outer loop
      vertex 110.17643085259321 11.791332508009955 1.9
      vertex 110 13.415 0
      vertex 110.33472853422545 13.398555841585551 0
    endloop
  endfacet
  facet normal -0.11185621251754413 -0.7540733329370195 -0.6471951763374671
    outer loop
      vertex 110.35116257962903 11.765413504725815 1.9
      vertex 110.33472853422545 13.398555841585551 0
      vertex 110.66623344968508 13.349381732577031 0
    endloop
  endfacet
  facet normal -0.3919130366325243 -0.6538673989755028 -0.6471951763374664
    outer loop
      vertex 111.00002641943529 11.496645302144582 1.9
      vertex 111.60981985626078 13.011761117749632 0
      vertex 111.89727234576193 12.839468726013193 0
    endloop
  endfacet
  facet normal -0.45411608084269967 -0.6123046536207122 -0.6471951763374681
    outer loop
      vertex 111.14190791149456 11.391418816052926 1.9
      vertex 111.89727234576193 12.839468726013193 0
      vertex 112.16645306541885 12.639830698233746 0
    endloop
  endfacet
  facet normal -0.5119457389492807 -0.5648450797317706 -0.6471951763374667
    outer loop
      vertex 111.27279220613579 11.272792206135787 1.9
      vertex 112.16645306541885 12.639830698233746 0
      vertex 112.41476965775206 12.41476965775206 0
    endloop
  endfacet
  facet normal -0.6538673989754998 -0.39191303663252763 -0.6471951763374675
    outer loop
      vertex 111.58745827582703 10.848514126286796 1.9
      vertex 112.83946872601318 11.897272345761941 0
      vertex 113.01176111774963 11.609819856260781 0
    endloop
  endfacet
  facet normal -0.6123046536207278 -0.45411608084268285 -0.6471951763374653
    outer loop
      vertex 111.49664530214459 11.000026419435283 1.9
      vertex 112.63983069823375 12.16645306541885 0
      vertex 112.83946872601318 11.897272345761941 0
    endloop
  endfacet
  facet normal -0.5648450797317643 -0.5119457389492875 -0.6471951763374669
    outer loop
      vertex 111.39141881605293 11.141907911494561 1.9
      vertex 112.41476965775206 12.41476965775206 0
      vertex 112.63983069823375 12.16645306541885 0
    endloop
  endfacet
  facet normal -0.1852297059741222 -0.7394784376506554 -0.6471951763374678
    outer loop
      vertex 110.52251241905803 11.722492604317976 1.9
      vertex 110.66623344968508 13.349381732577031 0
      vertex 110.991322172824 13.267951246525493 0
    endloop
  endfacet
  facet normal -0.2568193361053288 -0.7177619607696777 -0.6471951763374676
    outer loop
      vertex 110.68883017825716 11.662983158520316 1.9
      vertex 110.991322172824 13.267951246525493 0
      vertex 111.30686392152678 13.155048603526044 0
    endloop
  endfacet
  facet normal -0.32593565563809257 -0.6891330438378948 -0.6471951763374669
    outer loop
      vertex 110.8485141262868 11.58745827582704 1.9
      vertex 111.30686392152678 13.155048603526044 0
      vertex 111.60981985626078 13.011761117749632 0
    endloop
  endfacet
  facet normal -0.6891330438378932 0.3259356556380935 -0.647195176337468
    outer loop
      vertex 111.58745827582703 9.151485873713204 1.9
      vertex 113.15504860352604 8.693136078473218 0
      vertex 113.01176111774963 8.390180143739219 0
    endloop
  endfacet
  facet normal -0.7177619607696746 0.2568193361053404 -0.6471951763374665
    outer loop
      vertex 111.66298315852032 9.311169821742839 1.9
      vertex 113.2679512465255 9.008677827176012 0
      vertex 113.15504860352604 8.693136078473218 0
    endloop
  endfacet
  facet normal -0.739478437650658 0.18522970597411167 -0.6471951763374678
    outer loop
      vertex 111.72249260431798 9.477487580941968 1.9
      vertex 113.34938173257703 9.333766550314921 0
      vertex 113.2679512465255 9.008677827176012 0
    endloop
  endfacet
  facet normal -0.75407333293702 0.11185621251754169 -0.6471951763374669
    outer loop
      vertex 111.76541350472581 9.648837420370969 1.9
      vertex 113.39855584158555 9.66527146577455 0
      vertex 113.34938173257703 9.333766550314921 0
    endloop
  endfacet
  facet normal -0.761406089808785 0.037405482587617854 -0.647195176337466
    outer loop
      vertex 111.79133250800996 9.823569147406792 1.9
      vertex 113.415 10 0
      vertex 113.39855584158555 9.66527146577455 0
    endloop
  endfacet
  facet normal -0.7614060898087827 -0.03740548258761782 -0.6471951763374689
    outer loop
      vertex 111.8 10 1.9
      vertex 113.39855584158555 10.33472853422545 0
      vertex 113.415 10 0
    endloop
  endfacet
  facet normal -0.7540733329370211 -0.11185621251754173 -0.6471951763374656
    outer loop
      vertex 111.79133250800996 10.176430852593208 1.9
      vertex 113.34938173257703 10.666233449685079 0
      vertex 113.39855584158555 10.33472853422545 0
    endloop
  endfacet
  facet normal -0.6891330438378949 -0.32593565563809435 -0.6471951763374659
    outer loop
      vertex 111.66298315852032 10.688830178257161 1.9
      vertex 113.01176111774963 11.609819856260781 0
      vertex 113.15504860352604 11.306863921526782 0
    endloop
  endfacet
  facet normal -0.7177619607696736 -0.2568193361053401 -0.6471951763374678
    outer loop
      vertex 111.72249260431798 10.522512419058032 1.9
      vertex 113.15504860352604 11.306863921526782 0
      vertex 113.2679512465255 10.991322172823988 0
    endloop
  endfacet
  facet normal -0.7394784376506583 -0.18522970597411187 -0.6471951763374674
    outer loop
      vertex 111.76541350472581 10.351162579629031 1.9
      vertex 113.2679512465255 10.991322172823988 0
      vertex 113.34938173257703 10.666233449685079 0
    endloop
  endfacet
  facet normal 0.7394784376506566 0.18522970597411728 -0.6471951763374679
    outer loop
      vertex 108.23458649527419 9.648837420370969 1.9
      vertex 108.27750739568202 9.477487580941968 1.9
      vertex 106.7320487534745 9.008677827176012 0
    endloop
  endfacet
  facet normal 0.7540733329370157 0.11185621251756583 -0.6471951763374675
    outer loop
      vertex 108.23458649527419 9.648837420370969 1.9
      vertex 106.65061826742297 9.333766550314921 0
      vertex 108.20866749199004 9.823569147406792 1.9
    endloop
  endfacet
  facet normal 0.7614060898087888 0.037405482587565125 -0.6471951763374647
    outer loop
      vertex 108.20866749199004 9.823569147406792 1.9
      vertex 106.60144415841445 9.66527146577455 0
      vertex 108.2 10 1.9
    endloop
  endfacet
  facet normal 0.6123046536207137 0.4541160808426991 -0.6471951763374668
    outer loop
      vertex 108.50335469785541 8.999973580564717 1.9
      vertex 108.60858118394707 8.858092088505439 1.9
      vertex 107.36016930176625 7.83354693458115 0
    endloop
  endfacet
  facet normal 0.45411608084272814 0.6123046536206939 -0.6471951763374654
    outer loop
      vertex 108.85809208850544 8.608581183947074 1.9
      vertex 108.99997358056471 8.503354697855418 1.9
      vertex 108.10272765423807 7.160531273986807 0
    endloop
  endfacet
  facet normal 0.5648450797317666 0.5119457389492852 -0.6471951763374668
    outer loop
      vertex 108.60858118394707 8.858092088505439 1.9
      vertex 108.72720779386421 8.727207793864213 1.9
      vertex 107.58523034224794 7.5852303422479395 0
    endloop
  endfacet
  facet normal 0.5119457389492563 0.5648450797317899 -0.647195176337469
    outer loop
      vertex 108.72720779386421 8.727207793864213 1.9
      vertex 108.85809208850544 8.608581183947074 1.9
      vertex 107.83354693458115 7.360169301766254 0
    endloop
  endfacet
  facet normal 0.6891330438378769 0.32593565563812665 -0.6471951763374689
    outer loop
      vertex 108.33701684147968 9.311169821742839 1.9
      vertex 108.41254172417297 9.151485873713204 1.9
      vertex 106.98823888225037 8.390180143739219 0
    endloop
  endfacet
  facet normal 0.6538673989755307 0.39191303663248284 -0.6471951763374633
    outer loop
      vertex 108.41254172417297 9.151485873713204 1.9
      vertex 108.50335469785541 8.999973580564717 1.9
      vertex 107.16053127398682 8.102727654238059 0
    endloop
  endfacet
  facet normal 0.7177619607696831 0.2568193361053181 -0.6471951763374658
    outer loop
      vertex 108.33701684147968 9.311169821742839 1.9
      vertex 106.84495139647396 8.693136078473218 0
      vertex 108.27750739568202 9.477487580941968 1.9
    endloop
  endfacet
  facet normal 0.3919130366325185 0.6538673989755058 -0.647195176337467
    outer loop
      vertex 109.1514858737132 8.41254172417296 1.9
      vertex 108.39018014373922 6.988238882250367 0
      vertex 108.99997358056471 8.503354697855418 1.9
    endloop
  endfacet
  facet normal 0.3259356556380836 0.6891330438378983 -0.6471951763374678
    outer loop
      vertex 109.1514858737132 8.41254172417296 1.9
      vertex 109.31116982174284 8.337016841479684 1.9
      vertex 108.69313607847322 6.844951396473956 0
    endloop
  endfacet
  facet normal 0.2568193361053217 0.7177619607696797 -0.6471951763374683
    outer loop
      vertex 109.31116982174284 8.337016841479684 1.9
      vertex 109.47748758094197 8.277507395682024 1.9
      vertex 109.008677827176 6.732048753474507 0
    endloop
  endfacet
  facet normal 0.18522970597413368 0.739478437650653 -0.647195176337467
    outer loop
      vertex 109.47748758094197 8.277507395682024 1.9
      vertex 109.64883742037097 8.234586495274185 1.9
      vertex 109.33376655031492 6.650618267422968 0
    endloop
  endfacet
  facet normal 0.11185621251754561 0.7540733329370192 -0.647195176337467
    outer loop
      vertex 109.64883742037097 8.234586495274185 1.9
      vertex 109.82356914740679 8.208667491990045 1.9
      vertex 109.66527146577455 6.601444158414448 0
    endloop
  endfacet
  facet normal 0.03740548258759449 0.7614060898087851 -0.6471951763374671
    outer loop
      vertex 109.82356914740679 8.208667491990045 1.9
      vertex 110 8.2 1.9
      vertex 110 6.585 0
    endloop
  endfacet
  facet normal -0.03740548258759449 0.7614060898087851 -0.6471951763374671
    outer loop
      vertex 110 8.2 1.9
      vertex 110.17643085259321 8.208667491990045 1.9
      vertex 110.33472853422545 6.601444158414448 0
    endloop
  endfacet
  facet normal -0.1118562125175456 0.7540733329370191 -0.6471951763374673
    outer loop
      vertex 110.17643085259321 8.208667491990045 1.9
      vertex 110.35116257962903 8.234586495274185 1.9
      vertex 110.66623344968508 6.650618267422968 0
    endloop
  endfacet
  facet normal -0.18522970597413346 0.7394784376506522 -0.6471951763374681
    outer loop
      vertex 110.35116257962903 8.234586495274185 1.9
      vertex 110.52251241905803 8.277507395682024 1.9
      vertex 110.991322172824 6.732048753474507 0
    endloop
  endfacet
  facet normal -0.2568193361053219 0.7177619607696802 -0.6471951763374675
    outer loop
      vertex 110.52251241905803 8.277507395682024 1.9
      vertex 110.68883017825716 8.337016841479684 1.9
      vertex 111.30686392152678 6.844951396473956 0
    endloop
  endfacet
  facet normal -0.32593565563808385 0.689133043837899 -0.6471951763374669
    outer loop
      vertex 110.68883017825716 8.337016841479684 1.9
      vertex 110.8485141262868 8.41254172417296 1.9
      vertex 111.60981985626078 6.988238882250367 0
    endloop
  endfacet
  facet normal -0.3919130366325188 0.6538673989755064 -0.6471951763374661
    outer loop
      vertex 110.8485141262868 8.41254172417296 1.9
      vertex 111.00002641943529 8.503354697855418 1.9
      vertex 111.89727234576193 7.160531273986807 0
    endloop
  endfacet
  facet normal -0.45411608084272637 0.6123046536206915 -0.6471951763374687
    outer loop
      vertex 111.00002641943529 8.503354697855418 1.9
      vertex 111.14190791149456 8.608581183947074 1.9
      vertex 112.16645306541885 7.360169301766254 0
    endloop
  endfacet
  facet normal -0.5119457389492582 0.564845079731792 -0.6471951763374658
    outer loop
      vertex 111.14190791149456 8.608581183947074 1.9
      vertex 111.27279220613579 8.727207793864213 1.9
      vertex 112.41476965775206 7.5852303422479395 0
    endloop
  endfacet
  facet normal -0.5648450797317663 0.5119457389492851 -0.647195176337467
    outer loop
      vertex 111.27279220613579 8.727207793864213 1.9
      vertex 111.39141881605293 8.858092088505439 1.9
      vertex 112.63983069823375 7.83354693458115 0
    endloop
  endfacet
  facet normal -0.6123046536207153 0.4541160808427003 -0.6471951763374647
    outer loop
      vertex 111.39141881605293 8.858092088505439 1.9
      vertex 111.49664530214459 8.999973580564717 1.9
      vertex 112.83946872601318 8.102727654238059 0
    endloop
  endfacet
  facet normal -0.6538673989755267 0.39191303663248045 -0.6471951763374688
    outer loop
      vertex 111.49664530214459 8.999973580564717 1.9
      vertex 111.58745827582703 9.151485873713204 1.9
      vertex 113.01176111774963 8.390180143739219 0
    endloop
  endfacet
  facet normal -0.6891330438378798 0.325935655638128 -0.6471951763374652
    outer loop
      vertex 111.58745827582703 9.151485873713204 1.9
      vertex 111.66298315852032 9.311169821742839 1.9
      vertex 113.15504860352604 8.693136078473218 0
    endloop
  endfacet
  facet normal -0.7177619607696811 0.2568193361053173 -0.6471951763374683
    outer loop
      vertex 111.66298315852032 9.311169821742839 1.9
      vertex 111.72249260431798 9.477487580941968 1.9
      vertex 113.2679512465255 9.008677827176012 0
    endloop
  endfacet
  facet normal -0.739478437650657 0.1852297059741174 -0.6471951763374674
    outer loop
      vertex 111.72249260431798 9.477487580941968 1.9
      vertex 111.76541350472581 9.648837420370969 1.9
      vertex 113.34938173257703 9.333766550314921 0
    endloop
  endfacet
  facet normal -0.754073332937018 0.11185621251756615 -0.647195176337465
    outer loop
      vertex 111.76541350472581 9.648837420370969 1.9
      vertex 111.79133250800996 9.823569147406792 1.9
      vertex 113.39855584158555 9.66527146577455 0
    endloop
  endfacet
  facet normal -0.7614060898087842 0.037405482587564896 -0.6471951763374701
    outer loop
      vertex 111.79133250800996 9.823569147406792 1.9
      vertex 111.8 10 1.9
      vertex 113.415 10 0
    endloop
  endfacet
  facet normal 0.7614060898087841 -0.037405482587564896 -0.6471951763374701
    outer loop
      vertex 108.2 10 1.9
      vertex 106.585 10 0
      vertex 108.20866749199004 10.176430852593208 1.9
    endloop
  endfacet
  facet normal 0.754073332937018 -0.11185621251756615 -0.647195176337465
    outer loop
      vertex 108.20866749199004 10.176430852593208 1.9
      vertex 106.60144415841445 10.33472853422545 0
      vertex 108.23458649527419 10.351162579629031 1.9
    endloop
  endfacet
  facet normal 0.739478437650657 -0.1852297059741174 -0.6471951763374674
    outer loop
      vertex 108.23458649527419 10.351162579629031 1.9
      vertex 106.65061826742297 10.666233449685079 0
      vertex 108.27750739568202 10.522512419058032 1.9
    endloop
  endfacet
  facet normal 0.7177619607696811 -0.2568193361053173 -0.6471951763374683
    outer loop
      vertex 108.27750739568202 10.522512419058032 1.9
      vertex 106.7320487534745 10.991322172823988 0
      vertex 108.33701684147968 10.688830178257161 1.9
    endloop
  endfacet
  facet normal 0.6891330438378798 -0.325935655638128 -0.6471951763374652
    outer loop
      vertex 108.33701684147968 10.688830178257161 1.9
      vertex 106.84495139647396 11.306863921526782 0
      vertex 108.41254172417297 10.848514126286796 1.9
    endloop
  endfacet
  facet normal 0.6538673989755267 -0.39191303663248045 -0.6471951763374688
    outer loop
      vertex 108.41254172417297 10.848514126286796 1.9
      vertex 106.98823888225037 11.609819856260781 0
      vertex 108.50335469785541 11.000026419435283 1.9
    endloop
  endfacet
  facet normal 0.6123046536207153 -0.4541160808427003 -0.6471951763374647
    outer loop
      vertex 108.50335469785541 11.000026419435283 1.9
      vertex 107.16053127398682 11.897272345761941 0
      vertex 108.60858118394707 11.141907911494561 1.9
    endloop
  endfacet
  facet normal 0.5648450797317662 -0.511945738949285 -0.647195176337467
    outer loop
      vertex 108.60858118394707 11.141907911494561 1.9
      vertex 107.36016930176625 12.16645306541885 0
      vertex 108.72720779386421 11.272792206135787 1.9
    endloop
  endfacet
  facet normal 0.5119457389492582 -0.5648450797317919 -0.6471951763374659
    outer loop
      vertex 108.72720779386421 11.272792206135787 1.9
      vertex 107.58523034224794 12.41476965775206 0
      vertex 108.85809208850544 11.391418816052926 1.9
    endloop
  endfacet
  facet normal 0.45411608084272637 -0.6123046536206915 -0.6471951763374687
    outer loop
      vertex 108.85809208850544 11.391418816052926 1.9
      vertex 107.83354693458115 12.639830698233746 0
      vertex 108.99997358056471 11.496645302144582 1.9
    endloop
  endfacet
  facet normal 0.3919130366325188 -0.6538673989755064 -0.6471951763374661
    outer loop
      vertex 108.99997358056471 11.496645302144582 1.9
      vertex 108.10272765423807 12.839468726013193 0
      vertex 109.1514858737132 11.58745827582704 1.9
    endloop
  endfacet
  facet normal 0.3259356556380839 -0.6891330438378991 -0.6471951763374668
    outer loop
      vertex 109.1514858737132 11.58745827582704 1.9
      vertex 108.39018014373922 13.011761117749632 0
      vertex 109.31116982174284 11.662983158520316 1.9
    endloop
  endfacet
  facet normal 0.2568193361053219 -0.7177619607696802 -0.6471951763374675
    outer loop
      vertex 109.31116982174284 11.662983158520316 1.9
      vertex 108.69313607847322 13.155048603526044 0
      vertex 109.47748758094197 11.722492604317976 1.9
    endloop
  endfacet
  facet normal 0.18522970597413346 -0.7394784376506522 -0.6471951763374681
    outer loop
      vertex 109.47748758094197 11.722492604317976 1.9
      vertex 109.008677827176 13.267951246525493 0
      vertex 109.64883742037097 11.765413504725815 1.9
    endloop
  endfacet
  facet normal 0.11185621251754561 -0.7540733329370192 -0.6471951763374669
    outer loop
      vertex 109.64883742037097 11.765413504725815 1.9
      vertex 109.33376655031492 13.349381732577031 0
      vertex 109.82356914740679 11.791332508009955 1.9
    endloop
  endfacet
  facet normal 0.0374054825875945 -0.7614060898087853 -0.6471951763374671
    outer loop
      vertex 109.82356914740679 11.791332508009955 1.9
      vertex 109.66527146577455 13.398555841585551 0
      vertex 110 11.8 1.9
    endloop
  endfacet
  facet normal -0.0374054825875945 -0.7614060898087853 -0.6471951763374669
    outer loop
      vertex 110 11.8 1.9
      vertex 110 13.415 0
      vertex 110.17643085259321 11.791332508009955 1.9
    endloop
  endfacet
  facet normal -0.11185621251754564 -0.7540733329370194 -0.6471951763374668
    outer loop
      vertex 110.17643085259321 11.791332508009955 1.9
      vertex 110.33472853422545 13.398555841585551 0
      vertex 110.35116257962903 11.765413504725815 1.9
    endloop
  endfacet
  facet normal -0.1852297059741337 -0.7394784376506532 -0.6471951763374668
    outer loop
      vertex 110.35116257962903 11.765413504725815 1.9
      vertex 110.66623344968508 13.349381732577031 0
      vertex 110.52251241905803 11.722492604317976 1.9
    endloop
  endfacet
  facet normal -0.2568193361053217 -0.7177619607696797 -0.6471951763374683
    outer loop
      vertex 110.52251241905803 11.722492604317976 1.9
      vertex 110.991322172824 13.267951246525493 0
      vertex 110.68883017825716 11.662983158520316 1.9
    endloop
  endfacet
  facet normal -0.3259356556380836 -0.6891330438378983 -0.6471951763374678
    outer loop
      vertex 110.68883017825716 11.662983158520316 1.9
      vertex 111.30686392152678 13.155048603526044 0
      vertex 110.8485141262868 11.58745827582704 1.9
    endloop
  endfacet
  facet normal -0.5119457389492563 -0.5648450797317899 -0.647195176337469
    outer loop
      vertex 111.14190791149456 11.391418816052926 1.9
      vertex 112.16645306541885 12.639830698233746 0
      vertex 111.27279220613579 11.272792206135787 1.9
    endloop
  endfacet
  facet normal -0.39191303663251853 -0.6538673989755059 -0.6471951763374669
    outer loop
      vertex 110.8485141262868 11.58745827582704 1.9
      vertex 111.60981985626078 13.011761117749632 0
      vertex 111.00002641943529 11.496645302144582 1.9
    endloop
  endfacet
  facet normal -0.45411608084272814 -0.6123046536206939 -0.6471951763374653
    outer loop
      vertex 111.00002641943529 11.496645302144582 1.9
      vertex 111.89727234576193 12.839468726013193 0
      vertex 111.14190791149456 11.391418816052926 1.9
    endloop
  endfacet
  facet normal -0.6538673989755307 -0.39191303663248284 -0.6471951763374633
    outer loop
      vertex 111.58745827582703 10.848514126286796 1.9
      vertex 111.49664530214459 11.000026419435283 1.9
      vertex 112.83946872601318 11.897272345761941 0
    endloop
  endfacet
  facet normal -0.7394784376506566 -0.18522970597411728 -0.6471951763374679
    outer loop
      vertex 111.72249260431798 10.522512419058032 1.9
      vertex 113.2679512465255 10.991322172823988 0
      vertex 111.76541350472581 10.351162579629031 1.9
    endloop
  endfacet
  facet normal -0.7614060898087888 -0.037405482587565125 -0.6471951763374647
    outer loop
      vertex 111.8 10 1.9
      vertex 111.79133250800996 10.176430852593208 1.9
      vertex 113.39855584158555 10.33472853422545 0
    endloop
  endfacet
  facet normal -0.7540733329370157 -0.11185621251756583 -0.6471951763374675
    outer loop
      vertex 111.79133250800996 10.176430852593208 1.9
      vertex 111.76541350472581 10.351162579629031 1.9
      vertex 113.34938173257703 10.666233449685079 0
    endloop
  endfacet
  facet normal -0.7177619607696831 -0.2568193361053181 -0.6471951763374658
    outer loop
      vertex 111.72249260431798 10.522512419058032 1.9
      vertex 111.66298315852032 10.688830178257161 1.9
      vertex 113.15504860352604 11.306863921526782 0
    endloop
  endfacet
  facet normal -0.6891330438378769 -0.32593565563812665 -0.6471951763374689
    outer loop
      vertex 111.58745827582703 10.848514126286796 1.9
      vertex 113.01176111774963 11.609819856260781 0
      vertex 111.66298315852032 10.688830178257161 1.9
    endloop
  endfacet
  facet normal -0.5648450797317666 -0.5119457389492852 -0.6471951763374668
    outer loop
      vertex 111.39141881605293 11.141907911494561 1.9
      vertex 111.27279220613579 11.272792206135787 1.9
      vertex 112.41476965775206 12.41476965775206 0
    endloop
  endfacet
  facet normal -0.6123046536207137 -0.4541160808426991 -0.6471951763374668
    outer loop
      vertex 111.39141881605293 11.141907911494561 1.9
      vertex 112.63983069823375 12.16645306541885 0
      vertex 111.49664530214459 11.000026419435283 1.9
    endloop
  endfacet
  facet normal 0.9039892931234638 0.42755509343023906 0
    outer loop
      vertex 8.337016841479684 149.31116982174285 1.9
      vertex 8.337016841479684 149.31116982174285 2.5
      vertex 8.41254172417296 149.1514858737132 1.9
    endloop
  endfacet
  facet normal 0.9987954562051722 0.04906767432742302 1.6343729896575712e-19
    outer loop
      vertex 8.208667491990045 149.8235691474068 1.9
      vertex 8.2 150 1.9
      vertex 8.2 150 2.5
    endloop
  endfacet
  facet normal 0.9415440651830028 0.3368898533922703 -3.083829859522929e-18
    outer loop
      vertex 8.337016841479684 149.31116982174285 1.9
      vertex 8.277507395682024 149.47748758094195 1.9
      vertex 8.277507395682024 149.47748758094195 2.5
    endloop
  endfacet
  facet normal 0.970031253194547 0.24298017990325202 0
    outer loop
      vertex 8.234586495274185 149.64883742037097 1.9
      vertex 8.234586495274185 149.64883742037097 2.5
      vertex 8.277507395682024 149.47748758094195 1.9
    endloop
  endfacet
  facet normal 0.9891765099647827 0.14673047445534984 3.2318773265705385e-18
    outer loop
      vertex 8.234586495274185 149.64883742037097 1.9
      vertex 8.208667491990045 149.8235691474068 1.9
      vertex 8.208667491990045 149.8235691474068 2.5
    endloop
  endfacet
  facet normal 0.6715589548469773 0.7409511253549963 0
    outer loop
      vertex 8.727207793864213 148.7272077938642 1.9
      vertex 8.727207793864213 148.7272077938642 2.5
      vertex 8.858092088505439 148.60858118394708 1.9
    endloop
  endfacet
  facet normal 0.5956993044924226 0.8032075314806529 0
    outer loop
      vertex 8.858092088505439 148.60858118394708 1.9
      vertex 8.858092088505439 148.60858118394708 2.5
      vertex 8.999973580564717 148.50335469785543 1.9
    endloop
  endfacet
  facet normal 0.5141027441932366 0.8577286100002631 0
    outer loop
      vertex 8.999973580564717 148.50335469785543 1.9
      vertex 8.999973580564717 148.50335469785543 2.5
      vertex 9.151485873713204 148.41254172417297 1.9
    endloop
  endfacet
  facet normal 0.42755509343032727 0.903989293123422 0
    outer loop
      vertex 9.151485873713204 148.41254172417297 1.9
      vertex 9.151485873713204 148.41254172417297 2.5
      vertex 9.311169821742839 148.33701684147968 1.9
    endloop
  endfacet
  facet normal 0.33688985339221356 0.9415440651830232 0
    outer loop
      vertex 9.311169821742839 148.33701684147968 1.9
      vertex 9.311169821742839 148.33701684147968 2.5
      vertex 9.477487580941968 148.27750739568202 1.9
    endloop
  endfacet
  facet normal 0.8032075314806826 0.5956993044923826 0
    outer loop
      vertex 8.503354697855418 148.99997358056473 1.9
      vertex 8.503354697855418 148.99997358056473 2.5
      vertex 8.608581183947074 148.85809208850543 1.9
    endloop
  endfacet
  facet normal 0.7409511253549528 0.6715589548470253 5.631711091435357e-18
    outer loop
      vertex 8.727207793864213 148.7272077938642 1.9
      vertex 8.608581183947074 148.85809208850543 1.9
      vertex 8.608581183947074 148.85809208850543 2.5
    endloop
  endfacet
  facet normal 0.857728610000248 0.5141027441932619 -2.9440477810599176e-19
    outer loop
      vertex 8.503354697855418 148.99997358056473 1.9
      vertex 8.41254172417296 149.1514858737132 1.9
      vertex 8.41254172417296 149.1514858737132 2.5
    endloop
  endfacet
  facet normal 0.2429801799032497 0.9700312531945475 0
    outer loop
      vertex 9.477487580941968 148.27750739568202 1.9
      vertex 9.477487580941968 148.27750739568202 2.5
      vertex 9.648837420370969 148.2345864952742 1.9
    endloop
  endfacet
  facet normal 0.14673047445538814 0.9891765099647771 0
    outer loop
      vertex 9.648837420370969 148.2345864952742 1.9
      vertex 9.648837420370969 148.2345864952742 2.5
      vertex 9.823569147406792 148.20866749199004 1.9
    endloop
  endfacet
  facet normal 0.049067674327460675 0.9987954562051703 0
    outer loop
      vertex 9.823569147406792 148.20866749199004 1.9
      vertex 9.823569147406792 148.20866749199004 2.5
      vertex 10 148.2 1.9
    endloop
  endfacet
  facet normal -0.049067674327460675 0.9987954562051703 0
    outer loop
      vertex 10 148.2 1.9
      vertex 10 148.2 2.5
      vertex 10.176430852593208 148.20866749199004 1.9
    endloop
  endfacet
  facet normal -0.14673047445538814 0.9891765099647771 0
    outer loop
      vertex 10.176430852593208 148.20866749199004 1.9
      vertex 10.176430852593208 148.20866749199004 2.5
      vertex 10.351162579629031 148.2345864952742 1.9
    endloop
  endfacet
  facet normal -0.2429801799032497 0.9700312531945475 0
    outer loop
      vertex 10.351162579629031 148.2345864952742 1.9
      vertex 10.351162579629031 148.2345864952742 2.5
      vertex 10.522512419058032 148.27750739568202 1.9
    endloop
  endfacet
  facet normal -0.33688985339221356 0.9415440651830232 0
    outer loop
      vertex 10.522512419058032 148.27750739568202 1.9
      vertex 10.522512419058032 148.27750739568202 2.5
      vertex 10.688830178257161 148.33701684147968 1.9
    endloop
  endfacet
  facet normal -0.42755509343032727 0.903989293123422 0
    outer loop
      vertex 10.688830178257161 148.33701684147968 1.9
      vertex 10.688830178257161 148.33701684147968 2.5
      vertex 10.848514126286796 148.41254172417297 1.9
    endloop
  endfacet
  facet normal -0.5141027441932366 0.8577286100002631 0
    outer loop
      vertex 10.848514126286796 148.41254172417297 1.9
      vertex 10.848514126286796 148.41254172417297 2.5
      vertex 11.000026419435283 148.50335469785543 1.9
    endloop
  endfacet
  facet normal -0.5956993044924226 0.8032075314806529 0
    outer loop
      vertex 11.000026419435283 148.50335469785543 1.9
      vertex 11.000026419435283 148.50335469785543 2.5
      vertex 11.141907911494561 148.60858118394708 1.9
    endloop
  endfacet
  facet normal -0.6715589548469773 0.7409511253549963 0
    outer loop
      vertex 11.141907911494561 148.60858118394708 1.9
      vertex 11.141907911494561 148.60858118394708 2.5
      vertex 11.272792206135787 148.7272077938642 1.9
    endloop
  endfacet
  facet normal -0.7409511253549528 0.6715589548470253 0
    outer loop
      vertex 11.272792206135787 148.7272077938642 1.9
      vertex 11.272792206135787 148.7272077938642 2.5
      vertex 11.391418816052926 148.85809208850543 1.9
    endloop
  endfacet
  facet normal -0.8032075314806826 0.5956993044923826 0
    outer loop
      vertex 11.391418816052926 148.85809208850543 1.9
      vertex 11.391418816052926 148.85809208850543 2.5
      vertex 11.496645302144582 148.99997358056473 1.9
    endloop
  endfacet
  facet normal -0.857728610000248 0.5141027441932619 0
    outer loop
      vertex 11.496645302144582 148.99997358056473 1.9
      vertex 11.496645302144582 148.99997358056473 2.5
      vertex 11.58745827582704 149.1514858737132 1.9
    endloop
  endfacet
  facet normal -0.9039892931234638 0.42755509343023906 0
    outer loop
      vertex 11.58745827582704 149.1514858737132 1.9
      vertex 11.58745827582704 149.1514858737132 2.5
      vertex 11.662983158520316 149.31116982174285 1.9
    endloop
  endfacet
  facet normal -0.9415440651830028 0.3368898533922703 0
    outer loop
      vertex 11.662983158520316 149.31116982174285 1.9
      vertex 11.662983158520316 149.31116982174285 2.5
      vertex 11.722492604317976 149.47748758094195 1.9
    endloop
  endfacet
  facet normal -0.970031253194547 0.24298017990325202 0
    outer loop
      vertex 11.722492604317976 149.47748758094195 1.9
      vertex 11.722492604317976 149.47748758094195 2.5
      vertex 11.765413504725815 149.64883742037097 1.9
    endloop
  endfacet
  facet normal -0.9891765099647827 0.14673047445534984 0
    outer loop
      vertex 11.765413504725815 149.64883742037097 1.9
      vertex 11.765413504725815 149.64883742037097 2.5
      vertex 11.791332508009955 149.8235691474068 1.9
    endloop
  endfacet
  facet normal -0.9987954562051722 0.04906767432742302 0
    outer loop
      vertex 11.791332508009955 149.8235691474068 1.9
      vertex 11.791332508009955 149.8235691474068 2.5
      vertex 11.8 150 1.9
    endloop
  endfacet
  facet normal 0.9987954562051722 -0.04906767432742302 -1.6343729896575712e-19
    outer loop
      vertex 8.2 150 1.9
      vertex 8.208667491990045 150.1764308525932 1.9
      vertex 8.208667491990045 150.1764308525932 2.5
    endloop
  endfacet
  facet normal 0.9891765099647827 -0.14673047445534984 -3.2318773265705385e-18
    outer loop
      vertex 8.208667491990045 150.1764308525932 1.9
      vertex 8.234586495274185 150.35116257962903 1.9
      vertex 8.234586495274185 150.35116257962903 2.5
    endloop
  endfacet
  facet normal 0.970031253194547 -0.24298017990325202 2.8359641132810716e-18
    outer loop
      vertex 8.234586495274185 150.35116257962903 1.9
      vertex 8.277507395682024 150.52251241905805 1.9
      vertex 8.277507395682024 150.52251241905805 2.5
    endloop
  endfacet
  facet normal 0.9415440651830028 -0.3368898533922703 3.083829859522929e-18
    outer loop
      vertex 8.277507395682024 150.52251241905805 1.9
      vertex 8.337016841479684 150.68883017825715 1.9
      vertex 8.337016841479684 150.68883017825715 2.5
    endloop
  endfacet
  facet normal 0.9039892931234638 -0.42755509343023906 7.949481471676554e-18
    outer loop
      vertex 8.337016841479684 150.68883017825715 1.9
      vertex 8.41254172417296 150.8485141262868 1.9
      vertex 8.41254172417296 150.8485141262868 2.5
    endloop
  endfacet
  facet normal 0.857728610000248 -0.5141027441932619 2.9440477810599176e-19
    outer loop
      vertex 8.41254172417296 150.8485141262868 1.9
      vertex 8.503354697855418 151.00002641943527 1.9
      vertex 8.503354697855418 151.00002641943527 2.5
    endloop
  endfacet
  facet normal 0.8032075314806826 -0.5956993044923826 2.669526291998503e-18
    outer loop
      vertex 8.503354697855418 151.00002641943527 1.9
      vertex 8.608581183947074 151.14190791149457 1.9
      vertex 8.608581183947074 151.14190791149457 2.5
    endloop
  endfacet
  facet normal 0.7409511253549528 -0.6715589548470253 -5.631711091435357e-18
    outer loop
      vertex 8.608581183947074 151.14190791149457 1.9
      vertex 8.727207793864213 151.2727922061358 1.9
      vertex 8.727207793864213 151.2727922061358 2.5
    endloop
  endfacet
  facet normal 0.6715589548469773 -0.7409511253549963 -1.2478631939584415e-18
    outer loop
      vertex 8.727207793864213 151.2727922061358 1.9
      vertex 8.858092088505439 151.39141881605292 1.9
      vertex 8.858092088505439 151.39141881605292 2.5
    endloop
  endfacet
  facet normal 0.5956993044924226 -0.8032075314806529 5.215727488093549e-18
    outer loop
      vertex 8.858092088505439 151.39141881605292 1.9
      vertex 8.999973580564717 151.49664530214457 1.9
      vertex 8.999973580564717 151.49664530214457 2.5
    endloop
  endfacet
  facet normal 0.5141027441932366 -0.8577286100002631 4.0514191983161855e-18
    outer loop
      vertex 8.999973580564717 151.49664530214457 1.9
      vertex 9.151485873713204 151.58745827582703 1.9
      vertex 9.151485873713204 151.58745827582703 2.5
    endloop
  endfacet
  facet normal 0.42755509343032727 -0.903989293123422 3.4218832453172296e-18
    outer loop
      vertex 9.151485873713204 151.58745827582703 1.9
      vertex 9.311169821742839 151.66298315852032 1.9
      vertex 9.311169821742839 151.66298315852032 2.5
    endloop
  endfacet
  facet normal 0.33688985339221356 -0.9415440651830232 -9.147049849335424e-19
    outer loop
      vertex 9.311169821742839 151.66298315852032 1.9
      vertex 9.477487580941968 151.72249260431798 1.9
      vertex 9.477487580941968 151.72249260431798 2.5
    endloop
  endfacet
  facet normal 0.2429801799032497 -0.9700312531945475 1.5022579420170797e-18
    outer loop
      vertex 9.477487580941968 151.72249260431798 1.9
      vertex 9.648837420370969 151.7654135047258 1.9
      vertex 9.648837420370969 151.7654135047258 2.5
    endloop
  endfacet
  facet normal 0.14673047445538814 -0.9891765099647771 -2.7488857137070463e-18
    outer loop
      vertex 9.648837420370969 151.7654135047258 1.9
      vertex 9.823569147406792 151.79133250800996 1.9
      vertex 9.823569147406792 151.79133250800996 2.5
    endloop
  endfacet
  facet normal 0.049067674327460675 -0.9987954562051703 4.639468886051683e-19
    outer loop
      vertex 9.823569147406792 151.79133250800996 1.9
      vertex 10 151.8 1.9
      vertex 10 151.8 2.5
    endloop
  endfacet
  facet normal -0.049067674327460675 -0.9987954562051703 -4.639468886051683e-19
    outer loop
      vertex 10 151.8 1.9
      vertex 10.176430852593208 151.79133250800996 1.9
      vertex 10.176430852593208 151.79133250800996 2.5
    endloop
  endfacet
  facet normal -0.14673047445538814 -0.9891765099647771 2.7488857137070463e-18
    outer loop
      vertex 10.176430852593208 151.79133250800996 1.9
      vertex 10.351162579629031 151.7654135047258 1.9
      vertex 10.351162579629031 151.7654135047258 2.5
    endloop
  endfacet
  facet normal -0.2429801799032497 -0.9700312531945475 -1.5022579420170797e-18
    outer loop
      vertex 10.351162579629031 151.7654135047258 1.9
      vertex 10.522512419058032 151.72249260431798 1.9
      vertex 10.522512419058032 151.72249260431798 2.5
    endloop
  endfacet
  facet normal -0.33688985339221356 -0.9415440651830232 9.147049849335424e-19
    outer loop
      vertex 10.522512419058032 151.72249260431798 1.9
      vertex 10.688830178257161 151.66298315852032 1.9
      vertex 10.688830178257161 151.66298315852032 2.5
    endloop
  endfacet
  facet normal -0.5141027441932366 -0.8577286100002631 0
    outer loop
      vertex 11.000026419435283 151.49664530214457 1.9
      vertex 11.000026419435283 151.49664530214457 2.5
      vertex 10.848514126286796 151.58745827582703 1.9
    endloop
  endfacet
  facet normal -0.42755509343032727 -0.903989293123422 -3.4218832453172296e-18
    outer loop
      vertex 10.688830178257161 151.66298315852032 1.9
      vertex 10.848514126286796 151.58745827582703 1.9
      vertex 10.848514126286796 151.58745827582703 2.5
    endloop
  endfacet
  facet normal -0.5956993044924226 -0.8032075314806529 -5.215727488093549e-18
    outer loop
      vertex 11.000026419435283 151.49664530214457 1.9
      vertex 11.141907911494561 151.39141881605292 1.9
      vertex 11.141907911494561 151.39141881605292 2.5
    endloop
  endfacet
  facet normal -0.6715589548469773 -0.7409511253549963 1.2478631939584415e-18
    outer loop
      vertex 11.141907911494561 151.39141881605292 1.9
      vertex 11.272792206135787 151.2727922061358 1.9
      vertex 11.272792206135787 151.2727922061358 2.5
    endloop
  endfacet
  facet normal -0.9415440651830028 -0.3368898533922703 0
    outer loop
      vertex 11.722492604317976 150.52251241905805 1.9
      vertex 11.722492604317976 150.52251241905805 2.5
      vertex 11.662983158520316 150.68883017825715 1.9
    endloop
  endfacet
  facet normal -0.7409511253549528 -0.6715589548470253 5.631711091435357e-18
    outer loop
      vertex 11.272792206135787 151.2727922061358 1.9
      vertex 11.391418816052926 151.14190791149457 1.9
      vertex 11.391418816052926 151.14190791149457 2.5
    endloop
  endfacet
  facet normal -0.8032075314806826 -0.5956993044923826 -2.669526291998503e-18
    outer loop
      vertex 11.391418816052926 151.14190791149457 1.9
      vertex 11.496645302144582 151.00002641943527 1.9
      vertex 11.496645302144582 151.00002641943527 2.5
    endloop
  endfacet
  facet normal -0.857728610000248 -0.5141027441932619 -2.9440477810599176e-19
    outer loop
      vertex 11.496645302144582 151.00002641943527 1.9
      vertex 11.58745827582704 150.8485141262868 1.9
      vertex 11.58745827582704 150.8485141262868 2.5
    endloop
  endfacet
  facet normal -0.9039892931234638 -0.42755509343023906 -7.949481471676554e-18
    outer loop
      vertex 11.58745827582704 150.8485141262868 1.9
      vertex 11.662983158520316 150.68883017825715 1.9
      vertex 11.662983158520316 150.68883017825715 2.5
    endloop
  endfacet
  facet normal -0.9987954562051722 -0.04906767432742302 0
    outer loop
      vertex 11.8 150 1.9
      vertex 11.8 150 2.5
      vertex 11.791332508009955 150.1764308525932 1.9
    endloop
  endfacet
  facet normal -0.9891765099647827 -0.14673047445534984 0
    outer loop
      vertex 11.791332508009955 150.1764308525932 1.9
      vertex 11.791332508009955 150.1764308525932 2.5
      vertex 11.765413504725815 150.35116257962903 1.9
    endloop
  endfacet
  facet normal -0.970031253194547 -0.24298017990325202 -2.8359641132810716e-18
    outer loop
      vertex 11.722492604317976 150.52251241905805 1.9
      vertex 11.765413504725815 150.35116257962903 1.9
      vertex 11.765413504725815 150.35116257962903 2.5
    endloop
  endfacet
  facet normal 0.9415440651830028 0.3368898533922703 0
    outer loop
      vertex 8.337016841479684 149.31116982174285 1.9
      vertex 8.277507395682024 149.47748758094195 2.5
      vertex 8.337016841479684 149.31116982174285 2.5
    endloop
  endfacet
  facet normal 0.9039892931234638 0.42755509343023906 0
    outer loop
      vertex 8.41254172417296 149.1514858737132 1.9
      vertex 8.337016841479684 149.31116982174285 2.5
      vertex 8.41254172417296 149.1514858737132 2.5
    endloop
  endfacet
  facet normal 0.970031253194547 0.24298017990325202 0
    outer loop
      vertex 8.277507395682024 149.47748758094195 1.9
      vertex 8.234586495274185 149.64883742037097 2.5
      vertex 8.277507395682024 149.47748758094195 2.5
    endloop
  endfacet
  facet normal 0.9891765099647827 0.14673047445534984 0
    outer loop
      vertex 8.234586495274185 149.64883742037097 1.9
      vertex 8.208667491990045 149.8235691474068 2.5
      vertex 8.234586495274185 149.64883742037097 2.5
    endloop
  endfacet
  facet normal 0.9987954562051722 0.04906767432742302 0
    outer loop
      vertex 8.208667491990045 149.8235691474068 1.9
      vertex 8.2 150 2.5
      vertex 8.208667491990045 149.8235691474068 2.5
    endloop
  endfacet
  facet normal 0.6715589548469773 0.7409511253549963 0
    outer loop
      vertex 8.858092088505439 148.60858118394708 1.9
      vertex 8.727207793864213 148.7272077938642 2.5
      vertex 8.858092088505439 148.60858118394708 2.5
    endloop
  endfacet
  facet normal 0.5956993044924226 0.8032075314806529 0
    outer loop
      vertex 8.999973580564717 148.50335469785543 1.9
      vertex 8.858092088505439 148.60858118394708 2.5
      vertex 8.999973580564717 148.50335469785543 2.5
    endloop
  endfacet
  facet normal 0.5141027441932366 0.8577286100002631 0
    outer loop
      vertex 9.151485873713204 148.41254172417297 1.9
      vertex 8.999973580564717 148.50335469785543 2.5
      vertex 9.151485873713204 148.41254172417297 2.5
    endloop
  endfacet
  facet normal 0.42755509343032727 0.903989293123422 0
    outer loop
      vertex 9.311169821742839 148.33701684147968 1.9
      vertex 9.151485873713204 148.41254172417297 2.5
      vertex 9.311169821742839 148.33701684147968 2.5
    endloop
  endfacet
  facet normal 0.857728610000248 0.5141027441932619 0
    outer loop
      vertex 8.503354697855418 148.99997358056473 1.9
      vertex 8.41254172417296 149.1514858737132 2.5
      vertex 8.503354697855418 148.99997358056473 2.5
    endloop
  endfacet
  facet normal 0.8032075314806826 0.5956993044923826 0
    outer loop
      vertex 8.608581183947074 148.85809208850543 1.9
      vertex 8.503354697855418 148.99997358056473 2.5
      vertex 8.608581183947074 148.85809208850543 2.5
    endloop
  endfacet
  facet normal 0.7409511253549528 0.6715589548470253 0
    outer loop
      vertex 8.727207793864213 148.7272077938642 1.9
      vertex 8.608581183947074 148.85809208850543 2.5
      vertex 8.727207793864213 148.7272077938642 2.5
    endloop
  endfacet
  facet normal 0.33688985339221356 0.9415440651830232 0
    outer loop
      vertex 9.477487580941968 148.27750739568202 1.9
      vertex 9.311169821742839 148.33701684147968 2.5
      vertex 9.477487580941968 148.27750739568202 2.5
    endloop
  endfacet
  facet normal 0.2429801799032497 0.9700312531945475 0
    outer loop
      vertex 9.648837420370969 148.2345864952742 1.9
      vertex 9.477487580941968 148.27750739568202 2.5
      vertex 9.648837420370969 148.2345864952742 2.5
    endloop
  endfacet
  facet normal 0.14673047445538814 0.9891765099647771 0
    outer loop
      vertex 9.823569147406792 148.20866749199004 1.9
      vertex 9.648837420370969 148.2345864952742 2.5
      vertex 9.823569147406792 148.20866749199004 2.5
    endloop
  endfacet
  facet normal 0.049067674327460675 0.9987954562051703 0
    outer loop
      vertex 10 148.2 1.9
      vertex 9.823569147406792 148.20866749199004 2.5
      vertex 10 148.2 2.5
    endloop
  endfacet
  facet normal -0.049067674327460675 0.9987954562051703 0
    outer loop
      vertex 10.176430852593208 148.20866749199004 1.9
      vertex 10 148.2 2.5
      vertex 10.176430852593208 148.20866749199004 2.5
    endloop
  endfacet
  facet normal -0.14673047445538814 0.9891765099647771 0
    outer loop
      vertex 10.351162579629031 148.2345864952742 1.9
      vertex 10.176430852593208 148.20866749199004 2.5
      vertex 10.351162579629031 148.2345864952742 2.5
    endloop
  endfacet
  facet normal -0.2429801799032497 0.9700312531945475 0
    outer loop
      vertex 10.522512419058032 148.27750739568202 1.9
      vertex 10.351162579629031 148.2345864952742 2.5
      vertex 10.522512419058032 148.27750739568202 2.5
    endloop
  endfacet
  facet normal -0.33688985339221356 0.9415440651830232 0
    outer loop
      vertex 10.688830178257161 148.33701684147968 1.9
      vertex 10.522512419058032 148.27750739568202 2.5
      vertex 10.688830178257161 148.33701684147968 2.5
    endloop
  endfacet
  facet normal -0.42755509343032727 0.903989293123422 0
    outer loop
      vertex 10.848514126286796 148.41254172417297 1.9
      vertex 10.688830178257161 148.33701684147968 2.5
      vertex 10.848514126286796 148.41254172417297 2.5
    endloop
  endfacet
  facet normal -0.5141027441932366 0.8577286100002631 0
    outer loop
      vertex 11.000026419435283 148.50335469785543 1.9
      vertex 10.848514126286796 148.41254172417297 2.5
      vertex 11.000026419435283 148.50335469785543 2.5
    endloop
  endfacet
  facet normal -0.5956993044924226 0.8032075314806529 0
    outer loop
      vertex 11.141907911494561 148.60858118394708 1.9
      vertex 11.000026419435283 148.50335469785543 2.5
      vertex 11.141907911494561 148.60858118394708 2.5
    endloop
  endfacet
  facet normal -0.6715589548469773 0.7409511253549963 0
    outer loop
      vertex 11.272792206135787 148.7272077938642 1.9
      vertex 11.141907911494561 148.60858118394708 2.5
      vertex 11.272792206135787 148.7272077938642 2.5
    endloop
  endfacet
  facet normal -0.7409511253549528 0.6715589548470253 0
    outer loop
      vertex 11.391418816052926 148.85809208850543 1.9
      vertex 11.272792206135787 148.7272077938642 2.5
      vertex 11.391418816052926 148.85809208850543 2.5
    endloop
  endfacet
  facet normal -0.8032075314806826 0.5956993044923826 0
    outer loop
      vertex 11.496645302144582 148.99997358056473 1.9
      vertex 11.391418816052926 148.85809208850543 2.5
      vertex 11.496645302144582 148.99997358056473 2.5
    endloop
  endfacet
  facet normal -0.857728610000248 0.5141027441932619 0
    outer loop
      vertex 11.58745827582704 149.1514858737132 1.9
      vertex 11.496645302144582 148.99997358056473 2.5
      vertex 11.58745827582704 149.1514858737132 2.5
    endloop
  endfacet
  facet normal -0.9039892931234638 0.42755509343023906 0
    outer loop
      vertex 11.662983158520316 149.31116982174285 1.9
      vertex 11.58745827582704 149.1514858737132 2.5
      vertex 11.662983158520316 149.31116982174285 2.5
    endloop
  endfacet
  facet normal -0.9415440651830028 0.3368898533922703 0
    outer loop
      vertex 11.722492604317976 149.47748758094195 1.9
      vertex 11.662983158520316 149.31116982174285 2.5
      vertex 11.722492604317976 149.47748758094195 2.5
    endloop
  endfacet
  facet normal -0.970031253194547 0.24298017990325202 0
    outer loop
      vertex 11.765413504725815 149.64883742037097 1.9
      vertex 11.722492604317976 149.47748758094195 2.5
      vertex 11.765413504725815 149.64883742037097 2.5
    endloop
  endfacet
  facet normal -0.9891765099647827 0.14673047445534984 0
    outer loop
      vertex 11.791332508009955 149.8235691474068 1.9
      vertex 11.765413504725815 149.64883742037097 2.5
      vertex 11.791332508009955 149.8235691474068 2.5
    endloop
  endfacet
  facet normal -0.9987954562051722 0.04906767432742302 0
    outer loop
      vertex 11.8 150 1.9
      vertex 11.791332508009955 149.8235691474068 2.5
      vertex 11.8 150 2.5
    endloop
  endfacet
  facet normal 0.9987954562051722 -0.04906767432742302 0
    outer loop
      vertex 8.2 150 1.9
      vertex 8.208667491990045 150.1764308525932 2.5
      vertex 8.2 150 2.5
    endloop
  endfacet
  facet normal 0.9891765099647827 -0.14673047445534984 0
    outer loop
      vertex 8.208667491990045 150.1764308525932 1.9
      vertex 8.234586495274185 150.35116257962903 2.5
      vertex 8.208667491990045 150.1764308525932 2.5
    endloop
  endfacet
  facet normal 0.970031253194547 -0.24298017990325202 0
    outer loop
      vertex 8.234586495274185 150.35116257962903 1.9
      vertex 8.277507395682024 150.52251241905805 2.5
      vertex 8.234586495274185 150.35116257962903 2.5
    endloop
  endfacet
  facet normal 0.9415440651830028 -0.3368898533922703 0
    outer loop
      vertex 8.277507395682024 150.52251241905805 1.9
      vertex 8.337016841479684 150.68883017825715 2.5
      vertex 8.277507395682024 150.52251241905805 2.5
    endloop
  endfacet
  facet normal 0.9039892931234638 -0.42755509343023906 0
    outer loop
      vertex 8.337016841479684 150.68883017825715 1.9
      vertex 8.41254172417296 150.8485141262868 2.5
      vertex 8.337016841479684 150.68883017825715 2.5
    endloop
  endfacet
  facet normal 0.857728610000248 -0.5141027441932619 0
    outer loop
      vertex 8.41254172417296 150.8485141262868 1.9
      vertex 8.503354697855418 151.00002641943527 2.5
      vertex 8.41254172417296 150.8485141262868 2.5
    endloop
  endfacet
  facet normal 0.8032075314806826 -0.5956993044923826 0
    outer loop
      vertex 8.503354697855418 151.00002641943527 1.9
      vertex 8.608581183947074 151.14190791149457 2.5
      vertex 8.503354697855418 151.00002641943527 2.5
    endloop
  endfacet
  facet normal 0.7409511253549528 -0.6715589548470253 0
    outer loop
      vertex 8.608581183947074 151.14190791149457 1.9
      vertex 8.727207793864213 151.2727922061358 2.5
      vertex 8.608581183947074 151.14190791149457 2.5
    endloop
  endfacet
  facet normal 0.6715589548469773 -0.7409511253549963 0
    outer loop
      vertex 8.727207793864213 151.2727922061358 1.9
      vertex 8.858092088505439 151.39141881605292 2.5
      vertex 8.727207793864213 151.2727922061358 2.5
    endloop
  endfacet
  facet normal 0.5956993044924226 -0.8032075314806529 0
    outer loop
      vertex 8.858092088505439 151.39141881605292 1.9
      vertex 8.999973580564717 151.49664530214457 2.5
      vertex 8.858092088505439 151.39141881605292 2.5
    endloop
  endfacet
  facet normal 0.5141027441932366 -0.8577286100002631 0
    outer loop
      vertex 8.999973580564717 151.49664530214457 1.9
      vertex 9.151485873713204 151.58745827582703 2.5
      vertex 8.999973580564717 151.49664530214457 2.5
    endloop
  endfacet
  facet normal 0.42755509343032727 -0.903989293123422 0
    outer loop
      vertex 9.151485873713204 151.58745827582703 1.9
      vertex 9.311169821742839 151.66298315852032 2.5
      vertex 9.151485873713204 151.58745827582703 2.5
    endloop
  endfacet
  facet normal 0.33688985339221356 -0.9415440651830232 0
    outer loop
      vertex 9.311169821742839 151.66298315852032 1.9
      vertex 9.477487580941968 151.72249260431798 2.5
      vertex 9.311169821742839 151.66298315852032 2.5
    endloop
  endfacet
  facet normal 0.2429801799032497 -0.9700312531945475 0
    outer loop
      vertex 9.477487580941968 151.72249260431798 1.9
      vertex 9.648837420370969 151.7654135047258 2.5
      vertex 9.477487580941968 151.72249260431798 2.5
    endloop
  endfacet
  facet normal 0.14673047445538814 -0.9891765099647771 0
    outer loop
      vertex 9.648837420370969 151.7654135047258 1.9
      vertex 9.823569147406792 151.79133250800996 2.5
      vertex 9.648837420370969 151.7654135047258 2.5
    endloop
  endfacet
  facet normal 0.049067674327460675 -0.9987954562051703 0
    outer loop
      vertex 9.823569147406792 151.79133250800996 1.9
      vertex 10 151.8 2.5
      vertex 9.823569147406792 151.79133250800996 2.5
    endloop
  endfacet
  facet normal -0.049067674327460675 -0.9987954562051703 0
    outer loop
      vertex 10 151.8 1.9
      vertex 10.176430852593208 151.79133250800996 2.5
      vertex 10 151.8 2.5
    endloop
  endfacet
  facet normal -0.14673047445538814 -0.9891765099647771 0
    outer loop
      vertex 10.176430852593208 151.79133250800996 1.9
      vertex 10.351162579629031 151.7654135047258 2.5
      vertex 10.176430852593208 151.79133250800996 2.5
    endloop
  endfacet
  facet normal -0.2429801799032497 -0.9700312531945475 0
    outer loop
      vertex 10.351162579629031 151.7654135047258 1.9
      vertex 10.522512419058032 151.72249260431798 2.5
      vertex 10.351162579629031 151.7654135047258 2.5
    endloop
  endfacet
  facet normal -0.33688985339221356 -0.9415440651830232 0
    outer loop
      vertex 10.522512419058032 151.72249260431798 1.9
      vertex 10.688830178257161 151.66298315852032 2.5
      vertex 10.522512419058032 151.72249260431798 2.5
    endloop
  endfacet
  facet normal -0.42755509343032727 -0.903989293123422 0
    outer loop
      vertex 10.688830178257161 151.66298315852032 1.9
      vertex 10.848514126286796 151.58745827582703 2.5
      vertex 10.688830178257161 151.66298315852032 2.5
    endloop
  endfacet
  facet normal -0.5141027441932366 -0.8577286100002631 0
    outer loop
      vertex 10.848514126286796 151.58745827582703 1.9
      vertex 11.000026419435283 151.49664530214457 2.5
      vertex 10.848514126286796 151.58745827582703 2.5
    endloop
  endfacet
  facet normal -0.5956993044924226 -0.8032075314806529 0
    outer loop
      vertex 11.000026419435283 151.49664530214457 1.9
      vertex 11.141907911494561 151.39141881605292 2.5
      vertex 11.000026419435283 151.49664530214457 2.5
    endloop
  endfacet
  facet normal -0.6715589548469773 -0.7409511253549963 0
    outer loop
      vertex 11.141907911494561 151.39141881605292 1.9
      vertex 11.272792206135787 151.2727922061358 2.5
      vertex 11.141907911494561 151.39141881605292 2.5
    endloop
  endfacet
  facet normal -0.7409511253549528 -0.6715589548470253 0
    outer loop
      vertex 11.272792206135787 151.2727922061358 1.9
      vertex 11.391418816052926 151.14190791149457 2.5
      vertex 11.272792206135787 151.2727922061358 2.5
    endloop
  endfacet
  facet normal -0.8032075314806826 -0.5956993044923826 0
    outer loop
      vertex 11.391418816052926 151.14190791149457 1.9
      vertex 11.496645302144582 151.00002641943527 2.5
      vertex 11.391418816052926 151.14190791149457 2.5
    endloop
  endfacet
  facet normal -0.9415440651830028 -0.3368898533922703 0
    outer loop
      vertex 11.662983158520316 150.68883017825715 1.9
      vertex 11.722492604317976 150.52251241905805 2.5
      vertex 11.662983158520316 150.68883017825715 2.5
    endloop
  endfacet
  facet normal -0.9039892931234638 -0.42755509343023906 0
    outer loop
      vertex 11.58745827582704 150.8485141262868 1.9
      vertex 11.662983158520316 150.68883017825715 2.5
      vertex 11.58745827582704 150.8485141262868 2.5
    endloop
  endfacet
  facet normal -0.857728610000248 -0.5141027441932619 0
    outer loop
      vertex 11.496645302144582 151.00002641943527 1.9
      vertex 11.58745827582704 150.8485141262868 2.5
      vertex 11.496645302144582 151.00002641943527 2.5
    endloop
  endfacet
  facet normal -0.9987954562051722 -0.04906767432742302 0
    outer loop
      vertex 11.791332508009955 150.1764308525932 1.9
      vertex 11.8 150 2.5
      vertex 11.791332508009955 150.1764308525932 2.5
    endloop
  endfacet
  facet normal -0.9891765099647827 -0.14673047445534984 0
    outer loop
      vertex 11.765413504725815 150.35116257962903 1.9
      vertex 11.791332508009955 150.1764308525932 2.5
      vertex 11.765413504725815 150.35116257962903 2.5
    endloop
  endfacet
  facet normal -0.970031253194547 -0.24298017990325202 0
    outer loop
      vertex 11.722492604317976 150.52251241905805 1.9
      vertex 11.765413504725815 150.35116257962903 2.5
      vertex 11.722492604317976 150.52251241905805 2.5
    endloop
  endfacet
  facet normal 0.7394784376506519 0.18522970597413935 -0.6471951763374669
    outer loop
      vertex 8.234586495274185 149.64883742037097 1.9
      vertex 6.732048753474507 149.00867782717603 0
      vertex 6.650618267422968 149.33376655031492 0
    endloop
  endfacet
  facet normal 0.7177619607696836 0.25681933610531904 -0.6471951763374652
    outer loop
      vertex 8.277507395682024 149.47748758094195 1.9
      vertex 6.844951396473956 148.69313607847323 0
      vertex 6.732048753474507 149.00867782717603 0
    endloop
  endfacet
  facet normal 0.6891330438379065 0.3259356556380654 -0.6471951763374681
    outer loop
      vertex 8.337016841479684 149.31116982174285 1.9
      vertex 6.988238882250367 148.3901801437392 0
      vertex 6.844951396473956 148.69313607847323 0
    endloop
  endfacet
  facet normal 0.754073332937018 0.11185621251754868 -0.647195176337468
    outer loop
      vertex 8.208667491990045 149.8235691474068 1.9
      vertex 6.650618267422968 149.33376655031492 0
      vertex 6.601444158414448 149.66527146577454 0
    endloop
  endfacet
  facet normal 0.7614060898087853 0.03740548258759221 -0.6471951763374674
    outer loop
      vertex 8.2 150 1.9
      vertex 6.601444158414448 149.66527146577454 0
      vertex 6.585 150 0
    endloop
  endfacet
  facet normal 0.761406089808785 -0.03740548258759243 -0.6471951763374675
    outer loop
      vertex 8.208667491990045 150.1764308525932 1.9
      vertex 6.585 150 0
      vertex 6.601444158414448 150.33472853422546 0
    endloop
  endfacet
  facet normal 0.7540733329370185 -0.1118562125175489 -0.6471951763374674
    outer loop
      vertex 8.234586495274185 150.35116257962903 1.9
      vertex 6.601444158414448 150.33472853422546 0
      vertex 6.650618267422968 150.66623344968508 0
    endloop
  endfacet
  facet normal 0.7394784376506527 -0.18522970597413968 -0.6471951763374659
    outer loop
      vertex 8.277507395682024 150.52251241905805 1.9
      vertex 6.650618267422968 150.66623344968508 0
      vertex 6.732048753474507 150.99132217282397 0
    endloop
  endfacet
  facet normal 0.7177619607696815 -0.2568193361053186 -0.6471951763374674
    outer loop
      vertex 8.337016841479684 150.68883017825715 1.9
      vertex 6.732048753474507 150.99132217282397 0
      vertex 6.844951396473956 151.30686392152677 0
    endloop
  endfacet
  facet normal 0.6891330438379067 -0.3259356556380654 -0.647195176337468
    outer loop
      vertex 8.41254172417296 150.8485141262868 1.9
      vertex 6.844951396473956 151.30686392152677 0
      vertex 6.988238882250367 151.6098198562608 0
    endloop
  endfacet
  facet normal 0.3259356556380665 0.689133043837904 -0.6471951763374703
    outer loop
      vertex 9.151485873713204 148.41254172417297 1.9
      vertex 8.693136078473218 146.84495139647396 0
      vertex 8.390180143739219 146.98823888225036 0
    endloop
  endfacet
  facet normal 0.25681933610531205 0.7177619607696855 -0.6471951763374657
    outer loop
      vertex 9.311169821742839 148.33701684147968 1.9
      vertex 9.008677827176012 146.73204875347452 0
      vertex 8.693136078473218 146.84495139647396 0
    endloop
  endfacet
  facet normal 0.18522970597414234 0.7394784376506524 -0.6471951763374653
    outer loop
      vertex 9.477487580941968 148.27750739568202 1.9
      vertex 9.333766550314921 146.65061826742297 0
      vertex 9.008677827176012 146.73204875347452 0
    endloop
  endfacet
  facet normal 0.5648450797317864 0.5119457389492662 -0.6471951763374645
    outer loop
      vertex 8.608581183947074 148.85809208850543 1.9
      vertex 7.5852303422479395 147.58523034224794 0
      vertex 7.360169301766254 147.83354693458116 0
    endloop
  endfacet
  facet normal 0.6123046536206759 0.4541160808427449 -0.6471951763374707
    outer loop
      vertex 8.503354697855418 148.99997358056473 1.9
      vertex 7.360169301766254 147.83354693458116 0
      vertex 7.160531273986807 148.10272765423804 0
    endloop
  endfacet
  facet normal 0.6538673989755087 0.39191303663251054 -0.6471951763374689
    outer loop
      vertex 8.41254172417296 149.1514858737132 1.9
      vertex 7.160531273986807 148.10272765423804 0
      vertex 6.988238882250367 148.3901801437392 0
    endloop
  endfacet
  facet normal 0.5119457389492699 0.5648450797317808 -0.6471951763374664
    outer loop
      vertex 8.727207793864213 148.7272077938642 1.9
      vertex 7.83354693458115 147.36016930176626 0
      vertex 7.5852303422479395 147.58523034224794 0
    endloop
  endfacet
  facet normal 0.45411608084272337 0.612304653620695 -0.6471951763374675
    outer loop
      vertex 8.858092088505439 148.60858118394708 1.9
      vertex 8.102727654238059 147.1605312739868 0
      vertex 7.83354693458115 147.36016930176626 0
    endloop
  endfacet
  facet normal 0.3919130366325264 0.6538673989754976 -0.6471951763374704
    outer loop
      vertex 8.999973580564717 148.50335469785543 1.9
      vertex 8.390180143739219 146.98823888225036 0
      vertex 8.102727654238059 147.1605312739868 0
    endloop
  endfacet
  facet normal 0.11185621251757288 0.7540733329370146 -0.6471951763374677
    outer loop
      vertex 9.648837420370969 148.2345864952742 1.9
      vertex 9.66527146577455 146.60144415841444 0
      vertex 9.333766550314921 146.65061826742297 0
    endloop
  endfacet
  facet normal 0.037405482587553364 0.7614060898087867 -0.6471951763374678
    outer loop
      vertex 9.823569147406792 148.20866749199004 1.9
      vertex 10 146.585 0
      vertex 9.66527146577455 146.60144415841444 0
    endloop
  endfacet
  facet normal -0.03740548258755334 0.7614060898087901 -0.6471951763374639
    outer loop
      vertex 10 148.2 1.9
      vertex 10.33472853422545 146.60144415841444 0
      vertex 10 146.585 0
    endloop
  endfacet
  facet normal -0.11185621251757305 0.7540733329370142 -0.647195176337468
    outer loop
      vertex 10.176430852593208 148.20866749199004 1.9
      vertex 10.666233449685079 146.65061826742297 0
      vertex 10.33472853422545 146.60144415841444 0
    endloop
  endfacet
  facet normal -0.18522970597414246 0.7394784376506514 -0.6471951763374667
    outer loop
      vertex 10.351162579629031 148.2345864952742 1.9
      vertex 10.991322172823988 146.73204875347452 0
      vertex 10.666233449685079 146.65061826742297 0
    endloop
  endfacet
  facet normal -0.25681933610531243 0.7177619607696856 -0.6471951763374653
    outer loop
      vertex 10.522512419058032 148.27750739568202 1.9
      vertex 11.306863921526782 146.84495139647396 0
      vertex 10.991322172823988 146.73204875347452 0
    endloop
  endfacet
  facet normal -0.3259356556380678 0.6891330438379067 -0.6471951763374666
    outer loop
      vertex 10.688830178257161 148.33701684147968 1.9
      vertex 11.609819856260781 146.98823888225036 0
      vertex 11.306863921526782 146.84495139647396 0
    endloop
  endfacet
  facet normal -0.39191303663252647 0.6538673989754976 -0.6471951763374704
    outer loop
      vertex 10.848514126286796 148.41254172417297 1.9
      vertex 11.897272345761941 147.1605312739868 0
      vertex 11.609819856260781 146.98823888225036 0
    endloop
  endfacet
  facet normal -0.45411608084272276 0.6123046536206936 -0.6471951763374693
    outer loop
      vertex 11.000026419435283 148.50335469785543 1.9
      vertex 12.16645306541885 147.36016930176626 0
      vertex 11.897272345761941 147.1605312739868 0
    endloop
  endfacet
  facet normal -0.5119457389492693 0.5648450797317799 -0.6471951763374676
    outer loop
      vertex 11.141907911494561 148.60858118394708 1.9
      vertex 12.41476965775206 147.58523034224794 0
      vertex 12.16645306541885 147.36016930176626 0
    endloop
  endfacet
  facet normal -0.5648450797317855 0.5119457389492651 -0.647195176337466
    outer loop
      vertex 11.272792206135787 148.7272077938642 1.9
      vertex 12.639830698233746 147.83354693458116 0
      vertex 12.41476965775206 147.58523034224794 0
    endloop
  endfacet
  facet normal -0.6123046536206794 0.4541160808427475 -0.6471951763374653
    outer loop
      vertex 11.391418816052926 148.85809208850543 1.9
      vertex 12.839468726013193 148.10272765423804 0
      vertex 12.639830698233746 147.83354693458116 0
    endloop
  endfacet
  facet normal -0.6538673989755082 0.3919130366325077 -0.647195176337471
    outer loop
      vertex 11.496645302144582 148.99997358056473 1.9
      vertex 13.011761117749632 148.3901801437392 0
      vertex 12.839468726013193 148.10272765423804 0
    endloop
  endfacet
  facet normal -0.6891330438379061 0.32593565563806703 -0.6471951763374677
    outer loop
      vertex 11.58745827582704 149.1514858737132 1.9
      vertex 13.155048603526044 148.69313607847323 0
      vertex 13.011761117749632 148.3901801437392 0
    endloop
  endfacet
  facet normal -0.7177619607696815 0.2568193361053186 -0.6471951763374674
    outer loop
      vertex 11.662983158520316 149.31116982174285 1.9
      vertex 13.267951246525493 149.00867782717603 0
      vertex 13.155048603526044 148.69313607847323 0
    endloop
  endfacet
  facet normal -0.7394784376506532 0.18522970597413768 -0.6471951763374658
    outer loop
      vertex 11.722492604317976 149.47748758094195 1.9
      vertex 13.349381732577031 149.33376655031492 0
      vertex 13.267951246525493 149.00867782717603 0
    endloop
  endfacet
  facet normal -0.7540733329370187 0.11185621251754882 -0.6471951763374671
    outer loop
      vertex 11.765413504725815 149.64883742037097 1.9
      vertex 13.398555841585551 149.66527146577454 0
      vertex 13.349381732577031 149.33376655031492 0
    endloop
  endfacet
  facet normal -0.7614060898087852 0.03740548258759233 -0.6471951763374673
    outer loop
      vertex 11.791332508009955 149.8235691474068 1.9
      vertex 13.415 150 0
      vertex 13.398555841585551 149.66527146577454 0
    endloop
  endfacet
  facet normal 0.6538673989755072 -0.3919130366325092 -0.647195176337471
    outer loop
      vertex 8.503354697855418 151.00002641943527 1.9
      vertex 6.988238882250367 151.6098198562608 0
      vertex 7.160531273986807 151.89727234576196 0
    endloop
  endfacet
  facet normal 0.6123046536206794 -0.4541160808427475 -0.6471951763374653
    outer loop
      vertex 8.608581183947074 151.14190791149457 1.9
      vertex 7.160531273986807 151.89727234576196 0
      vertex 7.360169301766254 152.16645306541884 0
    endloop
  endfacet
  facet normal 0.5648450797317855 -0.5119457389492651 -0.647195176337466
    outer loop
      vertex 8.727207793864213 151.2727922061358 1.9
      vertex 7.360169301766254 152.16645306541884 0
      vertex 7.5852303422479395 152.41476965775206 0
    endloop
  endfacet
  facet normal 0.5119457389492693 -0.5648450797317799 -0.6471951763374676
    outer loop
      vertex 8.858092088505439 151.39141881605292 1.9
      vertex 7.5852303422479395 152.41476965775206 0
      vertex 7.83354693458115 152.63983069823374 0
    endloop
  endfacet
  facet normal 0.45411608084272276 -0.6123046536206936 -0.6471951763374693
    outer loop
      vertex 8.999973580564717 151.49664530214457 1.9
      vertex 7.83354693458115 152.63983069823374 0
      vertex 8.102727654238059 152.8394687260132 0
    endloop
  endfacet
  facet normal 0.39191303663252647 -0.6538673989754976 -0.6471951763374704
    outer loop
      vertex 9.151485873713204 151.58745827582703 1.9
      vertex 8.102727654238059 152.8394687260132 0
      vertex 8.390180143739219 153.01176111774964 0
    endloop
  endfacet
  facet normal 0.3259356556380678 -0.6891330438379067 -0.6471951763374666
    outer loop
      vertex 9.311169821742839 151.66298315852032 1.9
      vertex 8.390180143739219 153.01176111774964 0
      vertex 8.693136078473218 153.15504860352604 0
    endloop
  endfacet
  facet normal 0.25681933610531243 -0.7177619607696856 -0.6471951763374653
    outer loop
      vertex 9.477487580941968 151.72249260431798 1.9
      vertex 8.693136078473218 153.15504860352604 0
      vertex 9.008677827176012 153.26795124652548 0
    endloop
  endfacet
  facet normal 0.18522970597414246 -0.7394784376506514 -0.6471951763374667
    outer loop
      vertex 9.648837420370969 151.7654135047258 1.9
      vertex 9.008677827176012 153.26795124652548 0
      vertex 9.333766550314921 153.34938173257703 0
    endloop
  endfacet
  facet normal 0.11185621251757305 -0.7540733329370142 -0.647195176337468
    outer loop
      vertex 9.823569147406792 151.79133250800996 1.9
      vertex 9.333766550314921 153.34938173257703 0
      vertex 9.66527146577455 153.39855584158556 0
    endloop
  endfacet
  facet normal 0.03740548258755334 -0.7614060898087901 -0.6471951763374639
    outer loop
      vertex 10 151.8 1.9
      vertex 9.66527146577455 153.39855584158556 0
      vertex 10 153.415 0
    endloop
  endfacet
  facet normal -0.037405482587553364 -0.7614060898087867 -0.6471951763374678
    outer loop
      vertex 10.176430852593208 151.79133250800996 1.9
      vertex 10 153.415 0
      vertex 10.33472853422545 153.39855584158556 0
    endloop
  endfacet
  facet normal -0.11185621251757288 -0.7540733329370146 -0.6471951763374677
    outer loop
      vertex 10.351162579629031 151.7654135047258 1.9
      vertex 10.33472853422545 153.39855584158556 0
      vertex 10.666233449685079 153.34938173257703 0
    endloop
  endfacet
  facet normal -0.18522970597414234 -0.7394784376506524 -0.6471951763374653
    outer loop
      vertex 10.522512419058032 151.72249260431798 1.9
      vertex 10.666233449685079 153.34938173257703 0
      vertex 10.991322172823988 153.26795124652548 0
    endloop
  endfacet
  facet normal -0.25681933610531205 -0.7177619607696855 -0.6471951763374657
    outer loop
      vertex 10.688830178257161 151.66298315852032 1.9
      vertex 10.991322172823988 153.26795124652548 0
      vertex 11.306863921526782 153.15504860352604 0
    endloop
  endfacet
  facet normal -0.3919130366325264 -0.6538673989754976 -0.6471951763374704
    outer loop
      vertex 11.000026419435283 151.49664530214457 1.9
      vertex 11.609819856260781 153.01176111774964 0
      vertex 11.897272345761941 152.8394687260132 0
    endloop
  endfacet
  facet normal -0.5119457389492699 -0.5648450797317808 -0.6471951763374664
    outer loop
      vertex 11.272792206135787 151.2727922061358 1.9
      vertex 12.16645306541885 152.63983069823374 0
      vertex 12.41476965775206 152.41476965775206 0
    endloop
  endfacet
  facet normal -0.45411608084272337 -0.612304653620695 -0.6471951763374675
    outer loop
      vertex 11.141907911494561 151.39141881605292 1.9
      vertex 11.897272345761941 152.8394687260132 0
      vertex 12.16645306541885 152.63983069823374 0
    endloop
  endfacet
  facet normal -0.5648450797317864 -0.5119457389492662 -0.6471951763374645
    outer loop
      vertex 11.391418816052926 151.14190791149457 1.9
      vertex 12.41476965775206 152.41476965775206 0
      vertex 12.639830698233746 152.16645306541884 0
    endloop
  endfacet
  facet normal -0.6891330438379057 -0.3259356556380672 -0.6471951763374681
    outer loop
      vertex 11.662983158520316 150.68883017825715 1.9
      vertex 13.011761117749632 151.6098198562608 0
      vertex 13.155048603526044 151.30686392152677 0
    endloop
  endfacet
  facet normal -0.7614060898087854 -0.03740548258759232 -0.647195176337467
    outer loop
      vertex 11.8 150 1.9
      vertex 13.398555841585551 150.33472853422546 0
      vertex 13.415 150 0
    endloop
  endfacet
  facet normal -0.7540733329370181 -0.1118562125175488 -0.6471951763374678
    outer loop
      vertex 11.791332508009955 150.1764308525932 1.9
      vertex 13.349381732577031 150.66623344968508 0
      vertex 13.398555841585551 150.33472853422546 0
    endloop
  endfacet
  facet normal -0.7394784376506524 -0.18522970597413743 -0.6471951763374668
    outer loop
      vertex 11.765413504725815 150.35116257962903 1.9
      vertex 13.267951246525493 150.99132217282397 0
      vertex 13.349381732577031 150.66623344968508 0
    endloop
  endfacet
  facet normal -0.7177619607696836 -0.25681933610531904 -0.6471951763374652
    outer loop
      vertex 11.722492604317976 150.52251241905805 1.9
      vertex 13.155048603526044 151.30686392152677 0
      vertex 13.267951246525493 150.99132217282397 0
    endloop
  endfacet
  facet normal -0.6123046536206759 -0.4541160808427449 -0.6471951763374707
    outer loop
      vertex 11.496645302144582 151.00002641943527 1.9
      vertex 12.639830698233746 152.16645306541884 0
      vertex 12.839468726013193 151.89727234576196 0
    endloop
  endfacet
  facet normal -0.6538673989755096 -0.39191303663250904 -0.6471951763374687
    outer loop
      vertex 11.58745827582704 150.8485141262868 1.9
      vertex 12.839468726013193 151.89727234576196 0
      vertex 13.011761117749632 151.6098198562608 0
    endloop
  endfacet
  facet normal -0.3259356556380665 -0.689133043837904 -0.6471951763374703
    outer loop
      vertex 10.848514126286796 151.58745827582703 1.9
      vertex 11.306863921526782 153.15504860352604 0
      vertex 11.609819856260781 153.01176111774964 0
    endloop
  endfacet
  facet normal 0.612304653620739 0.4541160808426706 -0.647195176337463
    outer loop
      vertex 8.503354697855418 148.99997358056473 1.9
      vertex 8.608581183947074 148.85809208850543 1.9
      vertex 7.360169301766254 147.83354693458116 0
    endloop
  endfacet
  facet normal 0.5648450797317637 0.5119457389492882 -0.6471951763374669
    outer loop
      vertex 8.727207793864213 148.7272077938642 1.9
      vertex 7.5852303422479395 147.58523034224794 0
      vertex 8.608581183947074 148.85809208850543 1.9
    endloop
  endfacet
  facet normal 0.6891330438379095 0.3259356556380599 -0.6471951763374677
    outer loop
      vertex 8.337016841479684 149.31116982174285 1.9
      vertex 8.41254172417296 149.1514858737132 1.9
      vertex 6.988238882250367 148.3901801437392 0
    endloop
  endfacet
  facet normal 0.7177619607696656 0.25681933610536056 -0.6471951763374686
    outer loop
      vertex 8.337016841479684 149.31116982174285 1.9
      vertex 6.844951396473956 148.69313607847323 0
      vertex 8.277507395682024 149.47748758094195 1.9
    endloop
  endfacet
  facet normal 0.7540733329370206 0.11185621251753673 -0.6471951763374671
    outer loop
      vertex 8.234586495274185 149.64883742037097 1.9
      vertex 6.650618267422968 149.33376655031492 0
      vertex 8.208667491990045 149.8235691474068 1.9
    endloop
  endfacet
  facet normal 0.7614060898087847 0.03740548258759748 -0.6471951763374676
    outer loop
      vertex 8.208667491990045 149.8235691474068 1.9
      vertex 6.601444158414448 149.66527146577454 0
      vertex 8.2 150 1.9
    endloop
  endfacet
  facet normal 0.7394784376506581 0.18522970597411959 -0.6471951763374654
    outer loop
      vertex 8.234586495274185 149.64883742037097 1.9
      vertex 8.277507395682024 149.47748758094195 1.9
      vertex 6.732048753474507 149.00867782717603 0
    endloop
  endfacet
  facet normal 0.6538673989754858 0.3919130366325433 -0.647195176337472
    outer loop
      vertex 8.503354697855418 148.99997358056473 1.9
      vertex 7.160531273986807 148.10272765423804 0
      vertex 8.41254172417296 149.1514858737132 1.9
    endloop
  endfacet
  facet normal 0.45411608084269756 0.6123046536207116 -0.64719517633747
    outer loop
      vertex 8.858092088505439 148.60858118394708 1.9
      vertex 8.999973580564717 148.50335469785543 1.9
      vertex 8.102727654238059 147.1605312739868 0
    endloop
  endfacet
  facet normal 0.39191303663252486 0.6538673989754985 -0.6471951763374705
    outer loop
      vertex 8.999973580564717 148.50335469785543 1.9
      vertex 9.151485873713204 148.41254172417297 1.9
      vertex 8.390180143739219 146.98823888225036 0
    endloop
  endfacet
  facet normal 0.5119457389492507 0.5648450797317961 -0.6471951763374681
    outer loop
      vertex 8.727207793864213 148.7272077938642 1.9
      vertex 8.858092088505439 148.60858118394708 1.9
      vertex 7.83354693458115 147.36016930176626 0
    endloop
  endfacet
  facet normal 0.325935655638128 0.6891330438378798 -0.6471951763374652
    outer loop
      vertex 9.151485873713204 148.41254172417297 1.9
      vertex 9.311169821742839 148.33701684147968 1.9
      vertex 8.693136078473218 146.84495139647396 0
    endloop
  endfacet
  facet normal 0.2568193361053182 0.7177619607696837 -0.6471951763374652
    outer loop
      vertex 9.311169821742839 148.33701684147968 1.9
      vertex 9.477487580941968 148.27750739568202 1.9
      vertex 9.008677827176012 146.73204875347452 0
    endloop
  endfacet
  facet normal 0.1852297059741174 0.739478437650657 -0.6471951763374674
    outer loop
      vertex 9.477487580941968 148.27750739568202 1.9
      vertex 9.648837420370969 148.2345864952742 1.9
      vertex 9.333766550314921 146.65061826742297 0
    endloop
  endfacet
  facet normal 0.11185621251756575 0.7540733329370152 -0.6471951763374683
    outer loop
      vertex 9.648837420370969 148.2345864952742 1.9
      vertex 9.823569147406792 148.20866749199004 1.9
      vertex 9.66527146577455 146.60144415841444 0
    endloop
  endfacet
  facet normal 0.037405482587626424 0.761406089808788 -0.647195176337462
    outer loop
      vertex 9.823569147406792 148.20866749199004 1.9
      vertex 10 148.2 1.9
      vertex 10 146.585 0
    endloop
  endfacet
  facet normal -0.03740548258762611 0.7614060898087817 -0.6471951763374695
    outer loop
      vertex 10 148.2 1.9
      vertex 10.176430852593208 148.20866749199004 1.9
      vertex 10.33472853422545 146.60144415841444 0
    endloop
  endfacet
  facet normal -0.11185621251756583 0.7540733329370157 -0.6471951763374675
    outer loop
      vertex 10.176430852593208 148.20866749199004 1.9
      vertex 10.351162579629031 148.2345864952742 1.9
      vertex 10.666233449685079 146.65061826742297 0
    endloop
  endfacet
  facet normal -0.18522970597411792 0.7394784376506591 -0.6471951763374647
    outer loop
      vertex 10.351162579629031 148.2345864952742 1.9
      vertex 10.522512419058032 148.27750739568202 1.9
      vertex 10.991322172823988 146.73204875347452 0
    endloop
  endfacet
  facet normal -0.2568193361053181 0.7177619607696831 -0.6471951763374658
    outer loop
      vertex 10.522512419058032 148.27750739568202 1.9
      vertex 10.688830178257161 148.33701684147968 1.9
      vertex 11.306863921526782 146.84495139647396 0
    endloop
  endfacet
  facet normal -0.32593565563812554 0.6891330438378745 -0.6471951763374718
    outer loop
      vertex 10.688830178257161 148.33701684147968 1.9
      vertex 10.848514126286796 148.41254172417297 1.9
      vertex 11.609819856260781 146.98823888225036 0
    endloop
  endfacet
  facet normal -0.39191303663252497 0.6538673989754987 -0.6471951763374703
    outer loop
      vertex 10.848514126286796 148.41254172417297 1.9
      vertex 11.000026419435283 148.50335469785543 1.9
      vertex 11.897272345761941 147.1605312739868 0
    endloop
  endfacet
  facet normal -0.4541160808426991 0.6123046536207137 -0.6471951763374668
    outer loop
      vertex 11.000026419435283 148.50335469785543 1.9
      vertex 11.141907911494561 148.60858118394708 1.9
      vertex 12.16645306541885 147.36016930176626 0
    endloop
  endfacet
  facet normal -0.5119457389492522 0.5648450797317978 -0.6471951763374657
    outer loop
      vertex 11.141907911494561 148.60858118394708 1.9
      vertex 11.272792206135787 148.7272077938642 1.9
      vertex 12.41476965775206 147.58523034224794 0
    endloop
  endfacet
  facet normal -0.5648450797317657 0.51194573894929 -0.6471951763374636
    outer loop
      vertex 11.272792206135787 148.7272077938642 1.9
      vertex 11.391418816052926 148.85809208850543 1.9
      vertex 12.639830698233746 147.83354693458116 0
    endloop
  endfacet
  facet normal -0.6123046536207322 0.45411608084266547 -0.647195176337473
    outer loop
      vertex 11.391418816052926 148.85809208850543 1.9
      vertex 11.496645302144582 148.99997358056473 1.9
      vertex 12.839468726013193 148.10272765423804 0
    endloop
  endfacet
  facet normal -0.653867398975489 0.3919130366325452 -0.6471951763374678
    outer loop
      vertex 11.496645302144582 148.99997358056473 1.9
      vertex 11.58745827582704 149.1514858737132 1.9
      vertex 13.011761117749632 148.3901801437392 0
    endloop
  endfacet
  facet normal -0.689133043837909 0.3259356556380596 -0.6471951763374684
    outer loop
      vertex 11.58745827582704 149.1514858737132 1.9
      vertex 11.662983158520316 149.31116982174285 1.9
      vertex 13.155048603526044 148.69313607847323 0
    endloop
  endfacet
  facet normal -0.7177619607696692 0.2568193361053619 -0.6471951763374639
    outer loop
      vertex 11.662983158520316 149.31116982174285 1.9
      vertex 11.722492604317976 149.47748758094195 1.9
      vertex 13.267951246525493 149.00867782717603 0
    endloop
  endfacet
  facet normal -0.7394784376506566 0.1852297059741192 -0.6471951763374673
    outer loop
      vertex 11.722492604317976 149.47748758094195 1.9
      vertex 11.765413504725815 149.64883742037097 1.9
      vertex 13.349381732577031 149.33376655031492 0
    endloop
  endfacet
  facet normal -0.7540733329370197 0.11185621251753661 -0.6471951763374681
    outer loop
      vertex 11.765413504725815 149.64883742037097 1.9
      vertex 11.791332508009955 149.8235691474068 1.9
      vertex 13.398555841585551 149.66527146577454 0
    endloop
  endfacet
  facet normal -0.7614060898087854 0.03740548258759751 -0.6471951763374669
    outer loop
      vertex 11.791332508009955 149.8235691474068 1.9
      vertex 11.8 150 1.9
      vertex 13.415 150 0
    endloop
  endfacet
  facet normal 0.7614060898087851 -0.037405482587597495 -0.647195176337467
    outer loop
      vertex 8.2 150 1.9
      vertex 6.585 150 0
      vertex 8.208667491990045 150.1764308525932 1.9
    endloop
  endfacet
  facet normal 0.7540733329370195 -0.11185621251753658 -0.6471951763374684
    outer loop
      vertex 8.208667491990045 150.1764308525932 1.9
      vertex 6.601444158414448 150.33472853422546 0
      vertex 8.234586495274185 150.35116257962903 1.9
    endloop
  endfacet
  facet normal 0.7394784376506564 -0.18522970597411914 -0.6471951763374675
    outer loop
      vertex 8.234586495274185 150.35116257962903 1.9
      vertex 6.650618267422968 150.66623344968508 0
      vertex 8.277507395682024 150.52251241905805 1.9
    endloop
  endfacet
  facet normal 0.7177619607696692 -0.2568193361053619 -0.6471951763374639
    outer loop
      vertex 8.277507395682024 150.52251241905805 1.9
      vertex 6.732048753474507 150.99132217282397 0
      vertex 8.337016841479684 150.68883017825715 1.9
    endloop
  endfacet
  facet normal 0.689133043837909 -0.3259356556380596 -0.6471951763374684
    outer loop
      vertex 8.337016841479684 150.68883017825715 1.9
      vertex 6.844951396473956 151.30686392152677 0
      vertex 8.41254172417296 150.8485141262868 1.9
    endloop
  endfacet
  facet normal 0.6538673989754888 -0.39191303663254506 -0.6471951763374679
    outer loop
      vertex 8.41254172417296 150.8485141262868 1.9
      vertex 6.988238882250367 151.6098198562608 0
      vertex 8.503354697855418 151.00002641943527 1.9
    endloop
  endfacet
  facet normal 0.6123046536207322 -0.45411608084266547 -0.647195176337473
    outer loop
      vertex 8.503354697855418 151.00002641943527 1.9
      vertex 7.160531273986807 151.89727234576196 0
      vertex 8.608581183947074 151.14190791149457 1.9
    endloop
  endfacet
  facet normal 0.5648450797317657 -0.51194573894929 -0.6471951763374636
    outer loop
      vertex 8.608581183947074 151.14190791149457 1.9
      vertex 7.360169301766254 152.16645306541884 0
      vertex 8.727207793864213 151.2727922061358 1.9
    endloop
  endfacet
  facet normal 0.5119457389492522 -0.5648450797317978 -0.6471951763374657
    outer loop
      vertex 8.727207793864213 151.2727922061358 1.9
      vertex 7.5852303422479395 152.41476965775206 0
      vertex 8.858092088505439 151.39141881605292 1.9
    endloop
  endfacet
  facet normal 0.4541160808426991 -0.6123046536207137 -0.6471951763374668
    outer loop
      vertex 8.858092088505439 151.39141881605292 1.9
      vertex 7.83354693458115 152.63983069823374 0
      vertex 8.999973580564717 151.49664530214457 1.9
    endloop
  endfacet
  facet normal 0.39191303663252497 -0.6538673989754987 -0.6471951763374703
    outer loop
      vertex 8.999973580564717 151.49664530214457 1.9
      vertex 8.102727654238059 152.8394687260132 0
      vertex 9.151485873713204 151.58745827582703 1.9
    endloop
  endfacet
  facet normal 0.32593565563812554 -0.6891330438378745 -0.6471951763374718
    outer loop
      vertex 9.151485873713204 151.58745827582703 1.9
      vertex 8.390180143739219 153.01176111774964 0
      vertex 9.311169821742839 151.66298315852032 1.9
    endloop
  endfacet
  facet normal 0.2568193361053181 -0.7177619607696831 -0.6471951763374658
    outer loop
      vertex 9.311169821742839 151.66298315852032 1.9
      vertex 8.693136078473218 153.15504860352604 0
      vertex 9.477487580941968 151.72249260431798 1.9
    endloop
  endfacet
  facet normal 0.18522970597411792 -0.7394784376506591 -0.6471951763374647
    outer loop
      vertex 9.477487580941968 151.72249260431798 1.9
      vertex 9.008677827176012 153.26795124652548 0
      vertex 9.648837420370969 151.7654135047258 1.9
    endloop
  endfacet
  facet normal 0.11185621251756583 -0.7540733329370157 -0.6471951763374675
    outer loop
      vertex 9.648837420370969 151.7654135047258 1.9
      vertex 9.333766550314921 153.34938173257703 0
      vertex 9.823569147406792 151.79133250800996 1.9
    endloop
  endfacet
  facet normal 0.03740548258762611 -0.7614060898087817 -0.6471951763374695
    outer loop
      vertex 9.823569147406792 151.79133250800996 1.9
      vertex 9.66527146577455 153.39855584158556 0
      vertex 10 151.8 1.9
    endloop
  endfacet
  facet normal -0.037405482587626424 -0.761406089808788 -0.647195176337462
    outer loop
      vertex 10 151.8 1.9
      vertex 10 153.415 0
      vertex 10.176430852593208 151.79133250800996 1.9
    endloop
  endfacet
  facet normal -0.11185621251756574 -0.7540733329370151 -0.6471951763374684
    outer loop
      vertex 10.176430852593208 151.79133250800996 1.9
      vertex 10.33472853422545 153.39855584158556 0
      vertex 10.351162579629031 151.7654135047258 1.9
    endloop
  endfacet
  facet normal -0.1852297059741174 -0.739478437650657 -0.6471951763374674
    outer loop
      vertex 10.351162579629031 151.7654135047258 1.9
      vertex 10.666233449685079 153.34938173257703 0
      vertex 10.522512419058032 151.72249260431798 1.9
    endloop
  endfacet
  facet normal -0.2568193361053182 -0.7177619607696837 -0.6471951763374652
    outer loop
      vertex 10.522512419058032 151.72249260431798 1.9
      vertex 10.991322172823988 153.26795124652548 0
      vertex 10.688830178257161 151.66298315852032 1.9
    endloop
  endfacet
  facet normal -0.325935655638128 -0.6891330438378798 -0.6471951763374652
    outer loop
      vertex 10.688830178257161 151.66298315852032 1.9
      vertex 11.306863921526782 153.15504860352604 0
      vertex 10.848514126286796 151.58745827582703 1.9
    endloop
  endfacet
  facet normal -0.39191303663252486 -0.6538673989754985 -0.6471951763374705
    outer loop
      vertex 11.000026419435283 151.49664530214457 1.9
      vertex 10.848514126286796 151.58745827582703 1.9
      vertex 11.609819856260781 153.01176111774964 0
    endloop
  endfacet
  facet normal -0.7177619607696656 -0.25681933610536056 -0.6471951763374686
    outer loop
      vertex 11.722492604317976 150.52251241905805 1.9
      vertex 11.662983158520316 150.68883017825715 1.9
      vertex 13.155048603526044 151.30686392152677 0
    endloop
  endfacet
  facet normal -0.6538673989754858 -0.3919130366325433 -0.647195176337472
    outer loop
      vertex 11.496645302144582 151.00002641943527 1.9
      vertex 12.839468726013193 151.89727234576196 0
      vertex 11.58745827582704 150.8485141262868 1.9
    endloop
  endfacet
  facet normal -0.6891330438379096 -0.32593565563805993 -0.6471951763374675
    outer loop
      vertex 11.58745827582704 150.8485141262868 1.9
      vertex 13.011761117749632 151.6098198562608 0
      vertex 11.662983158520316 150.68883017825715 1.9
    endloop
  endfacet
  facet normal -0.5119457389492507 -0.5648450797317961 -0.6471951763374681
    outer loop
      vertex 11.141907911494561 151.39141881605292 1.9
      vertex 12.16645306541885 152.63983069823374 0
      vertex 11.272792206135787 151.2727922061358 1.9
    endloop
  endfacet
  facet normal -0.5648450797317637 -0.5119457389492882 -0.6471951763374669
    outer loop
      vertex 11.272792206135787 151.2727922061358 1.9
      vertex 12.41476965775206 152.41476965775206 0
      vertex 11.391418816052926 151.14190791149457 1.9
    endloop
  endfacet
  facet normal -0.45411608084269756 -0.6123046536207116 -0.64719517633747
    outer loop
      vertex 11.000026419435283 151.49664530214457 1.9
      vertex 11.897272345761941 152.8394687260132 0
      vertex 11.141907911494561 151.39141881605292 1.9
    endloop
  endfacet
  facet normal -0.612304653620739 -0.4541160808426706 -0.647195176337463
    outer loop
      vertex 11.391418816052926 151.14190791149457 1.9
      vertex 12.639830698233746 152.16645306541884 0
      vertex 11.496645302144582 151.00002641943527 1.9
    endloop
  endfacet
  facet normal -0.7614060898087849 -0.03740548258759749 -0.6471951763374674
    outer loop
      vertex 11.8 150 1.9
      vertex 11.791332508009955 150.1764308525932 1.9
      vertex 13.398555841585551 150.33472853422546 0
    endloop
  endfacet
  facet normal -0.7540733329370207 -0.11185621251753675 -0.6471951763374668
    outer loop
      vertex 11.791332508009955 150.1764308525932 1.9
      vertex 11.765413504725815 150.35116257962903 1.9
      vertex 13.349381732577031 150.66623344968508 0
    endloop
  endfacet
  facet normal -0.7394784376506581 -0.18522970597411959 -0.6471951763374654
    outer loop
      vertex 11.722492604317976 150.52251241905805 1.9
      vertex 13.267951246525493 150.99132217282397 0
      vertex 11.765413504725815 150.35116257962903 1.9
    endloop
  endfacet
  facet normal 0.9700312531945516 0.2429801799032331 0
    outer loop
      vertex 108.23458649527419 149.64883742037097 1.9
      vertex 108.23458649527419 149.64883742037097 2.5
      vertex 108.27750739568202 149.47748758094195 1.9
    endloop
  endfacet
  facet normal 0.9891765099647782 0.14673047445537934 -1.2833367796051678e-18
    outer loop
      vertex 108.23458649527419 149.64883742037097 1.9
      vertex 108.20866749199004 149.8235691474068 1.9
      vertex 108.20866749199004 149.8235691474068 2.5
    endloop
  endfacet
  facet normal 0.9987954562051742 0.04906767432738288 7.48937360110428e-19
    outer loop
      vertex 108.20866749199004 149.8235691474068 1.9
      vertex 108.2 150 1.9
      vertex 108.2 150 2.5
    endloop
  endfacet
  facet normal 0.9039892931234403 0.42755509343028836 0
    outer loop
      vertex 108.33701684147968 149.31116982174285 1.9
      vertex 108.33701684147968 149.31116982174285 2.5
      vertex 108.41254172417297 149.1514858737132 1.9
    endloop
  endfacet
  facet normal 0.8577286100002746 0.5141027441932174 0
    outer loop
      vertex 108.41254172417297 149.1514858737132 1.9
      vertex 108.41254172417297 149.1514858737132 2.5
      vertex 108.50335469785541 148.99997358056473 1.9
    endloop
  endfacet
  facet normal 0.8032075314806921 0.5956993044923697 0
    outer loop
      vertex 108.50335469785541 148.99997358056473 1.9
      vertex 108.50335469785541 148.99997358056473 2.5
      vertex 108.60858118394707 148.85809208850543 1.9
    endloop
  endfacet
  facet normal 0.7409511253549428 0.6715589548470364 0
    outer loop
      vertex 108.60858118394707 148.85809208850543 1.9
      vertex 108.60858118394707 148.85809208850543 2.5
      vertex 108.72720779386421 148.7272077938642 1.9
    endloop
  endfacet
  facet normal 0.941544065183006 0.3368898533922614 1.9800206205839362e-18
    outer loop
      vertex 108.33701684147968 149.31116982174285 1.9
      vertex 108.27750739568202 149.47748758094195 1.9
      vertex 108.27750739568202 149.47748758094195 2.5
    endloop
  endfacet
  facet normal 0.6715589548469523 0.7409511253550191 0
    outer loop
      vertex 108.72720779386421 148.7272077938642 1.9
      vertex 108.72720779386421 148.7272077938642 2.5
      vertex 108.85809208850544 148.60858118394708 1.9
    endloop
  endfacet
  facet normal 0.5956993044924467 0.8032075314806351 0
    outer loop
      vertex 108.85809208850544 148.60858118394708 1.9
      vertex 108.85809208850544 148.60858118394708 2.5
      vertex 108.99997358056471 148.50335469785543 1.9
    endloop
  endfacet
  facet normal 0.4275550934303195 0.9039892931234257 0
    outer loop
      vertex 109.1514858737132 148.41254172417297 1.9
      vertex 109.1514858737132 148.41254172417297 2.5
      vertex 109.31116982174284 148.33701684147968 1.9
    endloop
  endfacet
  facet normal 0.5141027441932411 0.8577286100002605 -4.174419755124696e-18
    outer loop
      vertex 109.1514858737132 148.41254172417297 1.9
      vertex 108.99997358056471 148.50335469785543 1.9
      vertex 108.99997358056471 148.50335469785543 2.5
    endloop
  endfacet
  facet normal 0.3368898533922104 0.9415440651830242 0
    outer loop
      vertex 109.31116982174284 148.33701684147968 1.9
      vertex 109.31116982174284 148.33701684147968 2.5
      vertex 109.47748758094197 148.27750739568202 1.9
    endloop
  endfacet
  facet normal 0.24298017990325207 0.970031253194547 0
    outer loop
      vertex 109.47748758094197 148.27750739568202 1.9
      vertex 109.47748758094197 148.27750739568202 2.5
      vertex 109.64883742037097 148.2345864952742 1.9
    endloop
  endfacet
  facet normal 0.14673047445539106 0.9891765099647767 0
    outer loop
      vertex 109.64883742037097 148.2345864952742 1.9
      vertex 109.64883742037097 148.2345864952742 2.5
      vertex 109.82356914740679 148.20866749199004 1.9
    endloop
  endfacet
  facet normal 0.04906767432745919 0.9987954562051703 0
    outer loop
      vertex 109.82356914740679 148.20866749199004 1.9
      vertex 109.82356914740679 148.20866749199004 2.5
      vertex 110 148.2 1.9
    endloop
  endfacet
  facet normal -0.04906767432745919 0.9987954562051703 0
    outer loop
      vertex 110 148.2 1.9
      vertex 110 148.2 2.5
      vertex 110.17643085259321 148.20866749199004 1.9
    endloop
  endfacet
  facet normal -0.14673047445539106 0.9891765099647767 0
    outer loop
      vertex 110.17643085259321 148.20866749199004 1.9
      vertex 110.17643085259321 148.20866749199004 2.5
      vertex 110.35116257962903 148.2345864952742 1.9
    endloop
  endfacet
  facet normal -0.24298017990325207 0.970031253194547 0
    outer loop
      vertex 110.35116257962903 148.2345864952742 1.9
      vertex 110.35116257962903 148.2345864952742 2.5
      vertex 110.52251241905803 148.27750739568202 1.9
    endloop
  endfacet
  facet normal -0.3368898533922104 0.9415440651830242 0
    outer loop
      vertex 110.52251241905803 148.27750739568202 1.9
      vertex 110.52251241905803 148.27750739568202 2.5
      vertex 110.68883017825716 148.33701684147968 1.9
    endloop
  endfacet
  facet normal -0.4275550934303195 0.9039892931234257 0
    outer loop
      vertex 110.68883017825716 148.33701684147968 1.9
      vertex 110.68883017825716 148.33701684147968 2.5
      vertex 110.8485141262868 148.41254172417297 1.9
    endloop
  endfacet
  facet normal -0.5141027441932411 0.8577286100002605 0
    outer loop
      vertex 110.8485141262868 148.41254172417297 1.9
      vertex 110.8485141262868 148.41254172417297 2.5
      vertex 111.00002641943529 148.50335469785543 1.9
    endloop
  endfacet
  facet normal -0.5956993044924467 0.8032075314806351 0
    outer loop
      vertex 111.00002641943529 148.50335469785543 1.9
      vertex 111.00002641943529 148.50335469785543 2.5
      vertex 111.14190791149456 148.60858118394708 1.9
    endloop
  endfacet
  facet normal -0.6715589548469523 0.7409511253550191 0
    outer loop
      vertex 111.14190791149456 148.60858118394708 1.9
      vertex 111.14190791149456 148.60858118394708 2.5
      vertex 111.27279220613579 148.7272077938642 1.9
    endloop
  endfacet
  facet normal -0.7409511253549428 0.6715589548470364 0
    outer loop
      vertex 111.27279220613579 148.7272077938642 1.9
      vertex 111.27279220613579 148.7272077938642 2.5
      vertex 111.39141881605293 148.85809208850543 1.9
    endloop
  endfacet
  facet normal -0.8032075314806921 0.5956993044923697 0
    outer loop
      vertex 111.39141881605293 148.85809208850543 1.9
      vertex 111.39141881605293 148.85809208850543 2.5
      vertex 111.49664530214459 148.99997358056473 1.9
    endloop
  endfacet
  facet normal -0.8577286100002746 0.5141027441932174 0
    outer loop
      vertex 111.49664530214459 148.99997358056473 1.9
      vertex 111.49664530214459 148.99997358056473 2.5
      vertex 111.58745827582703 149.1514858737132 1.9
    endloop
  endfacet
  facet normal -0.9039892931234403 0.42755509343028836 0
    outer loop
      vertex 111.58745827582703 149.1514858737132 1.9
      vertex 111.58745827582703 149.1514858737132 2.5
      vertex 111.66298315852032 149.31116982174285 1.9
    endloop
  endfacet
  facet normal -0.941544065183006 0.3368898533922614 0
    outer loop
      vertex 111.66298315852032 149.31116982174285 1.9
      vertex 111.66298315852032 149.31116982174285 2.5
      vertex 111.72249260431798 149.47748758094195 1.9
    endloop
  endfacet
  facet normal -0.9700312531945516 0.2429801799032331 0
    outer loop
      vertex 111.72249260431798 149.47748758094195 1.9
      vertex 111.72249260431798 149.47748758094195 2.5
      vertex 111.76541350472581 149.64883742037097 1.9
    endloop
  endfacet
  facet normal -0.9891765099647782 0.14673047445537934 0
    outer loop
      vertex 111.76541350472581 149.64883742037097 1.9
      vertex 111.76541350472581 149.64883742037097 2.5
      vertex 111.79133250800996 149.8235691474068 1.9
    endloop
  endfacet
  facet normal -0.9987954562051742 0.04906767432738288 0
    outer loop
      vertex 111.79133250800996 149.8235691474068 1.9
      vertex 111.79133250800996 149.8235691474068 2.5
      vertex 111.8 150 1.9
    endloop
  endfacet
  facet normal 0.9987954562051742 -0.04906767432738288 -7.48937360110428e-19
    outer loop
      vertex 108.2 150 1.9
      vertex 108.20866749199004 150.1764308525932 1.9
      vertex 108.20866749199004 150.1764308525932 2.5
    endloop
  endfacet
  facet normal 0.9891765099647782 -0.14673047445537934 1.2833367796051678e-18
    outer loop
      vertex 108.20866749199004 150.1764308525932 1.9
      vertex 108.23458649527419 150.35116257962903 1.9
      vertex 108.23458649527419 150.35116257962903 2.5
    endloop
  endfacet
  facet normal 0.9700312531945516 -0.2429801799032331 4.072178800939015e-18
    outer loop
      vertex 108.23458649527419 150.35116257962903 1.9
      vertex 108.27750739568202 150.52251241905805 1.9
      vertex 108.27750739568202 150.52251241905805 2.5
    endloop
  endfacet
  facet normal 0.941544065183006 -0.3368898533922614 -1.9800206205839362e-18
    outer loop
      vertex 108.27750739568202 150.52251241905805 1.9
      vertex 108.33701684147968 150.68883017825715 1.9
      vertex 108.33701684147968 150.68883017825715 2.5
    endloop
  endfacet
  facet normal 0.9039892931234403 -0.42755509343028836 -6.8110666558870154e-18
    outer loop
      vertex 108.33701684147968 150.68883017825715 1.9
      vertex 108.41254172417297 150.8485141262868 1.9
      vertex 108.41254172417297 150.8485141262868 2.5
    endloop
  endfacet
  facet normal 0.8577286100002746 -0.5141027441932174 2.069796772825565e-18
    outer loop
      vertex 108.41254172417297 150.8485141262868 1.9
      vertex 108.50335469785541 151.00002641943527 1.9
      vertex 108.50335469785541 151.00002641943527 2.5
    endloop
  endfacet
  facet normal 0.8032075314806921 -0.5956993044923697 -6.713863191582325e-18
    outer loop
      vertex 108.50335469785541 151.00002641943527 1.9
      vertex 108.60858118394707 151.14190791149457 1.9
      vertex 108.60858118394707 151.14190791149457 2.5
    endloop
  endfacet
  facet normal 0.7409511253549428 -0.6715589548470364 -4.796391306187843e-18
    outer loop
      vertex 108.60858118394707 151.14190791149457 1.9
      vertex 108.72720779386421 151.2727922061358 1.9
      vertex 108.72720779386421 151.2727922061358 2.5
    endloop
  endfacet
  facet normal 0.6715589548469523 -0.7409511253550191 4.779332131680564e-18
    outer loop
      vertex 108.72720779386421 151.2727922061358 1.9
      vertex 108.85809208850544 151.39141881605292 1.9
      vertex 108.85809208850544 151.39141881605292 2.5
    endloop
  endfacet
  facet normal 0.5956993044924467 -0.8032075314806351 -7.217131609339963e-18
    outer loop
      vertex 108.85809208850544 151.39141881605292 1.9
      vertex 108.99997358056471 151.49664530214457 1.9
      vertex 108.99997358056471 151.49664530214457 2.5
    endloop
  endfacet
  facet normal 0.5141027441932411 -0.8577286100002605 4.174419755124696e-18
    outer loop
      vertex 108.99997358056471 151.49664530214457 1.9
      vertex 109.1514858737132 151.58745827582703 1.9
      vertex 109.1514858737132 151.58745827582703 2.5
    endloop
  endfacet
  facet normal 0.4275550934303195 -0.9039892931234257 -1.898196792759398e-18
    outer loop
      vertex 109.1514858737132 151.58745827582703 1.9
      vertex 109.31116982174284 151.66298315852032 1.9
      vertex 109.31116982174284 151.66298315852032 2.5
    endloop
  endfacet
  facet normal 0.3368898533922104 -0.9415440651830242 -1.9348472951687756e-18
    outer loop
      vertex 109.31116982174284 151.66298315852032 1.9
      vertex 109.47748758094197 151.72249260431798 1.9
      vertex 109.47748758094197 151.72249260431798 2.5
    endloop
  endfacet
  facet normal 0.24298017990325207 -0.970031253194547 2.3042299828267173e-18
    outer loop
      vertex 109.47748758094197 151.72249260431798 1.9
      vertex 109.64883742037097 151.7654135047258 1.9
      vertex 109.64883742037097 151.7654135047258 2.5
    endloop
  endfacet
  facet normal 0.14673047445539106 -0.9891765099647767 4.0907652664449506e-18
    outer loop
      vertex 109.64883742037097 151.7654135047258 1.9
      vertex 109.82356914740679 151.79133250800996 1.9
      vertex 109.82356914740679 151.79133250800996 2.5
    endloop
  endfacet
  facet normal 0.04906767432745919 -0.9987954562051703 4.890773644609203e-19
    outer loop
      vertex 109.82356914740679 151.79133250800996 1.9
      vertex 110 151.8 1.9
      vertex 110 151.8 2.5
    endloop
  endfacet
  facet normal -0.04906767432745919 -0.9987954562051703 -4.890773644609203e-19
    outer loop
      vertex 110 151.8 1.9
      vertex 110.17643085259321 151.79133250800996 1.9
      vertex 110.17643085259321 151.79133250800996 2.5
    endloop
  endfacet
  facet normal -0.14673047445539106 -0.9891765099647767 -4.0907652664449506e-18
    outer loop
      vertex 110.17643085259321 151.79133250800996 1.9
      vertex 110.35116257962903 151.7654135047258 1.9
      vertex 110.35116257962903 151.7654135047258 2.5
    endloop
  endfacet
  facet normal -0.24298017990325207 -0.970031253194547 -2.3042299828267173e-18
    outer loop
      vertex 110.35116257962903 151.7654135047258 1.9
      vertex 110.52251241905803 151.72249260431798 1.9
      vertex 110.52251241905803 151.72249260431798 2.5
    endloop
  endfacet
  facet normal -0.8577286100002746 -0.5141027441932174 0
    outer loop
      vertex 111.58745827582703 150.8485141262868 1.9
      vertex 111.58745827582703 150.8485141262868 2.5
      vertex 111.49664530214459 151.00002641943527 1.9
    endloop
  endfacet
  facet normal -0.7409511253549428 -0.6715589548470364 0
    outer loop
      vertex 111.39141881605293 151.14190791149457 1.9
      vertex 111.39141881605293 151.14190791149457 2.5
      vertex 111.27279220613579 151.2727922061358 1.9
    endloop
  endfacet
  facet normal -0.8032075314806921 -0.5956993044923697 6.713863191582325e-18
    outer loop
      vertex 111.39141881605293 151.14190791149457 1.9
      vertex 111.49664530214459 151.00002641943527 1.9
      vertex 111.49664530214459 151.00002641943527 2.5
    endloop
  endfacet
  facet normal -0.3368898533922104 -0.9415440651830242 1.9348472951687756e-18
    outer loop
      vertex 110.52251241905803 151.72249260431798 1.9
      vertex 110.68883017825716 151.66298315852032 1.9
      vertex 110.68883017825716 151.66298315852032 2.5
    endloop
  endfacet
  facet normal -0.4275550934303195 -0.9039892931234257 1.898196792759398e-18
    outer loop
      vertex 110.68883017825716 151.66298315852032 1.9
      vertex 110.8485141262868 151.58745827582703 1.9
      vertex 110.8485141262868 151.58745827582703 2.5
    endloop
  endfacet
  facet normal -0.5141027441932411 -0.8577286100002605 -4.174419755124696e-18
    outer loop
      vertex 110.8485141262868 151.58745827582703 1.9
      vertex 111.00002641943529 151.49664530214457 1.9
      vertex 111.00002641943529 151.49664530214457 2.5
    endloop
  endfacet
  facet normal -0.5956993044924467 -0.8032075314806351 7.217131609339963e-18
    outer loop
      vertex 111.00002641943529 151.49664530214457 1.9
      vertex 111.14190791149456 151.39141881605292 1.9
      vertex 111.14190791149456 151.39141881605292 2.5
    endloop
  endfacet
  facet normal -0.6715589548469523 -0.7409511253550191 -4.779332131680564e-18
    outer loop
      vertex 111.14190791149456 151.39141881605292 1.9
      vertex 111.27279220613579 151.2727922061358 1.9
      vertex 111.27279220613579 151.2727922061358 2.5
    endloop
  endfacet
  facet normal -0.9891765099647782 -0.14673047445537934 0
    outer loop
      vertex 111.79133250800996 150.1764308525932 1.9
      vertex 111.79133250800996 150.1764308525932 2.5
      vertex 111.76541350472581 150.35116257962903 1.9
    endloop
  endfacet
  facet normal -0.9700312531945516 -0.2429801799032331 -4.072178800939015e-18
    outer loop
      vertex 111.72249260431798 150.52251241905805 1.9
      vertex 111.76541350472581 150.35116257962903 1.9
      vertex 111.76541350472581 150.35116257962903 2.5
    endloop
  endfacet
  facet normal -0.941544065183006 -0.3368898533922614 0
    outer loop
      vertex 111.72249260431798 150.52251241905805 1.9
      vertex 111.72249260431798 150.52251241905805 2.5
      vertex 111.66298315852032 150.68883017825715 1.9
    endloop
  endfacet
  facet normal -0.9987954562051742 -0.04906767432738288 0
    outer loop
      vertex 111.8 150 1.9
      vertex 111.8 150 2.5
      vertex 111.79133250800996 150.1764308525932 1.9
    endloop
  endfacet
  facet normal -0.9039892931234403 -0.42755509343028836 6.8110666558870154e-18
    outer loop
      vertex 111.58745827582703 150.8485141262868 1.9
      vertex 111.66298315852032 150.68883017825715 1.9
      vertex 111.66298315852032 150.68883017825715 2.5
    endloop
  endfacet
  facet normal 0.9700312531945516 0.2429801799032331 0
    outer loop
      vertex 108.27750739568202 149.47748758094195 1.9
      vertex 108.23458649527419 149.64883742037097 2.5
      vertex 108.27750739568202 149.47748758094195 2.5
    endloop
  endfacet
  facet normal 0.9891765099647782 0.14673047445537934 0
    outer loop
      vertex 108.23458649527419 149.64883742037097 1.9
      vertex 108.20866749199004 149.8235691474068 2.5
      vertex 108.23458649527419 149.64883742037097 2.5
    endloop
  endfacet
  facet normal 0.9987954562051742 0.04906767432738288 0
    outer loop
      vertex 108.20866749199004 149.8235691474068 1.9
      vertex 108.2 150 2.5
      vertex 108.20866749199004 149.8235691474068 2.5
    endloop
  endfacet
  facet normal 0.8577286100002746 0.5141027441932174 0
    outer loop
      vertex 108.50335469785541 148.99997358056473 1.9
      vertex 108.41254172417297 149.1514858737132 2.5
      vertex 108.50335469785541 148.99997358056473 2.5
    endloop
  endfacet
  facet normal 0.9039892931234403 0.42755509343028836 0
    outer loop
      vertex 108.41254172417297 149.1514858737132 1.9
      vertex 108.33701684147968 149.31116982174285 2.5
      vertex 108.41254172417297 149.1514858737132 2.5
    endloop
  endfacet
  facet normal 0.941544065183006 0.3368898533922614 0
    outer loop
      vertex 108.33701684147968 149.31116982174285 1.9
      vertex 108.27750739568202 149.47748758094195 2.5
      vertex 108.33701684147968 149.31116982174285 2.5
    endloop
  endfacet
  facet normal 0.8032075314806921 0.5956993044923697 0
    outer loop
      vertex 108.60858118394707 148.85809208850543 1.9
      vertex 108.50335469785541 148.99997358056473 2.5
      vertex 108.60858118394707 148.85809208850543 2.5
    endloop
  endfacet
  facet normal 0.7409511253549428 0.6715589548470364 0
    outer loop
      vertex 108.72720779386421 148.7272077938642 1.9
      vertex 108.60858118394707 148.85809208850543 2.5
      vertex 108.72720779386421 148.7272077938642 2.5
    endloop
  endfacet
  facet normal 0.6715589548469523 0.7409511253550191 0
    outer loop
      vertex 108.85809208850544 148.60858118394708 1.9
      vertex 108.72720779386421 148.7272077938642 2.5
      vertex 108.85809208850544 148.60858118394708 2.5
    endloop
  endfacet
  facet normal 0.5956993044924467 0.8032075314806351 0
    outer loop
      vertex 108.99997358056471 148.50335469785543 1.9
      vertex 108.85809208850544 148.60858118394708 2.5
      vertex 108.99997358056471 148.50335469785543 2.5
    endloop
  endfacet
  facet normal 0.5141027441932411 0.8577286100002605 0
    outer loop
      vertex 109.1514858737132 148.41254172417297 1.9
      vertex 108.99997358056471 148.50335469785543 2.5
      vertex 109.1514858737132 148.41254172417297 2.5
    endloop
  endfacet
  facet normal 0.4275550934303195 0.9039892931234257 0
    outer loop
      vertex 109.31116982174284 148.33701684147968 1.9
      vertex 109.1514858737132 148.41254172417297 2.5
      vertex 109.31116982174284 148.33701684147968 2.5
    endloop
  endfacet
  facet normal 0.3368898533922104 0.9415440651830242 0
    outer loop
      vertex 109.47748758094197 148.27750739568202 1.9
      vertex 109.31116982174284 148.33701684147968 2.5
      vertex 109.47748758094197 148.27750739568202 2.5
    endloop
  endfacet
  facet normal 0.24298017990325207 0.970031253194547 0
    outer loop
      vertex 109.64883742037097 148.2345864952742 1.9
      vertex 109.47748758094197 148.27750739568202 2.5
      vertex 109.64883742037097 148.2345864952742 2.5
    endloop
  endfacet
  facet normal 0.14673047445539106 0.9891765099647767 0
    outer loop
      vertex 109.82356914740679 148.20866749199004 1.9
      vertex 109.64883742037097 148.2345864952742 2.5
      vertex 109.82356914740679 148.20866749199004 2.5
    endloop
  endfacet
  facet normal 0.04906767432745919 0.9987954562051703 0
    outer loop
      vertex 110 148.2 1.9
      vertex 109.82356914740679 148.20866749199004 2.5
      vertex 110 148.2 2.5
    endloop
  endfacet
  facet normal -0.04906767432745919 0.9987954562051703 0
    outer loop
      vertex 110.17643085259321 148.20866749199004 1.9
      vertex 110 148.2 2.5
      vertex 110.17643085259321 148.20866749199004 2.5
    endloop
  endfacet
  facet normal -0.14673047445539106 0.9891765099647767 0
    outer loop
      vertex 110.35116257962903 148.2345864952742 1.9
      vertex 110.17643085259321 148.20866749199004 2.5
      vertex 110.35116257962903 148.2345864952742 2.5
    endloop
  endfacet
  facet normal -0.24298017990325207 0.970031253194547 0
    outer loop
      vertex 110.52251241905803 148.27750739568202 1.9
      vertex 110.35116257962903 148.2345864952742 2.5
      vertex 110.52251241905803 148.27750739568202 2.5
    endloop
  endfacet
  facet normal -0.3368898533922104 0.9415440651830242 0
    outer loop
      vertex 110.68883017825716 148.33701684147968 1.9
      vertex 110.52251241905803 148.27750739568202 2.5
      vertex 110.68883017825716 148.33701684147968 2.5
    endloop
  endfacet
  facet normal -0.4275550934303195 0.9039892931234257 0
    outer loop
      vertex 110.8485141262868 148.41254172417297 1.9
      vertex 110.68883017825716 148.33701684147968 2.5
      vertex 110.8485141262868 148.41254172417297 2.5
    endloop
  endfacet
  facet normal -0.5141027441932411 0.8577286100002605 0
    outer loop
      vertex 111.00002641943529 148.50335469785543 1.9
      vertex 110.8485141262868 148.41254172417297 2.5
      vertex 111.00002641943529 148.50335469785543 2.5
    endloop
  endfacet
  facet normal -0.5956993044924467 0.8032075314806351 0
    outer loop
      vertex 111.14190791149456 148.60858118394708 1.9
      vertex 111.00002641943529 148.50335469785543 2.5
      vertex 111.14190791149456 148.60858118394708 2.5
    endloop
  endfacet
  facet normal -0.6715589548469523 0.7409511253550191 0
    outer loop
      vertex 111.27279220613579 148.7272077938642 1.9
      vertex 111.14190791149456 148.60858118394708 2.5
      vertex 111.27279220613579 148.7272077938642 2.5
    endloop
  endfacet
  facet normal -0.7409511253549428 0.6715589548470364 0
    outer loop
      vertex 111.39141881605293 148.85809208850543 1.9
      vertex 111.27279220613579 148.7272077938642 2.5
      vertex 111.39141881605293 148.85809208850543 2.5
    endloop
  endfacet
  facet normal -0.8032075314806921 0.5956993044923697 0
    outer loop
      vertex 111.49664530214459 148.99997358056473 1.9
      vertex 111.39141881605293 148.85809208850543 2.5
      vertex 111.49664530214459 148.99997358056473 2.5
    endloop
  endfacet
  facet normal -0.8577286100002746 0.5141027441932174 0
    outer loop
      vertex 111.58745827582703 149.1514858737132 1.9
      vertex 111.49664530214459 148.99997358056473 2.5
      vertex 111.58745827582703 149.1514858737132 2.5
    endloop
  endfacet
  facet normal -0.9039892931234403 0.42755509343028836 0
    outer loop
      vertex 111.66298315852032 149.31116982174285 1.9
      vertex 111.58745827582703 149.1514858737132 2.5
      vertex 111.66298315852032 149.31116982174285 2.5
    endloop
  endfacet
  facet normal -0.941544065183006 0.3368898533922614 0
    outer loop
      vertex 111.72249260431798 149.47748758094195 1.9
      vertex 111.66298315852032 149.31116982174285 2.5
      vertex 111.72249260431798 149.47748758094195 2.5
    endloop
  endfacet
  facet normal -0.9700312531945516 0.2429801799032331 0
    outer loop
      vertex 111.76541350472581 149.64883742037097 1.9
      vertex 111.72249260431798 149.47748758094195 2.5
      vertex 111.76541350472581 149.64883742037097 2.5
    endloop
  endfacet
  facet normal -0.9891765099647782 0.14673047445537934 0
    outer loop
      vertex 111.79133250800996 149.8235691474068 1.9
      vertex 111.76541350472581 149.64883742037097 2.5
      vertex 111.79133250800996 149.8235691474068 2.5
    endloop
  endfacet
  facet normal -0.9987954562051742 0.04906767432738288 0
    outer loop
      vertex 111.8 150 1.9
      vertex 111.79133250800996 149.8235691474068 2.5
      vertex 111.8 150 2.5
    endloop
  endfacet
  facet normal 0.9987954562051742 -0.04906767432738288 0
    outer loop
      vertex 108.2 150 1.9
      vertex 108.20866749199004 150.1764308525932 2.5
      vertex 108.2 150 2.5
    endloop
  endfacet
  facet normal 0.9891765099647782 -0.14673047445537934 0
    outer loop
      vertex 108.20866749199004 150.1764308525932 1.9
      vertex 108.23458649527419 150.35116257962903 2.5
      vertex 108.20866749199004 150.1764308525932 2.5
    endloop
  endfacet
  facet normal 0.9700312531945516 -0.2429801799032331 0
    outer loop
      vertex 108.23458649527419 150.35116257962903 1.9
      vertex 108.27750739568202 150.52251241905805 2.5
      vertex 108.23458649527419 150.35116257962903 2.5
    endloop
  endfacet
  facet normal 0.941544065183006 -0.3368898533922614 0
    outer loop
      vertex 108.27750739568202 150.52251241905805 1.9
      vertex 108.33701684147968 150.68883017825715 2.5
      vertex 108.27750739568202 150.52251241905805 2.5
    endloop
  endfacet
  facet normal 0.9039892931234403 -0.42755509343028836 0
    outer loop
      vertex 108.33701684147968 150.68883017825715 1.9
      vertex 108.41254172417297 150.8485141262868 2.5
      vertex 108.33701684147968 150.68883017825715 2.5
    endloop
  endfacet
  facet normal 0.8577286100002746 -0.5141027441932174 0
    outer loop
      vertex 108.41254172417297 150.8485141262868 1.9
      vertex 108.50335469785541 151.00002641943527 2.5
      vertex 108.41254172417297 150.8485141262868 2.5
    endloop
  endfacet
  facet normal 0.8032075314806921 -0.5956993044923697 0
    outer loop
      vertex 108.50335469785541 151.00002641943527 1.9
      vertex 108.60858118394707 151.14190791149457 2.5
      vertex 108.50335469785541 151.00002641943527 2.5
    endloop
  endfacet
  facet normal 0.7409511253549428 -0.6715589548470364 0
    outer loop
      vertex 108.60858118394707 151.14190791149457 1.9
      vertex 108.72720779386421 151.2727922061358 2.5
      vertex 108.60858118394707 151.14190791149457 2.5
    endloop
  endfacet
  facet normal 0.6715589548469523 -0.7409511253550191 0
    outer loop
      vertex 108.72720779386421 151.2727922061358 1.9
      vertex 108.85809208850544 151.39141881605292 2.5
      vertex 108.72720779386421 151.2727922061358 2.5
    endloop
  endfacet
  facet normal 0.5956993044924467 -0.8032075314806351 0
    outer loop
      vertex 108.85809208850544 151.39141881605292 1.9
      vertex 108.99997358056471 151.49664530214457 2.5
      vertex 108.85809208850544 151.39141881605292 2.5
    endloop
  endfacet
  facet normal 0.5141027441932411 -0.8577286100002605 0
    outer loop
      vertex 108.99997358056471 151.49664530214457 1.9
      vertex 109.1514858737132 151.58745827582703 2.5
      vertex 108.99997358056471 151.49664530214457 2.5
    endloop
  endfacet
  facet normal 0.4275550934303195 -0.9039892931234257 0
    outer loop
      vertex 109.1514858737132 151.58745827582703 1.9
      vertex 109.31116982174284 151.66298315852032 2.5
      vertex 109.1514858737132 151.58745827582703 2.5
    endloop
  endfacet
  facet normal 0.3368898533922104 -0.9415440651830242 0
    outer loop
      vertex 109.31116982174284 151.66298315852032 1.9
      vertex 109.47748758094197 151.72249260431798 2.5
      vertex 109.31116982174284 151.66298315852032 2.5
    endloop
  endfacet
  facet normal 0.24298017990325207 -0.970031253194547 0
    outer loop
      vertex 109.47748758094197 151.72249260431798 1.9
      vertex 109.64883742037097 151.7654135047258 2.5
      vertex 109.47748758094197 151.72249260431798 2.5
    endloop
  endfacet
  facet normal 0.14673047445539106 -0.9891765099647767 0
    outer loop
      vertex 109.64883742037097 151.7654135047258 1.9
      vertex 109.82356914740679 151.79133250800996 2.5
      vertex 109.64883742037097 151.7654135047258 2.5
    endloop
  endfacet
  facet normal 0.04906767432745919 -0.9987954562051703 0
    outer loop
      vertex 109.82356914740679 151.79133250800996 1.9
      vertex 110 151.8 2.5
      vertex 109.82356914740679 151.79133250800996 2.5
    endloop
  endfacet
  facet normal -0.04906767432745919 -0.9987954562051703 0
    outer loop
      vertex 110 151.8 1.9
      vertex 110.17643085259321 151.79133250800996 2.5
      vertex 110 151.8 2.5
    endloop
  endfacet
  facet normal -0.14673047445539106 -0.9891765099647767 0
    outer loop
      vertex 110.17643085259321 151.79133250800996 1.9
      vertex 110.35116257962903 151.7654135047258 2.5
      vertex 110.17643085259321 151.79133250800996 2.5
    endloop
  endfacet
  facet normal -0.24298017990325207 -0.970031253194547 0
    outer loop
      vertex 110.35116257962903 151.7654135047258 1.9
      vertex 110.52251241905803 151.72249260431798 2.5
      vertex 110.35116257962903 151.7654135047258 2.5
    endloop
  endfacet
  facet normal -0.3368898533922104 -0.9415440651830242 0
    outer loop
      vertex 110.52251241905803 151.72249260431798 1.9
      vertex 110.68883017825716 151.66298315852032 2.5
      vertex 110.52251241905803 151.72249260431798 2.5
    endloop
  endfacet
  facet normal -0.7409511253549428 -0.6715589548470364 0
    outer loop
      vertex 111.27279220613579 151.2727922061358 1.9
      vertex 111.39141881605293 151.14190791149457 2.5
      vertex 111.27279220613579 151.2727922061358 2.5
    endloop
  endfacet
  facet normal -0.8032075314806921 -0.5956993044923697 0
    outer loop
      vertex 111.39141881605293 151.14190791149457 1.9
      vertex 111.49664530214459 151.00002641943527 2.5
      vertex 111.39141881605293 151.14190791149457 2.5
    endloop
  endfacet
  facet normal -0.8577286100002746 -0.5141027441932174 0
    outer loop
      vertex 111.49664530214459 151.00002641943527 1.9
      vertex 111.58745827582703 150.8485141262868 2.5
      vertex 111.49664530214459 151.00002641943527 2.5
    endloop
  endfacet
  facet normal -0.4275550934303195 -0.9039892931234257 0
    outer loop
      vertex 110.68883017825716 151.66298315852032 1.9
      vertex 110.8485141262868 151.58745827582703 2.5
      vertex 110.68883017825716 151.66298315852032 2.5
    endloop
  endfacet
  facet normal -0.5141027441932411 -0.8577286100002605 0
    outer loop
      vertex 110.8485141262868 151.58745827582703 1.9
      vertex 111.00002641943529 151.49664530214457 2.5
      vertex 110.8485141262868 151.58745827582703 2.5
    endloop
  endfacet
  facet normal -0.5956993044924467 -0.8032075314806351 0
    outer loop
      vertex 111.00002641943529 151.49664530214457 1.9
      vertex 111.14190791149456 151.39141881605292 2.5
      vertex 111.00002641943529 151.49664530214457 2.5
    endloop
  endfacet
  facet normal -0.6715589548469523 -0.7409511253550191 0
    outer loop
      vertex 111.14190791149456 151.39141881605292 1.9
      vertex 111.27279220613579 151.2727922061358 2.5
      vertex 111.14190791149456 151.39141881605292 2.5
    endloop
  endfacet
  facet normal -0.9987954562051742 -0.04906767432738288 0
    outer loop
      vertex 111.79133250800996 150.1764308525932 1.9
      vertex 111.8 150 2.5
      vertex 111.79133250800996 150.1764308525932 2.5
    endloop
  endfacet
  facet normal -0.9891765099647782 -0.14673047445537934 0
    outer loop
      vertex 111.76541350472581 150.35116257962903 1.9
      vertex 111.79133250800996 150.1764308525932 2.5
      vertex 111.76541350472581 150.35116257962903 2.5
    endloop
  endfacet
  facet normal -0.9700312531945516 -0.2429801799032331 0
    outer loop
      vertex 111.72249260431798 150.52251241905805 1.9
      vertex 111.76541350472581 150.35116257962903 2.5
      vertex 111.72249260431798 150.52251241905805 2.5
    endloop
  endfacet
  facet normal -0.9039892931234403 -0.42755509343028836 0
    outer loop
      vertex 111.58745827582703 150.8485141262868 1.9
      vertex 111.66298315852032 150.68883017825715 2.5
      vertex 111.58745827582703 150.8485141262868 2.5
    endloop
  endfacet
  facet normal -0.941544065183006 -0.3368898533922614 0
    outer loop
      vertex 111.66298315852032 150.68883017825715 1.9
      vertex 111.72249260431798 150.52251241905805 2.5
      vertex 111.66298315852032 150.68883017825715 2.5
    endloop
  endfacet
  facet normal 0.32593565563806504 0.6891330438379049 -0.64719517633747
    outer loop
      vertex 109.1514858737132 148.41254172417297 1.9
      vertex 108.69313607847322 146.84495139647396 0
      vertex 108.39018014373922 146.98823888225036 0
    endloop
  endfacet
  facet normal 0.6538673989755006 0.39191303663252336 -0.6471951763374693
    outer loop
      vertex 108.41254172417297 149.1514858737132 1.9
      vertex 107.16053127398682 148.10272765423804 0
      vertex 106.98823888225037 148.3901801437392 0
    endloop
  endfacet
  facet normal 0.6123046536206967 0.45411608084271976 -0.6471951763374685
    outer loop
      vertex 108.50335469785541 148.99997358056473 1.9
      vertex 107.36016930176625 147.83354693458116 0
      vertex 107.16053127398682 148.10272765423804 0
    endloop
  endfacet
  facet normal 0.7177619607696769 0.2568193361053369 -0.6471951763374654
    outer loop
      vertex 108.27750739568202 149.47748758094195 1.9
      vertex 106.84495139647396 148.69313607847323 0
      vertex 106.7320487534745 149.00867782717603 0
    endloop
  endfacet
  facet normal 0.7394784376506559 0.18522970597412236 -0.6471951763374671
    outer loop
      vertex 108.23458649527419 149.64883742037097 1.9
      vertex 106.7320487534745 149.00867782717603 0
      vertex 106.65061826742297 149.33376655031492 0
    endloop
  endfacet
  facet normal 0.75407333293702 0.11185621251754516 -0.6471951763374661
    outer loop
      vertex 108.20866749199004 149.8235691474068 1.9
      vertex 106.65061826742297 149.33376655031492 0
      vertex 106.60144415841445 149.66527146577454 0
    endloop
  endfacet
  facet normal 0.7614060898087827 0.03740548258761643 -0.6471951763374689
    outer loop
      vertex 108.2 150 1.9
      vertex 106.60144415841445 149.66527146577454 0
      vertex 106.585 150 0
    endloop
  endfacet
  facet normal 0.6891330438379069 0.32593565563806753 -0.6471951763374666
    outer loop
      vertex 108.33701684147968 149.31116982174285 1.9
      vertex 106.98823888225037 148.3901801437392 0
      vertex 106.84495139647396 148.69313607847323 0
    endloop
  endfacet
  facet normal 0.5648450797317807 0.5119457389492731 -0.6471951763374638
    outer loop
      vertex 108.60858118394707 148.85809208850543 1.9
      vertex 107.58523034224794 147.58523034224794 0
      vertex 107.36016930176625 147.83354693458116 0
    endloop
  endfacet
  facet normal 0.45411608084271543 0.6123046536207004 -0.6471951763374683
    outer loop
      vertex 108.85809208850544 148.60858118394708 1.9
      vertex 108.10272765423807 147.1605312739868 0
      vertex 107.83354693458115 147.36016930176626 0
    endloop
  endfacet
  facet normal 0.5119457389492702 0.5648450797317812 -0.6471951763374658
    outer loop
      vertex 108.72720779386421 148.7272077938642 1.9
      vertex 107.83354693458115 147.36016930176626 0
      vertex 107.58523034224794 147.58523034224794 0
    endloop
  endfacet
  facet normal 0.3919130366325375 0.653867398975492 -0.6471951763374694
    outer loop
      vertex 108.99997358056471 148.50335469785543 1.9
      vertex 108.39018014373922 146.98823888225036 0
      vertex 108.10272765423807 147.1605312739868 0
    endloop
  endfacet
  facet normal 0.2568193361053184 0.717761960769683 -0.6471951763374659
    outer loop
      vertex 109.31116982174284 148.33701684147968 1.9
      vertex 109.008677827176 146.73204875347452 0
      vertex 108.69313607847322 146.84495139647396 0
    endloop
  endfacet
  facet normal 0.18522970597413754 0.7394784376506532 -0.6471951763374658
    outer loop
      vertex 109.47748758094197 148.27750739568202 1.9
      vertex 109.33376655031492 146.65061826742297 0
      vertex 109.008677827176 146.73204875347452 0
    endloop
  endfacet
  facet normal 0.1118562125175717 0.7540733329370148 -0.6471951763374677
    outer loop
      vertex 109.64883742037097 148.2345864952742 1.9
      vertex 109.66527146577455 146.60144415841444 0
      vertex 109.33376655031492 146.65061826742297 0
    endloop
  endfacet
  facet normal 0.037405482587553565 0.7614060898087869 -0.6471951763374677
    outer loop
      vertex 109.82356914740679 148.20866749199004 1.9
      vertex 110 146.585 0
      vertex 109.66527146577455 146.60144415841444 0
    endloop
  endfacet
  facet normal -0.037405482587551955 0.7614060898087902 -0.6471951763374638
    outer loop
      vertex 110 148.2 1.9
      vertex 110.33472853422546 146.60144415841444 0
      vertex 110 146.585 0
    endloop
  endfacet
  facet normal -0.11185621251757653 0.7540733329370135 -0.6471951763374683
    outer loop
      vertex 110.17643085259321 148.20866749199004 1.9
      vertex 110.66623344968508 146.65061826742297 0
      vertex 110.33472853422546 146.60144415841444 0
    endloop
  endfacet
  facet normal -0.18522970597413763 0.7394784376506524 -0.6471951763374667
    outer loop
      vertex 110.35116257962903 148.2345864952742 1.9
      vertex 110.991322172824 146.73204875347452 0
      vertex 110.66623344968508 146.65061826742297 0
    endloop
  endfacet
  facet normal -0.25681933610531865 0.7177619607696829 -0.6471951763374659
    outer loop
      vertex 110.52251241905803 148.27750739568202 1.9
      vertex 111.30686392152678 146.84495139647396 0
      vertex 110.991322172824 146.73204875347452 0
    endloop
  endfacet
  facet normal -0.32593565563806626 0.6891330438379074 -0.6471951763374667
    outer loop
      vertex 110.68883017825716 148.33701684147968 1.9
      vertex 111.60981985626078 146.98823888225036 0
      vertex 111.30686392152678 146.84495139647396 0
    endloop
  endfacet
  facet normal -0.39191303663253735 0.6538673989754915 -0.6471951763374699
    outer loop
      vertex 110.8485141262868 148.41254172417297 1.9
      vertex 111.89727234576193 147.1605312739868 0
      vertex 111.60981985626078 146.98823888225036 0
    endloop
  endfacet
  facet normal -0.45411608084271565 0.6123046536207004 -0.6471951763374679
    outer loop
      vertex 111.00002641943529 148.50335469785543 1.9
      vertex 112.16645306541885 147.36016930176626 0
      vertex 111.89727234576193 147.1605312739868 0
    endloop
  endfacet
  facet normal -0.5119457389492688 0.5648450797317796 -0.6471951763374683
    outer loop
      vertex 111.14190791149456 148.60858118394708 1.9
      vertex 112.41476965775206 147.58523034224794 0
      vertex 112.16645306541885 147.36016930176626 0
    endloop
  endfacet
  facet normal -0.5648450797317797 0.5119457389492721 -0.6471951763374655
    outer loop
      vertex 111.27279220613579 148.7272077938642 1.9
      vertex 112.63983069823375 147.83354693458116 0
      vertex 112.41476965775206 147.58523034224794 0
    endloop
  endfacet
  facet normal -0.6123046536207232 0.45411608084269145 -0.6471951763374635
    outer loop
      vertex 111.39141881605293 148.85809208850543 1.9
      vertex 112.83946872601318 148.10272765423807 0
      vertex 112.63983069823375 147.83354693458116 0
    endloop
  endfacet
  facet normal -0.6538673989754861 0.39191303663255367 -0.6471951763374657
    outer loop
      vertex 111.49664530214459 148.99997358056473 1.9
      vertex 113.01176111774963 148.3901801437392 0
      vertex 112.83946872601318 148.10272765423807 0
    endloop
  endfacet
  facet normal 0.7614060898087849 -0.03740548258761646 -0.6471951763374661
    outer loop
      vertex 108.20866749199004 150.1764308525932 1.9
      vertex 106.585 150 0
      vertex 106.60144415841445 150.33472853422546 0
    endloop
  endfacet
  facet normal 0.7540733329370193 -0.11185621251754518 -0.6471951763374669
    outer loop
      vertex 108.23458649527419 150.35116257962903 1.9
      vertex 106.60144415841445 150.33472853422546 0
      vertex 106.65061826742297 150.66623344968508 0
    endloop
  endfacet
  facet normal 0.7394784376506567 -0.1852297059741225 -0.6471951763374661
    outer loop
      vertex 108.27750739568202 150.52251241905805 1.9
      vertex 106.65061826742297 150.66623344968508 0
      vertex 106.7320487534745 150.99132217282397 0
    endloop
  endfacet
  facet normal 0.717761960769676 -0.2568193361053366 -0.6471951763374664
    outer loop
      vertex 108.33701684147968 150.68883017825715 1.9
      vertex 106.7320487534745 150.99132217282397 0
      vertex 106.84495139647396 151.30686392152677 0
    endloop
  endfacet
  facet normal 0.6891330438379055 -0.3259356556380667 -0.6471951763374686
    outer loop
      vertex 108.41254172417297 150.8485141262868 1.9
      vertex 106.84495139647396 151.30686392152677 0
      vertex 106.98823888225037 151.6098198562608 0
    endloop
  endfacet
  facet normal 0.6538673989755013 -0.391913036632524 -0.6471951763374683
    outer loop
      vertex 108.50335469785541 151.00002641943527 1.9
      vertex 106.98823888225037 151.6098198562608 0
      vertex 107.16053127398682 151.89727234576196 0
    endloop
  endfacet
  facet normal 0.6123046536206996 -0.45411608084272187 -0.6471951763374643
    outer loop
      vertex 108.60858118394707 151.14190791149457 1.9
      vertex 107.16053127398682 151.89727234576196 0
      vertex 107.36016930176625 152.16645306541884 0
    endloop
  endfacet
  facet normal 0.5648450797317797 -0.5119457389492721 -0.6471951763374655
    outer loop
      vertex 108.72720779386421 151.2727922061358 1.9
      vertex 107.36016930176625 152.16645306541884 0
      vertex 107.58523034224794 152.41476965775206 0
    endloop
  endfacet
  facet normal 0.5119457389492688 -0.5648450797317796 -0.6471951763374683
    outer loop
      vertex 108.85809208850544 151.39141881605292 1.9
      vertex 107.58523034224794 152.41476965775206 0
      vertex 107.83354693458115 152.63983069823374 0
    endloop
  endfacet
  facet normal 0.45411608084271565 -0.6123046536207004 -0.6471951763374679
    outer loop
      vertex 108.99997358056471 151.49664530214457 1.9
      vertex 107.83354693458115 152.63983069823374 0
      vertex 108.10272765423807 152.8394687260132 0
    endloop
  endfacet
  facet normal 0.39191303663253735 -0.6538673989754915 -0.6471951763374699
    outer loop
      vertex 109.1514858737132 151.58745827582703 1.9
      vertex 108.10272765423807 152.8394687260132 0
      vertex 108.39018014373922 153.01176111774964 0
    endloop
  endfacet
  facet normal 0.32593565563806626 -0.6891330438379074 -0.6471951763374667
    outer loop
      vertex 109.31116982174284 151.66298315852032 1.9
      vertex 108.39018014373922 153.01176111774964 0
      vertex 108.69313607847322 153.15504860352604 0
    endloop
  endfacet
  facet normal 0.25681933610531865 -0.7177619607696829 -0.6471951763374659
    outer loop
      vertex 109.47748758094197 151.72249260431798 1.9
      vertex 108.69313607847322 153.15504860352604 0
      vertex 109.008677827176 153.26795124652548 0
    endloop
  endfacet
  facet normal 0.18522970597413763 -0.7394784376506524 -0.6471951763374667
    outer loop
      vertex 109.64883742037097 151.7654135047258 1.9
      vertex 109.008677827176 153.26795124652548 0
      vertex 109.33376655031492 153.34938173257703 0
    endloop
  endfacet
  facet normal 0.11185621251757191 -0.7540733329370146 -0.6471951763374679
    outer loop
      vertex 109.82356914740679 151.79133250800996 1.9
      vertex 109.33376655031492 153.34938173257703 0
      vertex 109.66527146577455 153.39855584158556 0
    endloop
  endfacet
  facet normal 0.03740548258755354 -0.7614060898087901 -0.6471951763374638
    outer loop
      vertex 110 151.8 1.9
      vertex 109.66527146577455 153.39855584158556 0
      vertex 110 153.415 0
    endloop
  endfacet
  facet normal -0.037405482587553565 -0.7614060898087869 -0.6471951763374677
    outer loop
      vertex 110.17643085259321 151.79133250800996 1.9
      vertex 110 153.415 0
      vertex 110.33472853422545 153.39855584158556 0
    endloop
  endfacet
  facet normal -0.1118562125175717 -0.7540733329370148 -0.6471951763374677
    outer loop
      vertex 110.35116257962903 151.7654135047258 1.9
      vertex 110.33472853422545 153.39855584158556 0
      vertex 110.66623344968508 153.34938173257703 0
    endloop
  endfacet
  facet normal -0.3919130366325375 -0.653867398975492 -0.6471951763374694
    outer loop
      vertex 111.00002641943529 151.49664530214457 1.9
      vertex 111.60981985626078 153.01176111774964 0
      vertex 111.89727234576193 152.8394687260132 0
    endloop
  endfacet
  facet normal -0.45411608084271543 -0.6123046536207004 -0.6471951763374683
    outer loop
      vertex 111.14190791149456 151.39141881605292 1.9
      vertex 111.89727234576193 152.8394687260132 0
      vertex 112.16645306541885 152.63983069823374 0
    endloop
  endfacet
  facet normal -0.5119457389492702 -0.5648450797317812 -0.6471951763374658
    outer loop
      vertex 111.27279220613579 151.2727922061358 1.9
      vertex 112.16645306541885 152.63983069823374 0
      vertex 112.41476965775206 152.41476965775206 0
    endloop
  endfacet
  facet normal -0.6538673989755006 -0.39191303663252336 -0.6471951763374693
    outer loop
      vertex 111.58745827582703 150.8485141262868 1.9
      vertex 112.83946872601318 151.89727234576196 0
      vertex 113.01176111774963 151.6098198562608 0
    endloop
  endfacet
  facet normal -0.6123046536206967 -0.45411608084271976 -0.6471951763374685
    outer loop
      vertex 111.49664530214459 151.00002641943527 1.9
      vertex 112.63983069823375 152.16645306541884 0
      vertex 112.83946872601318 151.89727234576196 0
    endloop
  endfacet
  facet normal -0.5648450797317807 -0.5119457389492731 -0.6471951763374638
    outer loop
      vertex 111.39141881605293 151.14190791149457 1.9
      vertex 112.41476965775206 152.41476965775206 0
      vertex 112.63983069823375 152.16645306541884 0
    endloop
  endfacet
  facet normal -0.18522970597413754 -0.7394784376506532 -0.6471951763374658
    outer loop
      vertex 110.52251241905803 151.72249260431798 1.9
      vertex 110.66623344968508 153.34938173257703 0
      vertex 110.991322172824 153.26795124652548 0
    endloop
  endfacet
  facet normal -0.2568193361053184 -0.717761960769683 -0.6471951763374659
    outer loop
      vertex 110.68883017825716 151.66298315852032 1.9
      vertex 110.991322172824 153.26795124652548 0
      vertex 111.30686392152678 153.15504860352604 0
    endloop
  endfacet
  facet normal -0.32593565563806504 -0.6891330438379049 -0.64719517633747
    outer loop
      vertex 110.8485141262868 151.58745827582703 1.9
      vertex 111.30686392152678 153.15504860352604 0
      vertex 111.60981985626078 153.01176111774964 0
    endloop
  endfacet
  facet normal -0.6891330438379055 0.3259356556380667 -0.6471951763374686
    outer loop
      vertex 111.58745827582703 149.1514858737132 1.9
      vertex 113.15504860352604 148.69313607847323 0
      vertex 113.01176111774963 148.3901801437392 0
    endloop
  endfacet
  facet normal -0.717761960769676 0.2568193361053366 -0.6471951763374664
    outer loop
      vertex 111.66298315852032 149.31116982174285 1.9
      vertex 113.2679512465255 149.00867782717603 0
      vertex 113.15504860352604 148.69313607847323 0
    endloop
  endfacet
  facet normal -0.7394784376506567 0.1852297059741225 -0.6471951763374661
    outer loop
      vertex 111.72249260431798 149.47748758094195 1.9
      vertex 113.34938173257703 149.33376655031492 0
      vertex 113.2679512465255 149.00867782717603 0
    endloop
  endfacet
  facet normal -0.7540733329370193 0.11185621251754518 -0.6471951763374669
    outer loop
      vertex 111.76541350472581 149.64883742037097 1.9
      vertex 113.39855584158555 149.66527146577454 0
      vertex 113.34938173257703 149.33376655031492 0
    endloop
  endfacet
  facet normal -0.7614060898087849 0.03740548258761646 -0.6471951763374661
    outer loop
      vertex 111.79133250800996 149.8235691474068 1.9
      vertex 113.415 150 0
      vertex 113.39855584158555 149.66527146577454 0
    endloop
  endfacet
  facet normal -0.7614060898087827 -0.03740548258761643 -0.6471951763374689
    outer loop
      vertex 111.8 150 1.9
      vertex 113.39855584158555 150.33472853422546 0
      vertex 113.415 150 0
    endloop
  endfacet
  facet normal -0.75407333293702 -0.11185621251754516 -0.6471951763374661
    outer loop
      vertex 111.79133250800996 150.1764308525932 1.9
      vertex 113.34938173257703 150.66623344968508 0
      vertex 113.39855584158555 150.33472853422546 0
    endloop
  endfacet
  facet normal -0.6891330438379069 -0.32593565563806753 -0.6471951763374666
    outer loop
      vertex 111.66298315852032 150.68883017825715 1.9
      vertex 113.01176111774963 151.6098198562608 0
      vertex 113.15504860352604 151.30686392152677 0
    endloop
  endfacet
  facet normal -0.7177619607696769 -0.2568193361053369 -0.6471951763374654
    outer loop
      vertex 111.72249260431798 150.52251241905805 1.9
      vertex 113.15504860352604 151.30686392152677 0
      vertex 113.2679512465255 150.99132217282397 0
    endloop
  endfacet
  facet normal -0.7394784376506559 -0.18522970597412236 -0.6471951763374671
    outer loop
      vertex 111.76541350472581 150.35116257962903 1.9
      vertex 113.2679512465255 150.99132217282397 0
      vertex 113.34938173257703 150.66623344968508 0
    endloop
  endfacet
  facet normal 0.7394784376506613 0.18522970597410507 -0.6471951763374658
    outer loop
      vertex 108.23458649527419 149.64883742037097 1.9
      vertex 108.27750739568202 149.47748758094195 1.9
      vertex 106.7320487534745 149.00867782717603 0
    endloop
  endfacet
  facet normal 0.754073332937017 0.11185621251755919 -0.6471951763374674
    outer loop
      vertex 108.23458649527419 149.64883742037097 1.9
      vertex 106.65061826742297 149.33376655031492 0
      vertex 108.20866749199004 149.8235691474068 1.9
    endloop
  endfacet
  facet normal 0.7614060898087884 0.03740548258756699 -0.6471951763374652
    outer loop
      vertex 108.20866749199004 149.8235691474068 1.9
      vertex 106.60144415841445 149.66527146577454 0
      vertex 108.2 150 1.9
    endloop
  endfacet
  facet normal 0.6123046536207468 0.45411608084266103 -0.6471951763374624
    outer loop
      vertex 108.50335469785541 148.99997358056473 1.9
      vertex 108.60858118394707 148.85809208850543 1.9
      vertex 107.36016930176625 147.83354693458116 0
    endloop
  endfacet
  facet normal 0.45411608084271693 0.6123046536206994 -0.647195176337468
    outer loop
      vertex 108.85809208850544 148.60858118394708 1.9
      vertex 108.99997358056471 148.50335469785543 1.9
      vertex 108.10272765423807 147.1605312739868 0
    endloop
  endfacet
  facet normal 0.5648450797317562 0.5119457389492967 -0.6471951763374666
    outer loop
      vertex 108.60858118394707 148.85809208850543 1.9
      vertex 108.72720779386421 148.7272077938642 1.9
      vertex 107.58523034224794 147.58523034224794 0
    endloop
  endfacet
  facet normal 0.5119457389492308 0.5648450797318125 -0.6471951763374696
    outer loop
      vertex 108.72720779386421 148.7272077938642 1.9
      vertex 108.85809208850544 148.60858118394708 1.9
      vertex 107.83354693458115 147.36016930176626 0
    endloop
  endfacet
  facet normal 0.6891330438378905 0.32593565563809684 -0.6471951763374694
    outer loop
      vertex 108.33701684147968 149.31116982174285 1.9
      vertex 108.41254172417297 149.1514858737132 1.9
      vertex 106.98823888225037 148.3901801437392 0
    endloop
  endfacet
  facet normal 0.6538673989755092 0.39191303663251126 -0.6471951763374679
    outer loop
      vertex 108.41254172417297 149.1514858737132 1.9
      vertex 108.50335469785541 148.99997358056473 1.9
      vertex 107.16053127398682 148.10272765423804 0
    endloop
  endfacet
  facet normal 0.7177619607696694 0.2568193361053543 -0.6471951763374668
    outer loop
      vertex 108.33701684147968 149.31116982174285 1.9
      vertex 106.84495139647396 148.69313607847323 0
      vertex 108.27750739568202 149.47748758094195 1.9
    endloop
  endfacet
  facet normal 0.39191303663252836 0.6538673989754968 -0.64719517633747
    outer loop
      vertex 109.1514858737132 148.41254172417297 1.9
      vertex 108.39018014373922 146.98823888225036 0
      vertex 108.99997358056471 148.50335469785543 1.9
    endloop
  endfacet
  facet normal 0.325935655638122 0.6891330438378824 -0.6471951763374652
    outer loop
      vertex 109.1514858737132 148.41254172417297 1.9
      vertex 109.31116982174284 148.33701684147968 1.9
      vertex 108.69313607847322 146.84495139647396 0
    endloop
  endfacet
  facet normal 0.25681933610531554 0.7177619607696838 -0.647195176337466
    outer loop
      vertex 109.31116982174284 148.33701684147968 1.9
      vertex 109.47748758094197 148.27750739568202 1.9
      vertex 109.008677827176 146.73204875347452 0
    endloop
  endfacet
  facet normal 0.1852297059741192 0.7394784376506566 -0.6471951763374673
    outer loop
      vertex 109.47748758094197 148.27750739568202 1.9
      vertex 109.64883742037097 148.2345864952742 1.9
      vertex 109.33376655031492 146.65061826742297 0
    endloop
  endfacet
  facet normal 0.111856212517568 0.7540733329370151 -0.6471951763374679
    outer loop
      vertex 109.64883742037097 148.2345864952742 1.9
      vertex 109.82356914740679 148.20866749199004 1.9
      vertex 109.66527146577455 146.60144415841444 0
    endloop
  endfacet
  facet normal 0.03740548258762529 0.761406089808788 -0.647195176337462
    outer loop
      vertex 109.82356914740679 148.20866749199004 1.9
      vertex 110 148.2 1.9
      vertex 110 146.585 0
    endloop
  endfacet
  facet normal -0.03740548258762498 0.7614060898087817 -0.6471951763374697
    outer loop
      vertex 110 148.2 1.9
      vertex 110.17643085259321 148.20866749199004 1.9
      vertex 110.33472853422546 146.60144415841444 0
    endloop
  endfacet
  facet normal -0.11185621251756804 0.7540733329370154 -0.6471951763374676
    outer loop
      vertex 110.17643085259321 148.20866749199004 1.9
      vertex 110.35116257962903 148.2345864952742 1.9
      vertex 110.66623344968508 146.65061826742297 0
    endloop
  endfacet
  facet normal -0.1852297059741196 0.7394784376506582 -0.6471951763374654
    outer loop
      vertex 110.35116257962903 148.2345864952742 1.9
      vertex 110.52251241905803 148.27750739568202 1.9
      vertex 110.991322172824 146.73204875347452 0
    endloop
  endfacet
  facet normal -0.25681933610531565 0.7177619607696841 -0.6471951763374658
    outer loop
      vertex 110.52251241905803 148.27750739568202 1.9
      vertex 110.68883017825716 148.33701684147968 1.9
      vertex 111.30686392152678 146.84495139647396 0
    endloop
  endfacet
  facet normal -0.3259356556381197 0.6891330438378775 -0.6471951763374715
    outer loop
      vertex 110.68883017825716 148.33701684147968 1.9
      vertex 110.8485141262868 148.41254172417297 1.9
      vertex 111.60981985626078 146.98823888225036 0
    endloop
  endfacet
  facet normal -0.3919130366325288 0.6538673989754975 -0.647195176337469
    outer loop
      vertex 110.8485141262868 148.41254172417297 1.9
      vertex 111.00002641943529 148.50335469785543 1.9
      vertex 111.89727234576193 147.1605312739868 0
    endloop
  endfacet
  facet normal -0.4541160808427169 0.6123046536206994 -0.6471951763374681
    outer loop
      vertex 111.00002641943529 148.50335469785543 1.9
      vertex 111.14190791149456 148.60858118394708 1.9
      vertex 112.16645306541885 147.36016930176626 0
    endloop
  endfacet
  facet normal -0.5119457389492338 0.5648450797318157 -0.6471951763374645
    outer loop
      vertex 111.14190791149456 148.60858118394708 1.9
      vertex 111.27279220613579 148.7272077938642 1.9
      vertex 112.41476965775206 147.58523034224794 0
    endloop
  endfacet
  facet normal -0.5648450797317585 0.5119457389492987 -0.6471951763374632
    outer loop
      vertex 111.27279220613579 148.7272077938642 1.9
      vertex 111.39141881605293 148.85809208850543 1.9
      vertex 112.63983069823375 147.83354693458116 0
    endloop
  endfacet
  facet normal -0.612304653620744 0.45411608084265903 -0.6471951763374665
    outer loop
      vertex 111.39141881605293 148.85809208850543 1.9
      vertex 111.49664530214459 148.99997358056473 1.9
      vertex 112.83946872601318 148.10272765423807 0
    endloop
  endfacet
  facet normal -0.653867398975508 0.3919130366325106 -0.6471951763374695
    outer loop
      vertex 111.49664530214459 148.99997358056473 1.9
      vertex 111.58745827582703 149.1514858737132 1.9
      vertex 113.01176111774963 148.3901801437392 0
    endloop
  endfacet
  facet normal -0.6891330438378932 0.32593565563809807 -0.6471951763374658
    outer loop
      vertex 111.58745827582703 149.1514858737132 1.9
      vertex 111.66298315852032 149.31116982174285 1.9
      vertex 113.15504860352604 148.69313607847323 0
    endloop
  endfacet
  facet normal -0.7177619607696709 0.25681933610535485 -0.6471951763374649
    outer loop
      vertex 111.66298315852032 149.31116982174285 1.9
      vertex 111.72249260431798 149.47748758094195 1.9
      vertex 113.2679512465255 149.00867782717603 0
    endloop
  endfacet
  facet normal -0.7394784376506598 0.18522970597410465 -0.6471951763374676
    outer loop
      vertex 111.72249260431798 149.47748758094195 1.9
      vertex 111.76541350472581 149.64883742037097 1.9
      vertex 113.34938173257703 149.33376655031492 0
    endloop
  endfacet
  facet normal -0.7540733329370182 0.11185621251755937 -0.6471951763374659
    outer loop
      vertex 111.76541350472581 149.64883742037097 1.9
      vertex 111.79133250800996 149.8235691474068 1.9
      vertex 113.39855584158555 149.66527146577454 0
    endloop
  endfacet
  facet normal -0.761406089808784 0.03740548258756678 -0.6471951763374701
    outer loop
      vertex 111.79133250800996 149.8235691474068 1.9
      vertex 111.8 150 1.9
      vertex 113.415 150 0
    endloop
  endfacet
  facet normal 0.7614060898087841 -0.037405482587566784 -0.6471951763374701
    outer loop
      vertex 108.2 150 1.9
      vertex 106.585 150 0
      vertex 108.20866749199004 150.1764308525932 1.9
    endloop
  endfacet
  facet normal 0.7540733329370182 -0.11185621251755937 -0.6471951763374659
    outer loop
      vertex 108.20866749199004 150.1764308525932 1.9
      vertex 106.60144415841445 150.33472853422546 0
      vertex 108.23458649527419 150.35116257962903 1.9
    endloop
  endfacet
  facet normal 0.7394784376506598 -0.18522970597410465 -0.6471951763374676
    outer loop
      vertex 108.23458649527419 150.35116257962903 1.9
      vertex 106.65061826742297 150.66623344968508 0
      vertex 108.27750739568202 150.52251241905805 1.9
    endloop
  endfacet
  facet normal 0.7177619607696709 -0.25681933610535485 -0.6471951763374649
    outer loop
      vertex 108.27750739568202 150.52251241905805 1.9
      vertex 106.7320487534745 150.99132217282397 0
      vertex 108.33701684147968 150.68883017825715 1.9
    endloop
  endfacet
  facet normal 0.6891330438378932 -0.32593565563809807 -0.6471951763374658
    outer loop
      vertex 108.33701684147968 150.68883017825715 1.9
      vertex 106.84495139647396 151.30686392152677 0
      vertex 108.41254172417297 150.8485141262868 1.9
    endloop
  endfacet
  facet normal 0.653867398975508 -0.3919130366325106 -0.6471951763374695
    outer loop
      vertex 108.41254172417297 150.8485141262868 1.9
      vertex 106.98823888225037 151.6098198562608 0
      vertex 108.50335469785541 151.00002641943527 1.9
    endloop
  endfacet
  facet normal 0.6123046536207414 -0.45411608084265703 -0.6471951763374704
    outer loop
      vertex 108.50335469785541 151.00002641943527 1.9
      vertex 107.16053127398682 151.89727234576196 0
      vertex 108.60858118394707 151.14190791149457 1.9
    endloop
  endfacet
  facet normal 0.5648450797317585 -0.5119457389492987 -0.647195176337463
    outer loop
      vertex 108.60858118394707 151.14190791149457 1.9
      vertex 107.36016930176625 152.16645306541884 0
      vertex 108.72720779386421 151.2727922061358 1.9
    endloop
  endfacet
  facet normal 0.5119457389492338 -0.5648450797318157 -0.6471951763374645
    outer loop
      vertex 108.72720779386421 151.2727922061358 1.9
      vertex 107.58523034224794 152.41476965775206 0
      vertex 108.85809208850544 151.39141881605292 1.9
    endloop
  endfacet
  facet normal 0.4541160808427169 -0.6123046536206994 -0.6471951763374681
    outer loop
      vertex 108.85809208850544 151.39141881605292 1.9
      vertex 107.83354693458115 152.63983069823374 0
      vertex 108.99997358056471 151.49664530214457 1.9
    endloop
  endfacet
  facet normal 0.3919130366325288 -0.6538673989754975 -0.647195176337469
    outer loop
      vertex 108.99997358056471 151.49664530214457 1.9
      vertex 108.10272765423807 152.8394687260132 0
      vertex 109.1514858737132 151.58745827582703 1.9
    endloop
  endfacet
  facet normal 0.3259356556381197 -0.6891330438378775 -0.6471951763374715
    outer loop
      vertex 109.1514858737132 151.58745827582703 1.9
      vertex 108.39018014373922 153.01176111774964 0
      vertex 109.31116982174284 151.66298315852032 1.9
    endloop
  endfacet
  facet normal 0.25681933610531565 -0.7177619607696841 -0.6471951763374658
    outer loop
      vertex 109.31116982174284 151.66298315852032 1.9
      vertex 108.69313607847322 153.15504860352604 0
      vertex 109.47748758094197 151.72249260431798 1.9
    endloop
  endfacet
  facet normal 0.1852297059741196 -0.7394784376506582 -0.6471951763374654
    outer loop
      vertex 109.47748758094197 151.72249260431798 1.9
      vertex 109.008677827176 153.26795124652548 0
      vertex 109.64883742037097 151.7654135047258 1.9
    endloop
  endfacet
  facet normal 0.11185621251756805 -0.7540733329370155 -0.6471951763374675
    outer loop
      vertex 109.64883742037097 151.7654135047258 1.9
      vertex 109.33376655031492 153.34938173257703 0
      vertex 109.82356914740679 151.79133250800996 1.9
    endloop
  endfacet
  facet normal 0.03740548258762499 -0.7614060898087818 -0.6471951763374695
    outer loop
      vertex 109.82356914740679 151.79133250800996 1.9
      vertex 109.66527146577455 153.39855584158556 0
      vertex 110 151.8 1.9
    endloop
  endfacet
  facet normal -0.03740548258762529 -0.761406089808788 -0.647195176337462
    outer loop
      vertex 110 151.8 1.9
      vertex 110 153.415 0
      vertex 110.17643085259321 151.79133250800996 1.9
    endloop
  endfacet
  facet normal -0.111856212517568 -0.7540733329370151 -0.6471951763374679
    outer loop
      vertex 110.17643085259321 151.79133250800996 1.9
      vertex 110.33472853422545 153.39855584158556 0
      vertex 110.35116257962903 151.7654135047258 1.9
    endloop
  endfacet
  facet normal -0.1852297059741192 -0.7394784376506566 -0.6471951763374673
    outer loop
      vertex 110.35116257962903 151.7654135047258 1.9
      vertex 110.66623344968508 153.34938173257703 0
      vertex 110.52251241905803 151.72249260431798 1.9
    endloop
  endfacet
  facet normal -0.25681933610531554 -0.7177619607696838 -0.647195176337466
    outer loop
      vertex 110.52251241905803 151.72249260431798 1.9
      vertex 110.991322172824 153.26795124652548 0
      vertex 110.68883017825716 151.66298315852032 1.9
    endloop
  endfacet
  facet normal -0.325935655638122 -0.6891330438378824 -0.6471951763374652
    outer loop
      vertex 110.68883017825716 151.66298315852032 1.9
      vertex 111.30686392152678 153.15504860352604 0
      vertex 110.8485141262868 151.58745827582703 1.9
    endloop
  endfacet
  facet normal -0.5119457389492308 -0.5648450797318125 -0.6471951763374696
    outer loop
      vertex 111.14190791149456 151.39141881605292 1.9
      vertex 112.16645306541885 152.63983069823374 0
      vertex 111.27279220613579 151.2727922061358 1.9
    endloop
  endfacet
  facet normal -0.39191303663252836 -0.6538673989754968 -0.64719517633747
    outer loop
      vertex 110.8485141262868 151.58745827582703 1.9
      vertex 111.60981985626078 153.01176111774964 0
      vertex 111.00002641943529 151.49664530214457 1.9
    endloop
  endfacet
  facet normal -0.45411608084271693 -0.6123046536206994 -0.647195176337468
    outer loop
      vertex 111.00002641943529 151.49664530214457 1.9
      vertex 111.89727234576193 152.8394687260132 0
      vertex 111.14190791149456 151.39141881605292 1.9
    endloop
  endfacet
  facet normal -0.6538673989755092 -0.39191303663251126 -0.6471951763374679
    outer loop
      vertex 111.58745827582703 150.8485141262868 1.9
      vertex 111.49664530214459 151.00002641943527 1.9
      vertex 112.83946872601318 151.89727234576196 0
    endloop
  endfacet
  facet normal -0.7394784376506613 -0.18522970597410507 -0.6471951763374657
    outer loop
      vertex 111.72249260431798 150.52251241905805 1.9
      vertex 113.2679512465255 150.99132217282397 0
      vertex 111.76541350472581 150.35116257962903 1.9
    endloop
  endfacet
  facet normal -0.7614060898087884 -0.03740548258756699 -0.647195176337465
    outer loop
      vertex 111.8 150 1.9
      vertex 111.79133250800996 150.1764308525932 1.9
      vertex 113.39855584158555 150.33472853422546 0
    endloop
  endfacet
  facet normal -0.754073332937017 -0.11185621251755919 -0.6471951763374674
    outer loop
      vertex 111.79133250800996 150.1764308525932 1.9
      vertex 111.76541350472581 150.35116257962903 1.9
      vertex 113.34938173257703 150.66623344968508 0
    endloop
  endfacet
  facet normal -0.7177619607696694 -0.2568193361053543 -0.6471951763374668
    outer loop
      vertex 111.72249260431798 150.52251241905805 1.9
      vertex 111.66298315852032 150.68883017825715 1.9
      vertex 113.15504860352604 151.30686392152677 0
    endloop
  endfacet
  facet normal -0.6891330438378905 -0.32593565563809684 -0.6471951763374694
    outer loop
      vertex 111.58745827582703 150.8485141262868 1.9
      vertex 113.01176111774963 151.6098198562608 0
      vertex 111.66298315852032 150.68883017825715 1.9
    endloop
  endfacet
  facet normal -0.5648450797317562 -0.5119457389492967 -0.6471951763374666
    outer loop
      vertex 111.39141881605293 151.14190791149457 1.9
      vertex 111.27279220613579 151.2727922061358 1.9
      vertex 112.41476965775206 152.41476965775206 0
    endloop
  endfacet
  facet normal -0.6123046536207468 -0.45411608084266103 -0.6471951763374625
    outer loop
      vertex 111.39141881605293 151.14190791149457 1.9
      vertex 112.63983069823375 152.16645306541884 0
      vertex 111.49664530214459 151.00002641943527 1.9
    endloop
  endfacet
  facet normal 0.33688985339222316 0.9415440651830197 0
    outer loop
      vertex 22.895241121992008 19.918662571187923 0.5
      vertex 23.40343427510046 19.73682815347285 0
      vertex 22.895241121992008 19.918662571187923 0
    endloop
  endfacet
  facet normal 0.24298017990325932 0.9700312531945452 0
    outer loop
      vertex 23.40343427510046 19.73682815347285 0.5
      vertex 23.927003228911296 19.605680957782234 0
      vertex 23.40343427510046 19.73682815347285 0
    endloop
  endfacet
  facet normal 0.14673047445536103 0.989176509964781 0
    outer loop
      vertex 23.927003228911296 19.605680957782234 0.5
      vertex 24.460905728187416 19.52648400330292 0
      vertex 23.927003228911296 19.605680957782234 0
    endloop
  endfacet
  facet normal 0.049067674327421054 0.9987954562051723 0
    outer loop
      vertex 24.460905728187416 19.52648400330292 0.5
      vertex 25 19.5 0
      vertex 24.460905728187416 19.52648400330292 0
    endloop
  endfacet
  facet normal -0.049067674327421054 0.9987954562051723 0
    outer loop
      vertex 25 19.5 0.5
      vertex 25.539094271812584 19.52648400330292 0
      vertex 25 19.5 0
    endloop
  endfacet
  facet normal -0.14673047445536103 0.989176509964781 0
    outer loop
      vertex 25.539094271812584 19.52648400330292 0.5
      vertex 26.072996771088704 19.605680957782234 0
      vertex 25.539094271812584 19.52648400330292 0
    endloop
  endfacet
  facet normal -0.24298017990325932 0.9700312531945452 0
    outer loop
      vertex 26.072996771088704 19.605680957782234 0.5
      vertex 26.59656572489954 19.73682815347285 0
      vertex 26.072996771088704 19.605680957782234 0
    endloop
  endfacet
  facet normal -0.33688985339222316 0.9415440651830197 0
    outer loop
      vertex 26.59656572489954 19.73682815347285 0.5
      vertex 27.104758878007992 19.918662571187923 0
      vertex 26.59656572489954 19.73682815347285 0
    endloop
  endfacet
  facet normal -0.42755509343028286 0.903989293123443 0
    outer loop
      vertex 27.104758878007992 19.918662571187923 0.5
      vertex 27.592682052542987 20.14943304608405 0
      vertex 27.104758878007992 19.918662571187923 0
    endloop
  endfacet
  facet normal 0.42755509343028286 0.903989293123443 -1.8284411482158802e-18
    outer loop
      vertex 22.407317947457013 20.14943304608405 0.5
      vertex 22.895241121992008 19.918662571187923 0.5
      vertex 22.895241121992008 19.918662571187923 0
    endloop
  endfacet
  facet normal 0.33688985339222316 0.9415440651830197 0
    outer loop
      vertex 23.40343427510046 19.73682815347285 0.5
      vertex 23.40343427510046 19.73682815347285 0
      vertex 22.895241121992008 19.918662571187923 0.5
    endloop
  endfacet
  facet normal 0.24298017990325932 0.9700312531945452 -1.5976263225846034e-17
    outer loop
      vertex 23.40343427510046 19.73682815347285 0.5
      vertex 23.927003228911296 19.605680957782234 0.5
      vertex 23.927003228911296 19.605680957782234 0
    endloop
  endfacet
  facet normal 0.14673047445536103 0.989176509964781 -7.021900254915802e-18
    outer loop
      vertex 23.927003228911296 19.605680957782234 0.5
      vertex 24.460905728187416 19.52648400330292 0.5
      vertex 24.460905728187416 19.52648400330292 0
    endloop
  endfacet
  facet normal 0.049067674327421054 0.9987954562051723 -1.214285772960646e-18
    outer loop
      vertex 24.460905728187416 19.52648400330292 0.5
      vertex 25 19.5 0.5
      vertex 25 19.5 0
    endloop
  endfacet
  facet normal -0.049067674327421054 0.9987954562051723 1.214285772960646e-18
    outer loop
      vertex 25 19.5 0.5
      vertex 25.539094271812584 19.52648400330292 0.5
      vertex 25.539094271812584 19.52648400330292 0
    endloop
  endfacet
  facet normal -0.14673047445536103 0.989176509964781 7.021900254915802e-18
    outer loop
      vertex 25.539094271812584 19.52648400330292 0.5
      vertex 26.072996771088704 19.605680957782234 0.5
      vertex 26.072996771088704 19.605680957782234 0
    endloop
  endfacet
  facet normal -0.24298017990325932 0.9700312531945452 1.5976263225846034e-17
    outer loop
      vertex 26.072996771088704 19.605680957782234 0.5
      vertex 26.59656572489954 19.73682815347285 0.5
      vertex 26.59656572489954 19.73682815347285 0
    endloop
  endfacet
  facet normal -0.33688985339222316 0.9415440651830197 1.8444732275739958e-17
    outer loop
      vertex 26.59656572489954 19.73682815347285 0.5
      vertex 27.104758878007992 19.918662571187923 0.5
      vertex 27.104758878007992 19.918662571187923 0
    endloop
  endfacet
  facet normal 0.803207531480646 0.5956993044924317 0
    outer loop
      vertex 20.426917132336 21.94436371839219 0.5
      vertex 20.748442506504947 21.51083693709995 0
      vertex 20.426917132336 21.94436371839219 0
    endloop
  endfacet
  facet normal 0.8577286100002726 0.514102744193221 0
    outer loop
      vertex 20.14943304608405 22.407317947457013 0.5
      vertex 20.426917132336 21.94436371839219 0
      vertex 20.14943304608405 22.407317947457013 0
    endloop
  endfacet
  facet normal 0.9700312531945452 0.24298017990325932 0
    outer loop
      vertex 19.605680957782234 23.927003228911296 0.5
      vertex 19.73682815347285 23.40343427510046 0
      vertex 19.605680957782234 23.927003228911296 0
    endloop
  endfacet
  facet normal 0.989176509964781 0.14673047445536103 0
    outer loop
      vertex 19.52648400330292 24.460905728187416 0.5
      vertex 19.605680957782234 23.927003228911296 0
      vertex 19.52648400330292 24.460905728187416 0
    endloop
  endfacet
  facet normal 0.9987954562051723 0.049067674327421054 0
    outer loop
      vertex 19.5 25 0.5
      vertex 19.52648400330292 24.460905728187416 0
      vertex 19.5 25 0
    endloop
  endfacet
  facet normal 0.903989293123443 0.42755509343028286 0
    outer loop
      vertex 19.918662571187923 22.895241121992008 0.5
      vertex 20.14943304608405 22.407317947457013 0
      vertex 19.918662571187923 22.895241121992008 0
    endloop
  endfacet
  facet normal 0.9415440651830197 0.33688985339222316 0
    outer loop
      vertex 19.73682815347285 23.40343427510046 0.5
      vertex 19.918662571187923 22.895241121992008 0
      vertex 19.73682815347285 23.40343427510046 0
    endloop
  endfacet
  facet normal 0.6715589548470197 0.7409511253549579 0
    outer loop
      vertex 21.11091270347399 21.11091270347399 0.5
      vertex 21.51083693709995 20.748442506504947 0
      vertex 21.11091270347399 21.11091270347399 0
    endloop
  endfacet
  facet normal 0.7409511253549579 0.6715589548470197 0
    outer loop
      vertex 20.748442506504947 21.51083693709995 0.5
      vertex 21.11091270347399 21.11091270347399 0
      vertex 20.748442506504947 21.51083693709995 0
    endloop
  endfacet
  facet normal 0.5956993044924317 0.803207531480646 0
    outer loop
      vertex 21.51083693709995 20.748442506504947 0.5
      vertex 21.94436371839219 20.426917132336 0
      vertex 21.51083693709995 20.748442506504947 0
    endloop
  endfacet
  facet normal 0.514102744193221 0.8577286100002726 0
    outer loop
      vertex 21.94436371839219 20.426917132336 0.5
      vertex 22.407317947457013 20.14943304608405 0
      vertex 21.94436371839219 20.426917132336 0
    endloop
  endfacet
  facet normal 0.9987954562051723 -0.049067674327421054 0
    outer loop
      vertex 19.52648400330292 25.539094271812584 0.5
      vertex 19.5 25 0
      vertex 19.52648400330292 25.539094271812584 0
    endloop
  endfacet
  facet normal 0.989176509964781 -0.14673047445536103 0
    outer loop
      vertex 19.605680957782234 26.072996771088704 0.5
      vertex 19.52648400330292 25.539094271812584 0
      vertex 19.605680957782234 26.072996771088704 0
    endloop
  endfacet
  facet normal 0.9700312531945452 -0.24298017990325932 0
    outer loop
      vertex 19.73682815347285 26.59656572489954 0.5
      vertex 19.605680957782234 26.072996771088704 0
      vertex 19.73682815347285 26.59656572489954 0
    endloop
  endfacet
  facet normal 0.9415440651830197 -0.33688985339222316 0
    outer loop
      vertex 19.918662571187923 27.104758878007992 0.5
      vertex 19.73682815347285 26.59656572489954 0
      vertex 19.918662571187923 27.104758878007992 0
    endloop
  endfacet
  facet normal 0.903989293123443 -0.42755509343028286 0
    outer loop
      vertex 20.14943304608405 27.592682052542987 0.5
      vertex 19.918662571187923 27.104758878007992 0
      vertex 20.14943304608405 27.592682052542987 0
    endloop
  endfacet
  facet normal 0.8577286100002726 -0.514102744193221 0
    outer loop
      vertex 20.426917132336 28.05563628160781 0.5
      vertex 20.14943304608405 27.592682052542987 0
      vertex 20.426917132336 28.05563628160781 0
    endloop
  endfacet
  facet normal 0.803207531480646 -0.5956993044924317 0
    outer loop
      vertex 20.748442506504947 28.48916306290005 0.5
      vertex 20.426917132336 28.05563628160781 0
      vertex 20.748442506504947 28.48916306290005 0
    endloop
  endfacet
  facet normal 0.7409511253549579 -0.6715589548470197 0
    outer loop
      vertex 21.11091270347399 28.88908729652601 0.5
      vertex 20.748442506504947 28.48916306290005 0
      vertex 21.11091270347399 28.88908729652601 0
    endloop
  endfacet
  facet normal 0.6715589548470197 -0.7409511253549579 0
    outer loop
      vertex 21.51083693709995 29.251557493495053 0.5
      vertex 21.11091270347399 28.88908729652601 0
      vertex 21.51083693709995 29.251557493495053 0
    endloop
  endfacet
  facet normal 0.5956993044924317 -0.803207531480646 0
    outer loop
      vertex 21.94436371839219 29.573082867664 0.5
      vertex 21.51083693709995 29.251557493495053 0
      vertex 21.94436371839219 29.573082867664 0
    endloop
  endfacet
  facet normal 0.514102744193221 -0.8577286100002726 0
    outer loop
      vertex 22.407317947457013 29.85056695391595 0.5
      vertex 21.94436371839219 29.573082867664 0
      vertex 22.407317947457013 29.85056695391595 0
    endloop
  endfacet
  facet normal 0.42755509343028286 0.903989293123443 0
    outer loop
      vertex 22.407317947457013 20.14943304608405 0.5
      vertex 22.895241121992008 19.918662571187923 0
      vertex 22.407317947457013 20.14943304608405 0
    endloop
  endfacet
  facet normal -0.514102744193221 0.8577286100002726 0
    outer loop
      vertex 27.592682052542987 20.14943304608405 0.5
      vertex 28.05563628160781 20.426917132336 0
      vertex 27.592682052542987 20.14943304608405 0
    endloop
  endfacet
  facet normal -0.5956993044924317 0.803207531480646 0
    outer loop
      vertex 28.05563628160781 20.426917132336 0.5
      vertex 28.48916306290005 20.748442506504947 0
      vertex 28.05563628160781 20.426917132336 0
    endloop
  endfacet
  facet normal -0.6715589548470197 0.7409511253549579 0
    outer loop
      vertex 28.48916306290005 20.748442506504947 0.5
      vertex 28.88908729652601 21.11091270347399 0
      vertex 28.48916306290005 20.748442506504947 0
    endloop
  endfacet
  facet normal -0.7409511253549579 0.6715589548470197 0
    outer loop
      vertex 28.88908729652601 21.11091270347399 0.5
      vertex 29.251557493495053 21.51083693709995 0
      vertex 28.88908729652601 21.11091270347399 0
    endloop
  endfacet
  facet normal -0.803207531480646 0.5956993044924317 0
    outer loop
      vertex 29.251557493495053 21.51083693709995 0.5
      vertex 29.573082867664 21.94436371839219 0
      vertex 29.251557493495053 21.51083693709995 0
    endloop
  endfacet
  facet normal -0.8577286100002726 0.514102744193221 0
    outer loop
      vertex 29.573082867664 21.94436371839219 0.5
      vertex 29.85056695391595 22.407317947457013 0
      vertex 29.573082867664 21.94436371839219 0
    endloop
  endfacet
  facet normal -0.903989293123443 0.42755509343028286 0
    outer loop
      vertex 29.85056695391595 22.407317947457013 0.5
      vertex 30.081337428812077 22.895241121992008 0
      vertex 29.85056695391595 22.407317947457013 0
    endloop
  endfacet
  facet normal -0.42755509343028286 -0.903989293123443 0
    outer loop
      vertex 27.592682052542987 29.85056695391595 0.5
      vertex 27.104758878007992 30.081337428812077 0
      vertex 27.592682052542987 29.85056695391595 0
    endloop
  endfacet
  facet normal -0.514102744193221 -0.8577286100002726 0
    outer loop
      vertex 28.05563628160781 29.573082867664 0.5
      vertex 27.592682052542987 29.85056695391595 0
      vertex 28.05563628160781 29.573082867664 0
    endloop
  endfacet
  facet normal -0.5956993044924317 -0.803207531480646 0
    outer loop
      vertex 28.48916306290005 29.251557493495053 0.5
      vertex 28.05563628160781 29.573082867664 0
      vertex 28.48916306290005 29.251557493495053 0
    endloop
  endfacet
  facet normal -0.6715589548470197 -0.7409511253549579 0
    outer loop
      vertex 28.88908729652601 28.88908729652601 0.5
      vertex 28.48916306290005 29.251557493495053 0
      vertex 28.88908729652601 28.88908729652601 0
    endloop
  endfacet
  facet normal -0.7409511253549579 -0.6715589548470197 0
    outer loop
      vertex 29.251557493495053 28.48916306290005 0.5
      vertex 28.88908729652601 28.88908729652601 0
      vertex 29.251557493495053 28.48916306290005 0
    endloop
  endfacet
  facet normal -0.803207531480646 -0.5956993044924317 0
    outer loop
      vertex 29.573082867664 28.05563628160781 0.5
      vertex 29.251557493495053 28.48916306290005 0
      vertex 29.573082867664 28.05563628160781 0
    endloop
  endfacet
  facet normal -0.8577286100002726 -0.514102744193221 0
    outer loop
      vertex 29.85056695391595 27.592682052542987 0.5
      vertex 29.573082867664 28.05563628160781 0
      vertex 29.85056695391595 27.592682052542987 0
    endloop
  endfacet
  facet normal 0.42755509343028286 -0.903989293123443 0
    outer loop
      vertex 22.895241121992008 30.081337428812077 0.5
      vertex 22.407317947457013 29.85056695391595 0
      vertex 22.895241121992008 30.081337428812077 0
    endloop
  endfacet
  facet normal 0.33688985339222316 -0.9415440651830197 0
    outer loop
      vertex 23.40343427510046 30.26317184652715 0.5
      vertex 22.895241121992008 30.081337428812077 0
      vertex 23.40343427510046 30.26317184652715 0
    endloop
  endfacet
  facet normal 0.24298017990325932 -0.9700312531945452 0
    outer loop
      vertex 23.927003228911296 30.394319042217766 0.5
      vertex 23.40343427510046 30.26317184652715 0
      vertex 23.927003228911296 30.394319042217766 0
    endloop
  endfacet
  facet normal 0.14673047445536103 -0.989176509964781 0
    outer loop
      vertex 24.460905728187416 30.47351599669708 0.5
      vertex 23.927003228911296 30.394319042217766 0
      vertex 24.460905728187416 30.47351599669708 0
    endloop
  endfacet
  facet normal 0.049067674327421054 -0.9987954562051723 0
    outer loop
      vertex 25 30.5 0.5
      vertex 24.460905728187416 30.47351599669708 0
      vertex 25 30.5 0
    endloop
  endfacet
  facet normal -0.049067674327421054 -0.9987954562051723 0
    outer loop
      vertex 25.539094271812584 30.47351599669708 0.5
      vertex 25 30.5 0
      vertex 25.539094271812584 30.47351599669708 0
    endloop
  endfacet
  facet normal -0.14673047445536103 -0.989176509964781 0
    outer loop
      vertex 26.072996771088704 30.394319042217766 0.5
      vertex 25.539094271812584 30.47351599669708 0
      vertex 26.072996771088704 30.394319042217766 0
    endloop
  endfacet
  facet normal -0.24298017990325932 -0.9700312531945452 0
    outer loop
      vertex 26.59656572489954 30.26317184652715 0.5
      vertex 26.072996771088704 30.394319042217766 0
      vertex 26.59656572489954 30.26317184652715 0
    endloop
  endfacet
  facet normal -0.33688985339222316 -0.9415440651830197 0
    outer loop
      vertex 27.104758878007992 30.081337428812077 0.5
      vertex 26.59656572489954 30.26317184652715 0
      vertex 27.104758878007992 30.081337428812077 0
    endloop
  endfacet
  facet normal 0.8577286100002726 0.514102744193221 0
    outer loop
      vertex 20.426917132336 21.94436371839219 0.5
      vertex 20.426917132336 21.94436371839219 0
      vertex 20.14943304608405 22.407317947457013 0.5
    endloop
  endfacet
  facet normal 0.989176509964781 0.14673047445536103 0
    outer loop
      vertex 19.605680957782234 23.927003228911296 0.5
      vertex 19.605680957782234 23.927003228911296 0
      vertex 19.52648400330292 24.460905728187416 0.5
    endloop
  endfacet
  facet normal 0.9987954562051723 0.049067674327421054 0
    outer loop
      vertex 19.52648400330292 24.460905728187416 0.5
      vertex 19.52648400330292 24.460905728187416 0
      vertex 19.5 25 0.5
    endloop
  endfacet
  facet normal 0.9415440651830197 0.33688985339222316 -1.8444732275739958e-17
    outer loop
      vertex 19.73682815347285 23.40343427510046 0.5
      vertex 19.918662571187923 22.895241121992008 0.5
      vertex 19.918662571187923 22.895241121992008 0
    endloop
  endfacet
  facet normal 0.903989293123443 0.42755509343028286 0
    outer loop
      vertex 20.14943304608405 22.407317947457013 0.5
      vertex 20.14943304608405 22.407317947457013 0
      vertex 19.918662571187923 22.895241121992008 0.5
    endloop
  endfacet
  facet normal 0.9700312531945452 0.24298017990325932 0
    outer loop
      vertex 19.73682815347285 23.40343427510046 0.5
      vertex 19.73682815347285 23.40343427510046 0
      vertex 19.605680957782234 23.927003228911296 0.5
    endloop
  endfacet
  facet normal 0.7409511253549579 0.6715589548470197 2.7303685038269775e-17
    outer loop
      vertex 20.748442506504947 21.51083693709995 0.5
      vertex 21.11091270347399 21.11091270347399 0.5
      vertex 21.11091270347399 21.11091270347399 0
    endloop
  endfacet
  facet normal 0.6715589548470197 0.7409511253549579 0
    outer loop
      vertex 21.51083693709995 20.748442506504947 0.5
      vertex 21.51083693709995 20.748442506504947 0
      vertex 21.11091270347399 21.11091270347399 0.5
    endloop
  endfacet
  facet normal 0.803207531480646 0.5956993044924317 -6.894027302990509e-20
    outer loop
      vertex 20.426917132336 21.94436371839219 0.5
      vertex 20.748442506504947 21.51083693709995 0.5
      vertex 20.748442506504947 21.51083693709995 0
    endloop
  endfacet
  facet normal 0.5956993044924317 0.803207531480646 -6.894027302990509e-20
    outer loop
      vertex 21.51083693709995 20.748442506504947 0.5
      vertex 21.94436371839219 20.426917132336 0.5
      vertex 21.94436371839219 20.426917132336 0
    endloop
  endfacet
  facet normal 0.514102744193221 0.8577286100002726 -3.22819915253908e-17
    outer loop
      vertex 21.94436371839219 20.426917132336 0.5
      vertex 22.407317947457013 20.14943304608405 0.5
      vertex 22.407317947457013 20.14943304608405 0
    endloop
  endfacet
  facet normal 0.9987954562051723 -0.049067674327421054 0
    outer loop
      vertex 19.5 25 0.5
      vertex 19.5 25 0
      vertex 19.52648400330292 25.539094271812584 0.5
    endloop
  endfacet
  facet normal 0.989176509964781 -0.14673047445536103 0
    outer loop
      vertex 19.52648400330292 25.539094271812584 0.5
      vertex 19.52648400330292 25.539094271812584 0
      vertex 19.605680957782234 26.072996771088704 0.5
    endloop
  endfacet
  facet normal 0.9700312531945452 -0.24298017990325932 0
    outer loop
      vertex 19.605680957782234 26.072996771088704 0.5
      vertex 19.605680957782234 26.072996771088704 0
      vertex 19.73682815347285 26.59656572489954 0.5
    endloop
  endfacet
  facet normal 0.9415440651830197 -0.33688985339222316 0
    outer loop
      vertex 19.73682815347285 26.59656572489954 0.5
      vertex 19.73682815347285 26.59656572489954 0
      vertex 19.918662571187923 27.104758878007992 0.5
    endloop
  endfacet
  facet normal 0.903989293123443 -0.42755509343028286 0
    outer loop
      vertex 19.918662571187923 27.104758878007992 0.5
      vertex 19.918662571187923 27.104758878007992 0
      vertex 20.14943304608405 27.592682052542987 0.5
    endloop
  endfacet
  facet normal 0.8577286100002726 -0.514102744193221 0
    outer loop
      vertex 20.14943304608405 27.592682052542987 0.5
      vertex 20.14943304608405 27.592682052542987 0
      vertex 20.426917132336 28.05563628160781 0.5
    endloop
  endfacet
  facet normal 0.803207531480646 -0.5956993044924317 0
    outer loop
      vertex 20.426917132336 28.05563628160781 0.5
      vertex 20.426917132336 28.05563628160781 0
      vertex 20.748442506504947 28.48916306290005 0.5
    endloop
  endfacet
  facet normal 0.7409511253549579 -0.6715589548470197 0
    outer loop
      vertex 20.748442506504947 28.48916306290005 0.5
      vertex 20.748442506504947 28.48916306290005 0
      vertex 21.11091270347399 28.88908729652601 0.5
    endloop
  endfacet
  facet normal 0.6715589548470197 -0.7409511253549579 0
    outer loop
      vertex 21.11091270347399 28.88908729652601 0.5
      vertex 21.11091270347399 28.88908729652601 0
      vertex 21.51083693709995 29.251557493495053 0.5
    endloop
  endfacet
  facet normal 0.5956993044924317 -0.803207531480646 0
    outer loop
      vertex 21.51083693709995 29.251557493495053 0.5
      vertex 21.51083693709995 29.251557493495053 0
      vertex 21.94436371839219 29.573082867664 0.5
    endloop
  endfacet
  facet normal 0.514102744193221 -0.8577286100002726 0
    outer loop
      vertex 21.94436371839219 29.573082867664 0.5
      vertex 21.94436371839219 29.573082867664 0
      vertex 22.407317947457013 29.85056695391595 0.5
    endloop
  endfacet
  facet normal 0 0 -1
    outer loop
      vertex 19.605680957782234 23.927003228911296 0.5
      vertex 19.52648400330292 24.460905728187416 0.5
      vertex 19.52648400330292 25.539094271812584 0.5
    endloop
  endfacet
  facet normal 0 0 -1
    outer loop
      vertex 19.73682815347285 23.40343427510046 0.5
      vertex 19.605680957782234 23.927003228911296 0.5
      vertex 19.605680957782234 26.072996771088704 0.5
    endloop
  endfacet
  facet normal 0 0 -1
    outer loop
      vertex 19.73682815347285 23.40343427510046 0.5
      vertex 19.73682815347285 26.59656572489954 0.5
      vertex 19.918662571187923 22.895241121992008 0.5
    endloop
  endfacet
  facet normal 0 0 -1
    outer loop
      vertex 20.14943304608405 22.407317947457013 0.5
      vertex 19.918662571187923 22.895241121992008 0.5
      vertex 19.918662571187923 27.104758878007992 0.5
    endloop
  endfacet
  facet normal 0 0 -1
    outer loop
      vertex 20.426917132336 21.94436371839219 0.5
      vertex 20.14943304608405 22.407317947457013 0.5
      vertex 20.14943304608405 27.592682052542987 0.5
    endloop
  endfacet
  facet normal 0 0 -1
    outer loop
      vertex 20.426917132336 21.94436371839219 0.5
      vertex 20.426917132336 28.05563628160781 0.5
      vertex 20.748442506504947 21.51083693709995 0.5
    endloop
  endfacet
  facet normal 0 0 -1
    outer loop
      vertex 20.748442506504947 21.51083693709995 0.5
      vertex 20.748442506504947 28.48916306290005 0.5
      vertex 21.11091270347399 21.11091270347399 0.5
    endloop
  endfacet
  facet normal 0 0 -1
    outer loop
      vertex 21.51083693709995 20.748442506504947 0.5
      vertex 21.11091270347399 21.11091270347399 0.5
      vertex 21.11091270347399 28.88908729652601 0.5
    endloop
  endfacet
  facet normal 0 0 -1
    outer loop
      vertex 21.51083693709995 20.748442506504947 0.5
      vertex 21.51083693709995 29.251557493495053 0.5
      vertex 21.94436371839219 20.426917132336 0.5
    endloop
  endfacet
  facet normal 0 0 -1
    outer loop
      vertex 21.94436371839219 20.426917132336 0.5
      vertex 21.94436371839219 29.573082867664 0.5
      vertex 22.407317947457013 20.14943304608405 0.5
    endloop
  endfacet
  facet normal 0 0 -1
    outer loop
      vertex 19.52648400330292 24.460905728187416 0.5
      vertex 19.5 25 0.5
      vertex 19.52648400330292 25.539094271812584 0.5
    endloop
  endfacet
  facet normal 0 0 -1
    outer loop
      vertex 19.605680957782234 23.927003228911296 0.5
      vertex 19.52648400330292 25.539094271812584 0.5
      vertex 19.605680957782234 26.072996771088704 0.5
    endloop
  endfacet
  facet normal 0 0 -1
    outer loop
      vertex 19.73682815347285 23.40343427510046 0.5
      vertex 19.605680957782234 26.072996771088704 0.5
      vertex 19.73682815347285 26.59656572489954 0.5
    endloop
  endfacet
  facet normal 0 0 -1
    outer loop
      vertex 19.73682815347285 26.59656572489954 0.5
      vertex 19.918662571187923 27.104758878007992 0.5
      vertex 19.918662571187923 22.895241121992008 0.5
    endloop
  endfacet
  facet normal 0 0 -1
    outer loop
      vertex 20.14943304608405 22.407317947457013 0.5
      vertex 19.918662571187923 27.104758878007992 0.5
      vertex 20.14943304608405 27.592682052542987 0.5
    endloop
  endfacet
  facet normal 0 0 -1
    outer loop
      vertex 20.426917132336 21.94436371839219 0.5
      vertex 20.14943304608405 27.592682052542987 0.5
      vertex 20.426917132336 28.05563628160781 0.5
    endloop
  endfacet
  facet normal 0 0 -1
    outer loop
      vertex 20.748442506504947 21.51083693709995 0.5
      vertex 20.426917132336 28.05563628160781 0.5
      vertex 20.748442506504947 28.48916306290005 0.5
    endloop
  endfacet
  facet normal 0 0 -1
    outer loop
      vertex 21.11091270347399 21.11091270347399 0.5
      vertex 20.748442506504947 28.48916306290005 0.5
      vertex 21.11091270347399 28.88908729652601 0.5
    endloop
  endfacet
  facet normal 0 0 -1
    outer loop
      vertex 21.51083693709995 20.748442506504947 0.5
      vertex 21.11091270347399 28.88908729652601 0.5
      vertex 21.51083693709995 29.251557493495053 0.5
    endloop
  endfacet
  facet normal 0 0 -1
    outer loop
      vertex 21.94436371839219 20.426917132336 0.5
      vertex 21.51083693709995 29.251557493495053 0.5
      vertex 21.94436371839219 29.573082867664 0.5
    endloop
  endfacet
  facet normal 0 0 -1
    outer loop
      vertex 22.407317947457013 20.14943304608405 0.5
      vertex 21.94436371839219 29.573082867664 0.5
      vertex 22.407317947457013 29.85056695391595 0.5
    endloop
  endfacet
  facet normal 0.42755509343028286 -0.903989293123443 0
    outer loop
      vertex 22.407317947457013 29.85056695391595 0.5
      vertex 22.407317947457013 29.85056695391595 0
      vertex 22.895241121992008 30.081337428812077 0.5
    endloop
  endfacet
  facet normal -0.42755509343028286 0.903989293123443 1.8284411482158802e-18
    outer loop
      vertex 27.104758878007992 19.918662571187923 0.5
      vertex 27.592682052542987 20.14943304608405 0.5
      vertex 27.592682052542987 20.14943304608405 0
    endloop
  endfacet
  facet normal -0.514102744193221 0.8577286100002726 3.22819915253908e-17
    outer loop
      vertex 27.592682052542987 20.14943304608405 0.5
      vertex 28.05563628160781 20.426917132336 0.5
      vertex 28.05563628160781 20.426917132336 0
    endloop
  endfacet
  facet normal -0.5956993044924317 0.803207531480646 6.894027302990509e-20
    outer loop
      vertex 28.05563628160781 20.426917132336 0.5
      vertex 28.48916306290005 20.748442506504947 0.5
      vertex 28.48916306290005 20.748442506504947 0
    endloop
  endfacet
  facet normal -0.6715589548470197 0.7409511253549579 -2.7303685038269775e-17
    outer loop
      vertex 28.48916306290005 20.748442506504947 0.5
      vertex 28.88908729652601 21.11091270347399 0.5
      vertex 28.88908729652601 21.11091270347399 0
    endloop
  endfacet
  facet normal -0.7409511253549579 0.6715589548470197 -2.7303685038269775e-17
    outer loop
      vertex 28.88908729652601 21.11091270347399 0.5
      vertex 29.251557493495053 21.51083693709995 0.5
      vertex 29.251557493495053 21.51083693709995 0
    endloop
  endfacet
  facet normal -0.803207531480646 0.5956993044924317 6.894027302990509e-20
    outer loop
      vertex 29.251557493495053 21.51083693709995 0.5
      vertex 29.573082867664 21.94436371839219 0.5
      vertex 29.573082867664 21.94436371839219 0
    endloop
  endfacet
  facet normal -0.8577286100002726 0.514102744193221 3.22819915253908e-17
    outer loop
      vertex 29.573082867664 21.94436371839219 0.5
      vertex 29.85056695391595 22.407317947457013 0.5
      vertex 29.85056695391595 22.407317947457013 0
    endloop
  endfacet
  facet normal -0.514102744193221 -0.8577286100002726 -3.22819915253908e-17
    outer loop
      vertex 28.05563628160781 29.573082867664 0.5
      vertex 27.592682052542987 29.85056695391595 0.5
      vertex 27.592682052542987 29.85056695391595 0
    endloop
  endfacet
  facet normal -0.903989293123443 -0.42755509343028286 0
    outer loop
      vertex 29.85056695391595 27.592682052542987 0.5
      vertex 29.85056695391595 27.592682052542987 0
      vertex 30.081337428812077 27.104758878007992 0.5
    endloop
  endfacet
  facet normal -0.5956993044924317 -0.803207531480646 0
    outer loop
      vertex 28.05563628160781 29.573082867664 0.5
      vertex 28.05563628160781 29.573082867664 0
      vertex 28.48916306290005 29.251557493495053 0.5
    endloop
  endfacet
  facet normal -0.6715589548470197 -0.7409511253549579 0
    outer loop
      vertex 28.48916306290005 29.251557493495053 0.5
      vertex 28.48916306290005 29.251557493495053 0
      vertex 28.88908729652601 28.88908729652601 0.5
    endloop
  endfacet
  facet normal -0.7409511253549579 -0.6715589548470197 0
    outer loop
      vertex 28.88908729652601 28.88908729652601 0.5
      vertex 28.88908729652601 28.88908729652601 0
      vertex 29.251557493495053 28.48916306290005 0.5
    endloop
  endfacet
  facet normal -0.803207531480646 -0.5956993044924317 0
    outer loop
      vertex 29.251557493495053 28.48916306290005 0.5
      vertex 29.251557493495053 28.48916306290005 0
      vertex 29.573082867664 28.05563628160781 0.5
    endloop
  endfacet
  facet normal -0.8577286100002726 -0.514102744193221 -3.22819915253908e-17
    outer loop
      vertex 29.85056695391595 27.592682052542987 0.5
      vertex 29.573082867664 28.05563628160781 0.5
      vertex 29.573082867664 28.05563628160781 0
    endloop
  endfacet
  facet normal 0 0 -1
    outer loop
      vertex 22.407317947457013 20.14943304608405 0.5
      vertex 22.407317947457013 29.85056695391595 0.5
      vertex 22.895241121992008 19.918662571187923 0.5
    endloop
  endfacet
  facet normal 0 0 -1
    outer loop
      vertex 23.40343427510046 19.73682815347285 0.5
      vertex 22.895241121992008 19.918662571187923 0.5
      vertex 22.895241121992008 30.081337428812077 0.5
    endloop
  endfacet
  facet normal 0 0 -1
    outer loop
      vertex 23.40343427510046 19.73682815347285 0.5
      vertex 23.40343427510046 30.26317184652715 0.5
      vertex 23.927003228911296 19.605680957782234 0.5
    endloop
  endfacet
  facet normal 0 0 -1
    outer loop
      vertex 23.927003228911296 19.605680957782234 0.5
      vertex 23.927003228911296 30.394319042217766 0.5
      vertex 24.460905728187416 19.52648400330292 0.5
    endloop
  endfacet
  facet normal 0 0 -1
    outer loop
      vertex 24.460905728187416 19.52648400330292 0.5
      vertex 24.460905728187416 30.47351599669708 0.5
      vertex 25 19.5 0.5
    endloop
  endfacet
  facet normal 0 0 -1
    outer loop
      vertex 25 19.5 0.5
      vertex 25 30.5 0.5
      vertex 25.539094271812584 19.52648400330292 0.5
    endloop
  endfacet
  facet normal 0 0 -1
    outer loop
      vertex 25.539094271812584 19.52648400330292 0.5
      vertex 25.539094271812584 30.47351599669708 0.5
      vertex 26.072996771088704 19.605680957782234 0.5
    endloop
  endfacet
  facet normal 0 0 -1
    outer loop
      vertex 26.072996771088704 19.605680957782234 0.5
      vertex 26.072996771088704 30.394319042217766 0.5
      vertex 26.59656572489954 19.73682815347285 0.5
    endloop
  endfacet
  facet normal 0 0 -1
    outer loop
      vertex 22.895241121992008 19.918662571187923 0.5
      vertex 22.407317947457013 29.85056695391595 0.5
      vertex 22.895241121992008 30.081337428812077 0.5
    endloop
  endfacet
  facet normal 0 0 -1
    outer loop
      vertex 23.40343427510046 19.73682815347285 0.5
      vertex 22.895241121992008 30.081337428812077 0.5
      vertex 23.40343427510046 30.26317184652715 0.5
    endloop
  endfacet
  facet normal 0 0 -1
    outer loop
      vertex 23.927003228911296 19.605680957782234 0.5
      vertex 23.40343427510046 30.26317184652715 0.5
      vertex 23.927003228911296 30.394319042217766 0.5
    endloop
  endfacet
  facet normal 0 0 -1
    outer loop
      vertex 24.460905728187416 19.52648400330292 0.5
      vertex 23.927003228911296 30.394319042217766 0.5
      vertex 24.460905728187416 30.47351599669708 0.5
    endloop
  endfacet
  facet normal 0 0 -1
    outer loop
      vertex 25 19.5 0.5
      vertex 24.460905728187416 30.47351599669708 0.5
      vertex 25 30.5 0.5
    endloop
  endfacet
  facet normal 0 0 -1
    outer loop
      vertex 25.539094271812584 19.52648400330292 0.5
      vertex 25 30.5 0.5
      vertex 25.539094271812584 30.47351599669708 0.5
    endloop
  endfacet
  facet normal 0 0 -1
    outer loop
      vertex 26.072996771088704 19.605680957782234 0.5
      vertex 25.539094271812584 30.47351599669708 0.5
      vertex 26.072996771088704 30.394319042217766 0.5
    endloop
  endfacet
  facet normal 0 0 -1
    outer loop
      vertex 26.59656572489954 19.73682815347285 0.5
      vertex 26.59656572489954 30.26317184652715 0.5
      vertex 27.104758878007992 19.918662571187923 0.5
    endloop
  endfacet
  facet normal 0 0 -1
    outer loop
      vertex 27.104758878007992 19.918662571187923 0.5
      vertex 27.104758878007992 30.081337428812077 0.5
      vertex 27.592682052542987 20.14943304608405 0.5
    endloop
  endfacet
  facet normal 0 0 -1
    outer loop
      vertex 27.592682052542987 20.14943304608405 0.5
      vertex 27.592682052542987 29.85056695391595 0.5
      vertex 28.05563628160781 20.426917132336 0.5
    endloop
  endfacet
  facet normal 0 0 -1
    outer loop
      vertex 28.05563628160781 20.426917132336 0.5
      vertex 28.05563628160781 29.573082867664 0.5
      vertex 28.48916306290005 20.748442506504947 0.5
    endloop
  endfacet
  facet normal 0 0 -1
    outer loop
      vertex 28.48916306290005 20.748442506504947 0.5
      vertex 28.48916306290005 29.251557493495053 0.5
      vertex 28.88908729652601 21.11091270347399 0.5
    endloop
  endfacet
  facet normal 0 0 -1
    outer loop
      vertex 28.88908729652601 21.11091270347399 0.5
      vertex 28.88908729652601 28.88908729652601 0.5
      vertex 29.251557493495053 21.51083693709995 0.5
    endloop
  endfacet
  facet normal 0 0 -1
    outer loop
      vertex 29.251557493495053 21.51083693709995 0.5
      vertex 29.251557493495053 28.48916306290005 0.5
      vertex 29.573082867664 21.94436371839219 0.5
    endloop
  endfacet
  facet normal 0 0 -1
    outer loop
      vertex 29.573082867664 21.94436371839219 0.5
      vertex 29.573082867664 28.05563628160781 0.5
      vertex 29.85056695391595 22.407317947457013 0.5
    endloop
  endfacet
  facet normal 0 0 -1
    outer loop
      vertex 29.85056695391595 22.407317947457013 0.5
      vertex 29.85056695391595 27.592682052542987 0.5
      vertex 30.081337428812077 22.895241121992008 0.5
    endloop
  endfacet
  facet normal 0 0 -1
    outer loop
      vertex 26.59656572489954 19.73682815347285 0.5
      vertex 26.072996771088704 30.394319042217766 0.5
      vertex 26.59656572489954 30.26317184652715 0.5
    endloop
  endfacet
  facet normal 0 0 -1
    outer loop
      vertex 27.104758878007992 19.918662571187923 0.5
      vertex 26.59656572489954 30.26317184652715 0.5
      vertex 27.104758878007992 30.081337428812077 0.5
    endloop
  endfacet
  facet normal 0 0 -1
    outer loop
      vertex 27.592682052542987 20.14943304608405 0.5
      vertex 27.104758878007992 30.081337428812077 0.5
      vertex 27.592682052542987 29.85056695391595 0.5
    endloop
  endfacet
  facet normal 0 0 -1
    outer loop
      vertex 28.05563628160781 20.426917132336 0.5
      vertex 27.592682052542987 29.85056695391595 0.5
      vertex 28.05563628160781 29.573082867664 0.5
    endloop
  endfacet
  facet normal 0 0 -1
    outer loop
      vertex 28.48916306290005 20.748442506504947 0.5
      vertex 28.05563628160781 29.573082867664 0.5
      vertex 28.48916306290005 29.251557493495053 0.5
    endloop
  endfacet
  facet normal 0 0 -1
    outer loop
      vertex 28.88908729652601 21.11091270347399 0.5
      vertex 28.48916306290005 29.251557493495053 0.5
      vertex 28.88908729652601 28.88908729652601 0.5
    endloop
  endfacet
  facet normal 0 0 -1
    outer loop
      vertex 29.573082867664 21.94436371839219 0.5
      vertex 29.251557493495053 28.48916306290005 0.5
      vertex 29.573082867664 28.05563628160781 0.5
    endloop
  endfacet
  facet normal 0 0 -1
    outer loop
      vertex 29.85056695391595 22.407317947457013 0.5
      vertex 29.573082867664 28.05563628160781 0.5
      vertex 29.85056695391595 27.592682052542987 0.5
    endloop
  endfacet
  facet normal 0 0 -1
    outer loop
      vertex 29.251557493495053 21.51083693709995 0.5
      vertex 28.88908729652601 28.88908729652601 0.5
      vertex 29.251557493495053 28.48916306290005 0.5
    endloop
  endfacet
  facet normal 0.33688985339222316 -0.9415440651830197 0
    outer loop
      vertex 22.895241121992008 30.081337428812077 0.5
      vertex 22.895241121992008 30.081337428812077 0
      vertex 23.40343427510046 30.26317184652715 0.5
    endloop
  endfacet
  facet normal 0.24298017990325932 -0.9700312531945452 0
    outer loop
      vertex 23.40343427510046 30.26317184652715 0.5
      vertex 23.40343427510046 30.26317184652715 0
      vertex 23.927003228911296 30.394319042217766 0.5
    endloop
  endfacet
  facet normal 0.14673047445536103 -0.989176509964781 0
    outer loop
      vertex 23.927003228911296 30.394319042217766 0.5
      vertex 23.927003228911296 30.394319042217766 0
      vertex 24.460905728187416 30.47351599669708 0.5
    endloop
  endfacet
  facet normal 0.049067674327421054 -0.9987954562051723 0
    outer loop
      vertex 24.460905728187416 30.47351599669708 0.5
      vertex 24.460905728187416 30.47351599669708 0
      vertex 25 30.5 0.5
    endloop
  endfacet
  facet normal -0.049067674327421054 -0.9987954562051723 0
    outer loop
      vertex 25 30.5 0.5
      vertex 25 30.5 0
      vertex 25.539094271812584 30.47351599669708 0.5
    endloop
  endfacet
  facet normal -0.14673047445536103 -0.989176509964781 0
    outer loop
      vertex 25.539094271812584 30.47351599669708 0.5
      vertex 25.539094271812584 30.47351599669708 0
      vertex 26.072996771088704 30.394319042217766 0.5
    endloop
  endfacet
  facet normal -0.24298017990325932 -0.9700312531945452 0
    outer loop
      vertex 26.072996771088704 30.394319042217766 0.5
      vertex 26.072996771088704 30.394319042217766 0
      vertex 26.59656572489954 30.26317184652715 0.5
    endloop
  endfacet
  facet normal -0.33688985339222316 -0.9415440651830197 0
    outer loop
      vertex 26.59656572489954 30.26317184652715 0.5
      vertex 26.59656572489954 30.26317184652715 0
      vertex 27.104758878007992 30.081337428812077 0.5
    endloop
  endfacet
  facet normal -0.42755509343028286 -0.903989293123443 0
    outer loop
      vertex 27.104758878007992 30.081337428812077 0.5
      vertex 27.104758878007992 30.081337428812077 0
      vertex 27.592682052542987 29.85056695391595 0.5
    endloop
  endfacet
  facet normal -0.9415440651830197 0.33688985339222316 0
    outer loop
      vertex 30.081337428812077 22.895241121992008 0.5
      vertex 30.26317184652715 23.40343427510046 0
      vertex 30.081337428812077 22.895241121992008 0
    endloop
  endfacet
  facet normal -0.9700312531945452 0.24298017990325932 0
    outer loop
      vertex 30.26317184652715 23.40343427510046 0.5
      vertex 30.394319042217766 23.927003228911296 0
      vertex 30.26317184652715 23.40343427510046 0
    endloop
  endfacet
  facet normal -0.989176509964781 0.14673047445536103 0
    outer loop
      vertex 30.394319042217766 23.927003228911296 0.5
      vertex 30.47351599669708 24.460905728187416 0
      vertex 30.394319042217766 23.927003228911296 0
    endloop
  endfacet
  facet normal -0.9987954562051723 0.049067674327421054 0
    outer loop
      vertex 30.47351599669708 24.460905728187416 0.5
      vertex 30.5 25 0
      vertex 30.47351599669708 24.460905728187416 0
    endloop
  endfacet
  facet normal -0.989176509964781 -0.14673047445536103 0
    outer loop
      vertex 30.47351599669708 25.539094271812584 0.5
      vertex 30.394319042217766 26.072996771088704 0
      vertex 30.47351599669708 25.539094271812584 0
    endloop
  endfacet
  facet normal -0.9700312531945452 -0.24298017990325932 0
    outer loop
      vertex 30.394319042217766 26.072996771088704 0.5
      vertex 30.26317184652715 26.59656572489954 0
      vertex 30.394319042217766 26.072996771088704 0
    endloop
  endfacet
  facet normal -0.9987954562051723 -0.049067674327421054 0
    outer loop
      vertex 30.5 25 0.5
      vertex 30.47351599669708 25.539094271812584 0
      vertex 30.5 25 0
    endloop
  endfacet
  facet normal -0.9415440651830197 -0.33688985339222316 0
    outer loop
      vertex 30.26317184652715 26.59656572489954 0.5
      vertex 30.081337428812077 27.104758878007992 0
      vertex 30.26317184652715 26.59656572489954 0
    endloop
  endfacet
  facet normal -0.903989293123443 -0.42755509343028286 0
    outer loop
      vertex 30.081337428812077 27.104758878007992 0.5
      vertex 29.85056695391595 27.592682052542987 0
      vertex 30.081337428812077 27.104758878007992 0
    endloop
  endfacet
  facet normal -0.903989293123443 0.42755509343028286 1.8284411482158802e-18
    outer loop
      vertex 29.85056695391595 22.407317947457013 0.5
      vertex 30.081337428812077 22.895241121992008 0.5
      vertex 30.081337428812077 22.895241121992008 0
    endloop
  endfacet
  facet normal -0.9415440651830197 0.33688985339222316 1.8444732275739958e-17
    outer loop
      vertex 30.081337428812077 22.895241121992008 0.5
      vertex 30.26317184652715 23.40343427510046 0.5
      vertex 30.26317184652715 23.40343427510046 0
    endloop
  endfacet
  facet normal -0.9700312531945452 0.24298017990325932 1.5976263225846034e-17
    outer loop
      vertex 30.26317184652715 23.40343427510046 0.5
      vertex 30.394319042217766 23.927003228911296 0.5
      vertex 30.394319042217766 23.927003228911296 0
    endloop
  endfacet
  facet normal -0.989176509964781 0.14673047445536103 7.021900254915802e-18
    outer loop
      vertex 30.394319042217766 23.927003228911296 0.5
      vertex 30.47351599669708 24.460905728187416 0.5
      vertex 30.47351599669708 24.460905728187416 0
    endloop
  endfacet
  facet normal -0.9987954562051723 0.049067674327421054 1.214285772960646e-18
    outer loop
      vertex 30.47351599669708 24.460905728187416 0.5
      vertex 30.5 25 0.5
      vertex 30.5 25 0
    endloop
  endfacet
  facet normal -0.989176509964781 -0.14673047445536103 -7.021900254915802e-18
    outer loop
      vertex 30.47351599669708 25.539094271812584 0.5
      vertex 30.394319042217766 26.072996771088704 0.5
      vertex 30.394319042217766 26.072996771088704 0
    endloop
  endfacet
  facet normal -0.9987954562051723 -0.049067674327421054 -1.214285772960646e-18
    outer loop
      vertex 30.5 25 0.5
      vertex 30.47351599669708 25.539094271812584 0.5
      vertex 30.47351599669708 25.539094271812584 0
    endloop
  endfacet
  facet normal -0.9700312531945452 -0.24298017990325932 0
    outer loop
      vertex 30.26317184652715 26.59656572489954 0.5
      vertex 30.26317184652715 26.59656572489954 0
      vertex 30.394319042217766 26.072996771088704 0.5
    endloop
  endfacet
  facet normal -0.9415440651830197 -0.33688985339222316 -1.8444732275739958e-17
    outer loop
      vertex 30.26317184652715 26.59656572489954 0.5
      vertex 30.081337428812077 27.104758878007992 0.5
      vertex 30.081337428812077 27.104758878007992 0
    endloop
  endfacet
  facet normal 0 0 -1
    outer loop
      vertex 30.081337428812077 22.895241121992008 0.5
      vertex 30.081337428812077 27.104758878007992 0.5
      vertex 30.26317184652715 23.40343427510046 0.5
    endloop
  endfacet
  facet normal 0 0 -1
    outer loop
      vertex 30.26317184652715 23.40343427510046 0.5
      vertex 30.26317184652715 26.59656572489954 0.5
      vertex 30.394319042217766 23.927003228911296 0.5
    endloop
  endfacet
  facet normal 0 0 -1
    outer loop
      vertex 30.394319042217766 23.927003228911296 0.5
      vertex 30.394319042217766 26.072996771088704 0.5
      vertex 30.47351599669708 24.460905728187416 0.5
    endloop
  endfacet
  facet normal 0 0 -1
    outer loop
      vertex 30.394319042217766 23.927003228911296 0.5
      vertex 30.26317184652715 26.59656572489954 0.5
      vertex 30.394319042217766 26.072996771088704 0.5
    endloop
  endfacet
  facet normal 0 0 -1
    outer loop
      vertex 30.47351599669708 24.460905728187416 0.5
      vertex 30.394319042217766 26.072996771088704 0.5
      vertex 30.47351599669708 25.539094271812584 0.5
    endloop
  endfacet
  facet normal 0 0 -1
    outer loop
      vertex 29.85056695391595 27.592682052542987 0.5
      vertex 30.081337428812077 27.104758878007992 0.5
      vertex 30.081337428812077 22.895241121992008 0.5
    endloop
  endfacet
  facet normal 0 0 -1
    outer loop
      vertex 30.26317184652715 23.40343427510046 0.5
      vertex 30.081337428812077 27.104758878007992 0.5
      vertex 30.26317184652715 26.59656572489954 0.5
    endloop
  endfacet
  facet normal 0 0 -1
    outer loop
      vertex 30.47351599669708 24.460905728187416 0.5
      vertex 30.47351599669708 25.539094271812584 0.5
      vertex 30.5 25 0.5
    endloop
  endfacet
  facet normal 0.903989293123448 0.42755509343027204 0
    outer loop
      vertex 89.91866257118792 22.895241121992008 0.5
      vertex 90.14943304608404 22.407317947457013 0
      vertex 89.91866257118792 22.895241121992008 0
    endloop
  endfacet
  facet normal 0.9415440651830239 0.3368898533922115 0
    outer loop
      vertex 89.73682815347286 23.40343427510046 0.5
      vertex 89.91866257118792 22.895241121992008 0
      vertex 89.73682815347286 23.40343427510046 0
    endloop
  endfacet
  facet normal 0.998795456205173 0.04906767432740792 0
    outer loop
      vertex 89.5 25 0.5
      vertex 89.52648400330291 24.460905728187416 0
      vertex 89.5 25 0
    endloop
  endfacet
  facet normal 0.9700312531945388 0.24298017990328402 0
    outer loop
      vertex 89.60568095778223 23.927003228911296 0.5
      vertex 89.73682815347286 23.40343427510046 0
      vertex 89.60568095778223 23.927003228911296 0
    endloop
  endfacet
  facet normal 0.989176509964781 0.14673047445536103 0
    outer loop
      vertex 89.52648400330291 24.460905728187416 0.5
      vertex 89.60568095778223 23.927003228911296 0
      vertex 89.52648400330291 24.460905728187416 0
    endloop
  endfacet
  facet normal 0.998795456205173 -0.04906767432740792 0
    outer loop
      vertex 89.52648400330291 25.539094271812584 0.5
      vertex 89.5 25 0
      vertex 89.52648400330291 25.539094271812584 0
    endloop
  endfacet
  facet normal 0.989176509964781 -0.14673047445536103 0
    outer loop
      vertex 89.60568095778223 26.072996771088704 0.5
      vertex 89.52648400330291 25.539094271812584 0
      vertex 89.60568095778223 26.072996771088704 0
    endloop
  endfacet
  facet normal 0.9700312531945388 -0.24298017990328402 0
    outer loop
      vertex 89.73682815347286 26.59656572489954 0.5
      vertex 89.60568095778223 26.072996771088704 0
      vertex 89.73682815347286 26.59656572489954 0
    endloop
  endfacet
  facet normal 0.9415440651830239 -0.3368898533922115 0
    outer loop
      vertex 89.91866257118792 27.104758878007992 0.5
      vertex 89.73682815347286 26.59656572489954 0
      vertex 89.91866257118792 27.104758878007992 0
    endloop
  endfacet
  facet normal 0.9415440651830239 0.3368898533922115 -8.422570221484545e-18
    outer loop
      vertex 89.73682815347286 23.40343427510046 0.5
      vertex 89.91866257118792 22.895241121992008 0.5
      vertex 89.91866257118792 22.895241121992008 0
    endloop
  endfacet
  facet normal 0.9700312531945388 0.24298017990328402 0
    outer loop
      vertex 89.73682815347286 23.40343427510046 0.5
      vertex 89.73682815347286 23.40343427510046 0
      vertex 89.60568095778223 23.927003228911296 0.5
    endloop
  endfacet
  facet normal 0.998795456205173 0.04906767432740792 0
    outer loop
      vertex 89.52648400330291 24.460905728187416 0.5
      vertex 89.52648400330291 24.460905728187416 0
      vertex 89.5 25 0.5
    endloop
  endfacet
  facet normal 0.989176509964781 0.14673047445536103 0
    outer loop
      vertex 89.60568095778223 23.927003228911296 0.5
      vertex 89.60568095778223 23.927003228911296 0
      vertex 89.52648400330291 24.460905728187416 0.5
    endloop
  endfacet
  facet normal 0.998795456205173 -0.04906767432740792 0
    outer loop
      vertex 89.5 25 0.5
      vertex 89.5 25 0
      vertex 89.52648400330291 25.539094271812584 0.5
    endloop
  endfacet
  facet normal 0.989176509964781 -0.14673047445536103 0
    outer loop
      vertex 89.52648400330291 25.539094271812584 0.5
      vertex 89.52648400330291 25.539094271812584 0
      vertex 89.60568095778223 26.072996771088704 0.5
    endloop
  endfacet
  facet normal 0.9700312531945388 -0.24298017990328402 0
    outer loop
      vertex 89.60568095778223 26.072996771088704 0.5
      vertex 89.60568095778223 26.072996771088704 0
      vertex 89.73682815347286 26.59656572489954 0.5
    endloop
  endfacet
  facet normal 0.9415440651830239 -0.3368898533922115 0
    outer loop
      vertex 89.73682815347286 26.59656572489954 0.5
      vertex 89.73682815347286 26.59656572489954 0
      vertex 89.91866257118792 27.104758878007992 0.5
    endloop
  endfacet
  facet normal 0.903989293123448 -0.42755509343027204 0
    outer loop
      vertex 89.91866257118792 27.104758878007992 0.5
      vertex 89.91866257118792 27.104758878007992 0
      vertex 90.14943304608404 27.592682052542987 0.5
    endloop
  endfacet
  facet normal 0 0 -1
    outer loop
      vertex 89.73682815347286 23.40343427510046 0.5
      vertex 89.73682815347286 26.59656572489954 0.5
      vertex 89.91866257118792 22.895241121992008 0.5
    endloop
  endfacet
  facet normal 0 0 -1
    outer loop
      vertex 89.91866257118792 22.895241121992008 0.5
      vertex 89.91866257118792 27.104758878007992 0.5
      vertex 90.14943304608404 22.407317947457013 0.5
    endloop
  endfacet
  facet normal 0 0 -1
    outer loop
      vertex 89.60568095778223 23.927003228911296 0.5
      vertex 89.52648400330291 24.460905728187416 0.5
      vertex 89.52648400330291 25.539094271812584 0.5
    endloop
  endfacet
  facet normal 0 0 -1
    outer loop
      vertex 89.73682815347286 23.40343427510046 0.5
      vertex 89.60568095778223 23.927003228911296 0.5
      vertex 89.60568095778223 26.072996771088704 0.5
    endloop
  endfacet
  facet normal 0 0 -1
    outer loop
      vertex 89.52648400330291 24.460905728187416 0.5
      vertex 89.5 25 0.5
      vertex 89.52648400330291 25.539094271812584 0.5
    endloop
  endfacet
  facet normal 0 0 -1
    outer loop
      vertex 89.60568095778223 23.927003228911296 0.5
      vertex 89.52648400330291 25.539094271812584 0.5
      vertex 89.60568095778223 26.072996771088704 0.5
    endloop
  endfacet
  facet normal 0 0 -1
    outer loop
      vertex 89.73682815347286 23.40343427510046 0.5
      vertex 89.60568095778223 26.072996771088704 0.5
      vertex 89.73682815347286 26.59656572489954 0.5
    endloop
  endfacet
  facet normal 0 0 -1
    outer loop
      vertex 89.91866257118792 22.895241121992008 0.5
      vertex 89.73682815347286 26.59656572489954 0.5
      vertex 89.91866257118792 27.104758878007992 0.5
    endloop
  endfacet
  facet normal 0.33688985339222316 0.9415440651830197 0
    outer loop
      vertex 92.895241121992 19.918662571187923 0.5
      vertex 93.40343427510045 19.73682815347285 0
      vertex 92.895241121992 19.918662571187923 0
    endloop
  endfacet
  facet normal 0.24298017990325932 0.9700312531945452 0
    outer loop
      vertex 93.40343427510045 19.73682815347285 0.5
      vertex 93.92700322891129 19.605680957782234 0
      vertex 93.40343427510045 19.73682815347285 0
    endloop
  endfacet
  facet normal 0.14673047445536008 0.9891765099647812 0
    outer loop
      vertex 93.92700322891129 19.605680957782234 0.5
      vertex 94.46090572818741 19.52648400330292 0
      vertex 93.92700322891129 19.605680957782234 0
    endloop
  endfacet
  facet normal 0.049067674327420735 0.9987954562051723 0
    outer loop
      vertex 94.46090572818741 19.52648400330292 0.5
      vertex 95 19.5 0
      vertex 94.46090572818741 19.52648400330292 0
    endloop
  endfacet
  facet normal -0.049067674327420735 0.9987954562051723 0
    outer loop
      vertex 95 19.5 0.5
      vertex 95.53909427181259 19.52648400330292 0
      vertex 95 19.5 0
    endloop
  endfacet
  facet normal -0.14673047445536008 0.9891765099647812 0
    outer loop
      vertex 95.53909427181259 19.52648400330292 0.5
      vertex 96.07299677108871 19.605680957782234 0
      vertex 95.53909427181259 19.52648400330292 0
    endloop
  endfacet
  facet normal -0.24298017990325932 0.9700312531945452 0
    outer loop
      vertex 96.07299677108871 19.605680957782234 0.5
      vertex 96.59656572489955 19.73682815347285 0
      vertex 96.07299677108871 19.605680957782234 0
    endloop
  endfacet
  facet normal -0.33688985339222316 0.9415440651830197 0
    outer loop
      vertex 96.59656572489955 19.73682815347285 0.5
      vertex 97.104758878008 19.918662571187923 0
      vertex 96.59656572489955 19.73682815347285 0
    endloop
  endfacet
  facet normal -0.4275550934302904 0.9039892931234392 0
    outer loop
      vertex 97.104758878008 19.918662571187923 0.5
      vertex 97.59268205254298 20.14943304608405 0
      vertex 97.104758878008 19.918662571187923 0
    endloop
  endfacet
  facet normal 0.4275550934302904 0.9039892931234392 1.008766726246821e-17
    outer loop
      vertex 92.40731794745702 20.14943304608405 0.5
      vertex 92.895241121992 19.918662571187923 0.5
      vertex 92.895241121992 19.918662571187923 0
    endloop
  endfacet
  facet normal 0.33688985339222316 0.9415440651830197 0
    outer loop
      vertex 93.40343427510045 19.73682815347285 0.5
      vertex 93.40343427510045 19.73682815347285 0
      vertex 92.895241121992 19.918662571187923 0.5
    endloop
  endfacet
  facet normal 0.24298017990325932 0.9700312531945452 -1.5976263225846034e-17
    outer loop
      vertex 93.40343427510045 19.73682815347285 0.5
      vertex 93.92700322891129 19.605680957782234 0.5
      vertex 93.92700322891129 19.605680957782234 0
    endloop
  endfacet
  facet normal 0.14673047445536008 0.9891765099647812 4.578206981413358e-18
    outer loop
      vertex 93.92700322891129 19.605680957782234 0.5
      vertex 94.46090572818741 19.52648400330292 0.5
      vertex 94.46090572818741 19.52648400330292 0
    endloop
  endfacet
  facet normal 0.049067674327420735 0.9987954562051723 -2.7520991801793925e-18
    outer loop
      vertex 94.46090572818741 19.52648400330292 0.5
      vertex 95 19.5 0.5
      vertex 95 19.5 0
    endloop
  endfacet
  facet normal -0.049067674327420735 0.9987954562051723 2.7520991801793925e-18
    outer loop
      vertex 95 19.5 0.5
      vertex 95.53909427181259 19.52648400330292 0.5
      vertex 95.53909427181259 19.52648400330292 0
    endloop
  endfacet
  facet normal -0.14673047445536008 0.9891765099647812 -4.578206981413358e-18
    outer loop
      vertex 95.53909427181259 19.52648400330292 0.5
      vertex 96.07299677108871 19.605680957782234 0.5
      vertex 96.07299677108871 19.605680957782234 0
    endloop
  endfacet
  facet normal -0.24298017990325932 0.9700312531945452 1.5976263225846034e-17
    outer loop
      vertex 96.07299677108871 19.605680957782234 0.5
      vertex 96.59656572489955 19.73682815347285 0.5
      vertex 96.59656572489955 19.73682815347285 0
    endloop
  endfacet
  facet normal -0.33688985339222316 0.9415440651830197 1.8444732275739958e-17
    outer loop
      vertex 96.59656572489955 19.73682815347285 0.5
      vertex 97.104758878008 19.918662571187923 0.5
      vertex 97.104758878008 19.918662571187923 0
    endloop
  endfacet
  facet normal 0.8577286100002668 0.5141027441932307 0
    outer loop
      vertex 90.14943304608404 22.407317947457013 0.5
      vertex 90.426917132336 21.94436371839219 0
      vertex 90.14943304608404 22.407317947457013 0
    endloop
  endfacet
  facet normal 0.8032075314806492 0.5956993044924274 0
    outer loop
      vertex 90.426917132336 21.94436371839219 0.5
      vertex 90.74844250650494 21.51083693709995 0
      vertex 90.426917132336 21.94436371839219 0
    endloop
  endfacet
  facet normal 0.7409511253549579 0.6715589548470197 0
    outer loop
      vertex 90.74844250650494 21.51083693709995 0.5
      vertex 91.11091270347399 21.11091270347399 0
      vertex 90.74844250650494 21.51083693709995 0
    endloop
  endfacet
  facet normal 0.6715589548470132 0.7409511253549639 0
    outer loop
      vertex 91.11091270347399 21.11091270347399 0.5
      vertex 91.51083693709995 20.748442506504947 0
      vertex 91.11091270347399 21.11091270347399 0
    endloop
  endfacet
  facet normal 0.5956993044924412 0.8032075314806392 0
    outer loop
      vertex 91.51083693709995 20.748442506504947 0.5
      vertex 91.94436371839218 20.426917132336 0
      vertex 91.51083693709995 20.748442506504947 0
    endloop
  endfacet
  facet normal 0.5141027441932122 0.8577286100002777 0
    outer loop
      vertex 91.94436371839218 20.426917132336 0.5
      vertex 92.40731794745702 20.14943304608405 0
      vertex 91.94436371839218 20.426917132336 0
    endloop
  endfacet
  facet normal 0.4275550934302904 0.9039892931234392 0
    outer loop
      vertex 92.40731794745702 20.14943304608405 0.5
      vertex 92.895241121992 19.918662571187923 0
      vertex 92.40731794745702 20.14943304608405 0
    endloop
  endfacet
  facet normal 0.903989293123448 -0.42755509343027204 0
    outer loop
      vertex 90.14943304608404 27.592682052542987 0.5
      vertex 89.91866257118792 27.104758878007992 0
      vertex 90.14943304608404 27.592682052542987 0
    endloop
  endfacet
  facet normal 0.8577286100002668 -0.5141027441932307 0
    outer loop
      vertex 90.426917132336 28.05563628160781 0.5
      vertex 90.14943304608404 27.592682052542987 0
      vertex 90.426917132336 28.05563628160781 0
    endloop
  endfacet
  facet normal 0.8032075314806492 -0.5956993044924274 0
    outer loop
      vertex 90.74844250650494 28.48916306290005 0.5
      vertex 90.426917132336 28.05563628160781 0
      vertex 90.74844250650494 28.48916306290005 0
    endloop
  endfacet
  facet normal 0.7409511253549579 -0.6715589548470197 0
    outer loop
      vertex 91.11091270347399 28.88908729652601 0.5
      vertex 90.74844250650494 28.48916306290005 0
      vertex 91.11091270347399 28.88908729652601 0
    endloop
  endfacet
  facet normal 0.6715589548470132 -0.7409511253549639 0
    outer loop
      vertex 91.51083693709995 29.251557493495053 0.5
      vertex 91.11091270347399 28.88908729652601 0
      vertex 91.51083693709995 29.251557493495053 0
    endloop
  endfacet
  facet normal 0.5956993044924412 -0.8032075314806392 0
    outer loop
      vertex 91.94436371839218 29.573082867664 0.5
      vertex 91.51083693709995 29.251557493495053 0
      vertex 91.94436371839218 29.573082867664 0
    endloop
  endfacet
  facet normal 0.5141027441932122 -0.8577286100002777 0
    outer loop
      vertex 92.40731794745702 29.85056695391595 0.5
      vertex 91.94436371839218 29.573082867664 0
      vertex 92.40731794745702 29.85056695391595 0
    endloop
  endfacet
  facet normal -0.4275550934302904 -0.9039892931234392 0
    outer loop
      vertex 97.59268205254298 29.85056695391595 0.5
      vertex 97.104758878008 30.081337428812077 0
      vertex 97.59268205254298 29.85056695391595 0
    endloop
  endfacet
  facet normal 0.4275550934302904 -0.9039892931234392 0
    outer loop
      vertex 92.895241121992 30.081337428812077 0.5
      vertex 92.40731794745702 29.85056695391595 0
      vertex 92.895241121992 30.081337428812077 0
    endloop
  endfacet
  facet normal 0.33688985339222316 -0.9415440651830197 0
    outer loop
      vertex 93.40343427510045 30.26317184652715 0.5
      vertex 92.895241121992 30.081337428812077 0
      vertex 93.40343427510045 30.26317184652715 0
    endloop
  endfacet
  facet normal 0.24298017990325932 -0.9700312531945452 0
    outer loop
      vertex 93.92700322891129 30.394319042217766 0.5
      vertex 93.40343427510045 30.26317184652715 0
      vertex 93.92700322891129 30.394319042217766 0
    endloop
  endfacet
  facet normal 0.14673047445536008 -0.9891765099647812 0
    outer loop
      vertex 94.46090572818741 30.47351599669708 0.5
      vertex 93.92700322891129 30.394319042217766 0
      vertex 94.46090572818741 30.47351599669708 0
    endloop
  endfacet
  facet normal 0.049067674327420735 -0.9987954562051723 0
    outer loop
      vertex 95 30.5 0.5
      vertex 94.46090572818741 30.47351599669708 0
      vertex 95 30.5 0
    endloop
  endfacet
  facet normal -0.049067674327420735 -0.9987954562051723 0
    outer loop
      vertex 95.53909427181259 30.47351599669708 0.5
      vertex 95 30.5 0
      vertex 95.53909427181259 30.47351599669708 0
    endloop
  endfacet
  facet normal -0.14673047445536008 -0.9891765099647812 0
    outer loop
      vertex 96.07299677108871 30.394319042217766 0.5
      vertex 95.53909427181259 30.47351599669708 0
      vertex 96.07299677108871 30.394319042217766 0
    endloop
  endfacet
  facet normal -0.24298017990325932 -0.9700312531945452 0
    outer loop
      vertex 96.59656572489955 30.26317184652715 0.5
      vertex 96.07299677108871 30.394319042217766 0
      vertex 96.59656572489955 30.26317184652715 0
    endloop
  endfacet
  facet normal -0.33688985339222316 -0.9415440651830197 0
    outer loop
      vertex 97.104758878008 30.081337428812077 0.5
      vertex 96.59656572489955 30.26317184652715 0
      vertex 97.104758878008 30.081337428812077 0
    endloop
  endfacet
  facet normal -0.5141027441932122 0.8577286100002777 0
    outer loop
      vertex 97.59268205254298 20.14943304608405 0.5
      vertex 98.05563628160782 20.426917132336 0
      vertex 97.59268205254298 20.14943304608405 0
    endloop
  endfacet
  facet normal -0.5956993044924412 0.8032075314806392 0
    outer loop
      vertex 98.05563628160782 20.426917132336 0.5
      vertex 98.48916306290005 20.748442506504947 0
      vertex 98.05563628160782 20.426917132336 0
    endloop
  endfacet
  facet normal -0.6715589548470132 0.7409511253549639 0
    outer loop
      vertex 98.48916306290005 20.748442506504947 0.5
      vertex 98.88908729652601 21.11091270347399 0
      vertex 98.48916306290005 20.748442506504947 0
    endloop
  endfacet
  facet normal -0.7409511253549579 0.6715589548470197 0
    outer loop
      vertex 98.88908729652601 21.11091270347399 0.5
      vertex 99.25155749349506 21.51083693709995 0
      vertex 98.88908729652601 21.11091270347399 0
    endloop
  endfacet
  facet normal -0.8032075314806492 0.5956993044924274 0
    outer loop
      vertex 99.25155749349506 21.51083693709995 0.5
      vertex 99.573082867664 21.94436371839219 0
      vertex 99.25155749349506 21.51083693709995 0
    endloop
  endfacet
  facet normal -0.8577286100002668 0.5141027441932307 0
    outer loop
      vertex 99.573082867664 21.94436371839219 0.5
      vertex 99.85056695391596 22.407317947457013 0
      vertex 99.573082867664 21.94436371839219 0
    endloop
  endfacet
  facet normal -0.903989293123448 0.42755509343027204 0
    outer loop
      vertex 99.85056695391596 22.407317947457013 0.5
      vertex 100.08133742881208 22.895241121992008 0
      vertex 99.85056695391596 22.407317947457013 0
    endloop
  endfacet
  facet normal -0.9415440651830239 0.3368898533922115 0
    outer loop
      vertex 100.08133742881208 22.895241121992008 0.5
      vertex 100.26317184652714 23.40343427510046 0
      vertex 100.08133742881208 22.895241121992008 0
    endloop
  endfacet
  facet normal -0.9700312531945388 0.24298017990328402 0
    outer loop
      vertex 100.26317184652714 23.40343427510046 0.5
      vertex 100.39431904221777 23.927003228911296 0
      vertex 100.26317184652714 23.40343427510046 0
    endloop
  endfacet
  facet normal -0.989176509964781 0.14673047445536103 0
    outer loop
      vertex 100.39431904221777 23.927003228911296 0.5
      vertex 100.47351599669709 24.460905728187416 0
      vertex 100.39431904221777 23.927003228911296 0
    endloop
  endfacet
  facet normal -0.998795456205173 0.04906767432740792 0
    outer loop
      vertex 100.47351599669709 24.460905728187416 0.5
      vertex 100.5 25 0
      vertex 100.47351599669709 24.460905728187416 0
    endloop
  endfacet
  facet normal -0.5141027441932122 -0.8577286100002777 0
    outer loop
      vertex 98.05563628160782 29.573082867664 0.5
      vertex 97.59268205254298 29.85056695391595 0
      vertex 98.05563628160782 29.573082867664 0
    endloop
  endfacet
  facet normal -0.5956993044924412 -0.8032075314806392 0
    outer loop
      vertex 98.48916306290005 29.251557493495053 0.5
      vertex 98.05563628160782 29.573082867664 0
      vertex 98.48916306290005 29.251557493495053 0
    endloop
  endfacet
  facet normal -0.7409511253549579 -0.6715589548470197 0
    outer loop
      vertex 99.25155749349506 28.48916306290005 0.5
      vertex 98.88908729652601 28.88908729652601 0
      vertex 99.25155749349506 28.48916306290005 0
    endloop
  endfacet
  facet normal -0.6715589548470132 -0.7409511253549639 0
    outer loop
      vertex 98.88908729652601 28.88908729652601 0.5
      vertex 98.48916306290005 29.251557493495053 0
      vertex 98.88908729652601 28.88908729652601 0
    endloop
  endfacet
  facet normal -0.9415440651830239 -0.3368898533922115 0
    outer loop
      vertex 100.26317184652714 26.59656572489954 0.5
      vertex 100.08133742881208 27.104758878007992 0
      vertex 100.26317184652714 26.59656572489954 0
    endloop
  endfacet
  facet normal -0.903989293123448 -0.42755509343027204 0
    outer loop
      vertex 100.08133742881208 27.104758878007992 0.5
      vertex 99.85056695391596 27.592682052542987 0
      vertex 100.08133742881208 27.104758878007992 0
    endloop
  endfacet
  facet normal -0.998795456205173 -0.04906767432740792 0
    outer loop
      vertex 100.5 25 0.5
      vertex 100.47351599669709 25.539094271812584 0
      vertex 100.5 25 0
    endloop
  endfacet
  facet normal -0.989176509964781 -0.14673047445536103 0
    outer loop
      vertex 100.47351599669709 25.539094271812584 0.5
      vertex 100.39431904221777 26.072996771088704 0
      vertex 100.47351599669709 25.539094271812584 0
    endloop
  endfacet
  facet normal -0.9700312531945388 -0.24298017990328402 0
    outer loop
      vertex 100.39431904221777 26.072996771088704 0.5
      vertex 100.26317184652714 26.59656572489954 0
      vertex 100.39431904221777 26.072996771088704 0
    endloop
  endfacet
  facet normal -0.8577286100002668 -0.5141027441932307 0
    outer loop
      vertex 99.85056695391596 27.592682052542987 0.5
      vertex 99.573082867664 28.05563628160781 0
      vertex 99.85056695391596 27.592682052542987 0
    endloop
  endfacet
  facet normal -0.8032075314806492 -0.5956993044924274 0
    outer loop
      vertex 99.573082867664 28.05563628160781 0.5
      vertex 99.25155749349506 28.48916306290005 0
      vertex 99.573082867664 28.05563628160781 0
    endloop
  endfacet
  facet normal 0.8577286100002668 0.5141027441932307 0
    outer loop
      vertex 90.426917132336 21.94436371839219 0.5
      vertex 90.426917132336 21.94436371839219 0
      vertex 90.14943304608404 22.407317947457013 0.5
    endloop
  endfacet
  facet normal 0.8032075314806492 0.5956993044924274 5.047300780052306e-17
    outer loop
      vertex 90.426917132336 21.94436371839219 0.5
      vertex 90.74844250650494 21.51083693709995 0.5
      vertex 90.74844250650494 21.51083693709995 0
    endloop
  endfacet
  facet normal 0.7409511253549579 0.6715589548470197 2.7303685038269775e-17
    outer loop
      vertex 90.74844250650494 21.51083693709995 0.5
      vertex 91.11091270347399 21.11091270347399 0.5
      vertex 91.11091270347399 21.11091270347399 0
    endloop
  endfacet
  facet normal 0.6715589548470132 0.7409511253549639 0
    outer loop
      vertex 91.51083693709995 20.748442506504947 0.5
      vertex 91.51083693709995 20.748442506504947 0
      vertex 91.11091270347399 21.11091270347399 0.5
    endloop
  endfacet
  facet normal 0.5956993044924412 0.8032075314806392 4.7831449357587797e-17
    outer loop
      vertex 91.51083693709995 20.748442506504947 0.5
      vertex 91.94436371839218 20.426917132336 0.5
      vertex 91.94436371839218 20.426917132336 0
    endloop
  endfacet
  facet normal 0.903989293123448 0.42755509343027204 -1.1256159609629475e-17
    outer loop
      vertex 89.91866257118792 22.895241121992008 0.5
      vertex 90.14943304608404 22.407317947457013 0.5
      vertex 90.14943304608404 22.407317947457013 0
    endloop
  endfacet
  facet normal 0.5141027441932122 0.8577286100002777 1.3599221279014498e-17
    outer loop
      vertex 91.94436371839218 20.426917132336 0.5
      vertex 92.40731794745702 20.14943304608405 0.5
      vertex 92.40731794745702 20.14943304608405 0
    endloop
  endfacet
  facet normal 0.8577286100002668 -0.5141027441932307 0
    outer loop
      vertex 90.14943304608404 27.592682052542987 0.5
      vertex 90.14943304608404 27.592682052542987 0
      vertex 90.426917132336 28.05563628160781 0.5
    endloop
  endfacet
  facet normal 0.8032075314806492 -0.5956993044924274 0
    outer loop
      vertex 90.426917132336 28.05563628160781 0.5
      vertex 90.426917132336 28.05563628160781 0
      vertex 90.74844250650494 28.48916306290005 0.5
    endloop
  endfacet
  facet normal 0.7409511253549579 -0.6715589548470197 0
    outer loop
      vertex 90.74844250650494 28.48916306290005 0.5
      vertex 90.74844250650494 28.48916306290005 0
      vertex 91.11091270347399 28.88908729652601 0.5
    endloop
  endfacet
  facet normal 0.6715589548470132 -0.7409511253549639 0
    outer loop
      vertex 91.11091270347399 28.88908729652601 0.5
      vertex 91.11091270347399 28.88908729652601 0
      vertex 91.51083693709995 29.251557493495053 0.5
    endloop
  endfacet
  facet normal 0.5956993044924412 -0.8032075314806392 0
    outer loop
      vertex 91.51083693709995 29.251557493495053 0.5
      vertex 91.51083693709995 29.251557493495053 0
      vertex 91.94436371839218 29.573082867664 0.5
    endloop
  endfacet
  facet normal 0.5141027441932122 -0.8577286100002777 0
    outer loop
      vertex 91.94436371839218 29.573082867664 0.5
      vertex 91.94436371839218 29.573082867664 0
      vertex 92.40731794745702 29.85056695391595 0.5
    endloop
  endfacet
  facet normal 0.4275550934302904 -0.9039892931234392 0
    outer loop
      vertex 92.40731794745702 29.85056695391595 0.5
      vertex 92.40731794745702 29.85056695391595 0
      vertex 92.895241121992 30.081337428812077 0.5
    endloop
  endfacet
  facet normal -0.4275550934302904 0.9039892931234392 -1.008766726246821e-17
    outer loop
      vertex 97.104758878008 19.918662571187923 0.5
      vertex 97.59268205254298 20.14943304608405 0.5
      vertex 97.59268205254298 20.14943304608405 0
    endloop
  endfacet
  facet normal 0 0 -1
    outer loop
      vertex 90.74844250650494 21.51083693709995 0.5
      vertex 90.74844250650494 28.48916306290005 0.5
      vertex 91.11091270347399 21.11091270347399 0.5
    endloop
  endfacet
  facet normal 0 0 -1
    outer loop
      vertex 90.426917132336 21.94436371839219 0.5
      vertex 90.14943304608404 22.407317947457013 0.5
      vertex 90.14943304608404 27.592682052542987 0.5
    endloop
  endfacet
  facet normal 0 0 -1
    outer loop
      vertex 90.426917132336 21.94436371839219 0.5
      vertex 90.426917132336 28.05563628160781 0.5
      vertex 90.74844250650494 21.51083693709995 0.5
    endloop
  endfacet
  facet normal 0 0 -1
    outer loop
      vertex 91.51083693709995 20.748442506504947 0.5
      vertex 91.11091270347399 21.11091270347399 0.5
      vertex 91.11091270347399 28.88908729652601 0.5
    endloop
  endfacet
  facet normal 0 0 -1
    outer loop
      vertex 91.51083693709995 20.748442506504947 0.5
      vertex 91.51083693709995 29.251557493495053 0.5
      vertex 91.94436371839218 20.426917132336 0.5
    endloop
  endfacet
  facet normal 0 0 -1
    outer loop
      vertex 91.94436371839218 20.426917132336 0.5
      vertex 91.94436371839218 29.573082867664 0.5
      vertex 92.40731794745702 20.14943304608405 0.5
    endloop
  endfacet
  facet normal 0 0 -1
    outer loop
      vertex 92.40731794745702 20.14943304608405 0.5
      vertex 92.40731794745702 29.85056695391595 0.5
      vertex 92.895241121992 19.918662571187923 0.5
    endloop
  endfacet
  facet normal 0 0 -1
    outer loop
      vertex 93.40343427510045 19.73682815347285 0.5
      vertex 92.895241121992 19.918662571187923 0.5
      vertex 92.895241121992 30.081337428812077 0.5
    endloop
  endfacet
  facet normal 0 0 -1
    outer loop
      vertex 93.40343427510045 19.73682815347285 0.5
      vertex 93.40343427510045 30.26317184652715 0.5
      vertex 93.92700322891129 19.605680957782234 0.5
    endloop
  endfacet
  facet normal 0 0 -1
    outer loop
      vertex 89.91866257118792 27.104758878007992 0.5
      vertex 90.14943304608404 27.592682052542987 0.5
      vertex 90.14943304608404 22.407317947457013 0.5
    endloop
  endfacet
  facet normal 0 0 -1
    outer loop
      vertex 90.426917132336 21.94436371839219 0.5
      vertex 90.14943304608404 27.592682052542987 0.5
      vertex 90.426917132336 28.05563628160781 0.5
    endloop
  endfacet
  facet normal 0 0 -1
    outer loop
      vertex 90.74844250650494 21.51083693709995 0.5
      vertex 90.426917132336 28.05563628160781 0.5
      vertex 90.74844250650494 28.48916306290005 0.5
    endloop
  endfacet
  facet normal 0 0 -1
    outer loop
      vertex 91.11091270347399 21.11091270347399 0.5
      vertex 90.74844250650494 28.48916306290005 0.5
      vertex 91.11091270347399 28.88908729652601 0.5
    endloop
  endfacet
  facet normal 0 0 -1
    outer loop
      vertex 91.51083693709995 20.748442506504947 0.5
      vertex 91.11091270347399 28.88908729652601 0.5
      vertex 91.51083693709995 29.251557493495053 0.5
    endloop
  endfacet
  facet normal 0 0 -1
    outer loop
      vertex 91.94436371839218 20.426917132336 0.5
      vertex 91.51083693709995 29.251557493495053 0.5
      vertex 91.94436371839218 29.573082867664 0.5
    endloop
  endfacet
  facet normal 0 0 -1
    outer loop
      vertex 92.40731794745702 20.14943304608405 0.5
      vertex 91.94436371839218 29.573082867664 0.5
      vertex 92.40731794745702 29.85056695391595 0.5
    endloop
  endfacet
  facet normal 0 0 -1
    outer loop
      vertex 92.895241121992 19.918662571187923 0.5
      vertex 92.40731794745702 29.85056695391595 0.5
      vertex 92.895241121992 30.081337428812077 0.5
    endloop
  endfacet
  facet normal 0 0 -1
    outer loop
      vertex 93.40343427510045 19.73682815347285 0.5
      vertex 92.895241121992 30.081337428812077 0.5
      vertex 93.40343427510045 30.26317184652715 0.5
    endloop
  endfacet
  facet normal 0 0 -1
    outer loop
      vertex 93.92700322891129 19.605680957782234 0.5
      vertex 93.92700322891129 30.394319042217766 0.5
      vertex 94.46090572818741 19.52648400330292 0.5
    endloop
  endfacet
  facet normal 0 0 -1
    outer loop
      vertex 94.46090572818741 19.52648400330292 0.5
      vertex 94.46090572818741 30.47351599669708 0.5
      vertex 95 19.5 0.5
    endloop
  endfacet
  facet normal 0 0 -1
    outer loop
      vertex 95 19.5 0.5
      vertex 95 30.5 0.5
      vertex 95.53909427181259 19.52648400330292 0.5
    endloop
  endfacet
  facet normal 0 0 -1
    outer loop
      vertex 95.53909427181259 19.52648400330292 0.5
      vertex 95.53909427181259 30.47351599669708 0.5
      vertex 96.07299677108871 19.605680957782234 0.5
    endloop
  endfacet
  facet normal 0 0 -1
    outer loop
      vertex 96.07299677108871 19.605680957782234 0.5
      vertex 96.07299677108871 30.394319042217766 0.5
      vertex 96.59656572489955 19.73682815347285 0.5
    endloop
  endfacet
  facet normal 0 0 -1
    outer loop
      vertex 96.59656572489955 19.73682815347285 0.5
      vertex 96.59656572489955 30.26317184652715 0.5
      vertex 97.104758878008 19.918662571187923 0.5
    endloop
  endfacet
  facet normal 0 0 -1
    outer loop
      vertex 97.104758878008 19.918662571187923 0.5
      vertex 97.104758878008 30.081337428812077 0.5
      vertex 97.59268205254298 20.14943304608405 0.5
    endloop
  endfacet
  facet normal 0 0 -1
    outer loop
      vertex 93.92700322891129 19.605680957782234 0.5
      vertex 93.40343427510045 30.26317184652715 0.5
      vertex 93.92700322891129 30.394319042217766 0.5
    endloop
  endfacet
  facet normal 0 0 -1
    outer loop
      vertex 94.46090572818741 19.52648400330292 0.5
      vertex 93.92700322891129 30.394319042217766 0.5
      vertex 94.46090572818741 30.47351599669708 0.5
    endloop
  endfacet
  facet normal 0 0 -1
    outer loop
      vertex 95 19.5 0.5
      vertex 94.46090572818741 30.47351599669708 0.5
      vertex 95 30.5 0.5
    endloop
  endfacet
  facet normal 0 0 -1
    outer loop
      vertex 95.53909427181259 19.52648400330292 0.5
      vertex 95 30.5 0.5
      vertex 95.53909427181259 30.47351599669708 0.5
    endloop
  endfacet
  facet normal 0 0 -1
    outer loop
      vertex 96.07299677108871 19.605680957782234 0.5
      vertex 95.53909427181259 30.47351599669708 0.5
      vertex 96.07299677108871 30.394319042217766 0.5
    endloop
  endfacet
  facet normal 0 0 -1
    outer loop
      vertex 96.59656572489955 19.73682815347285 0.5
      vertex 96.07299677108871 30.394319042217766 0.5
      vertex 96.59656572489955 30.26317184652715 0.5
    endloop
  endfacet
  facet normal 0 0 -1
    outer loop
      vertex 97.104758878008 19.918662571187923 0.5
      vertex 96.59656572489955 30.26317184652715 0.5
      vertex 97.104758878008 30.081337428812077 0.5
    endloop
  endfacet
  facet normal 0 0 -1
    outer loop
      vertex 97.59268205254298 20.14943304608405 0.5
      vertex 97.104758878008 30.081337428812077 0.5
      vertex 97.59268205254298 29.85056695391595 0.5
    endloop
  endfacet
  facet normal 0.33688985339222316 -0.9415440651830197 0
    outer loop
      vertex 92.895241121992 30.081337428812077 0.5
      vertex 92.895241121992 30.081337428812077 0
      vertex 93.40343427510045 30.26317184652715 0.5
    endloop
  endfacet
  facet normal 0.24298017990325932 -0.9700312531945452 0
    outer loop
      vertex 93.40343427510045 30.26317184652715 0.5
      vertex 93.40343427510045 30.26317184652715 0
      vertex 93.92700322891129 30.394319042217766 0.5
    endloop
  endfacet
  facet normal 0.14673047445536008 -0.9891765099647812 0
    outer loop
      vertex 93.92700322891129 30.394319042217766 0.5
      vertex 93.92700322891129 30.394319042217766 0
      vertex 94.46090572818741 30.47351599669708 0.5
    endloop
  endfacet
  facet normal 0.049067674327420735 -0.9987954562051723 0
    outer loop
      vertex 94.46090572818741 30.47351599669708 0.5
      vertex 94.46090572818741 30.47351599669708 0
      vertex 95 30.5 0.5
    endloop
  endfacet
  facet normal -0.049067674327420735 -0.9987954562051723 0
    outer loop
      vertex 95 30.5 0.5
      vertex 95 30.5 0
      vertex 95.53909427181259 30.47351599669708 0.5
    endloop
  endfacet
  facet normal -0.14673047445536008 -0.9891765099647812 0
    outer loop
      vertex 95.53909427181259 30.47351599669708 0.5
      vertex 95.53909427181259 30.47351599669708 0
      vertex 96.07299677108871 30.394319042217766 0.5
    endloop
  endfacet
  facet normal -0.24298017990325932 -0.9700312531945452 0
    outer loop
      vertex 96.07299677108871 30.394319042217766 0.5
      vertex 96.07299677108871 30.394319042217766 0
      vertex 96.59656572489955 30.26317184652715 0.5
    endloop
  endfacet
  facet normal -0.33688985339222316 -0.9415440651830197 0
    outer loop
      vertex 96.59656572489955 30.26317184652715 0.5
      vertex 96.59656572489955 30.26317184652715 0
      vertex 97.104758878008 30.081337428812077 0.5
    endloop
  endfacet
  facet normal -0.4275550934302904 -0.9039892931234392 0
    outer loop
      vertex 97.104758878008 30.081337428812077 0.5
      vertex 97.104758878008 30.081337428812077 0
      vertex 97.59268205254298 29.85056695391595 0.5
    endloop
  endfacet
  facet normal -0.5141027441932122 0.8577286100002777 -1.3599221279014498e-17
    outer loop
      vertex 97.59268205254298 20.14943304608405 0.5
      vertex 98.05563628160782 20.426917132336 0.5
      vertex 98.05563628160782 20.426917132336 0
    endloop
  endfacet
  facet normal -0.5956993044924412 0.8032075314806392 -4.7831449357587797e-17
    outer loop
      vertex 98.05563628160782 20.426917132336 0.5
      vertex 98.48916306290005 20.748442506504947 0.5
      vertex 98.48916306290005 20.748442506504947 0
    endloop
  endfacet
  facet normal -0.6715589548470132 0.7409511253549639 -4.8657786004210925e-17
    outer loop
      vertex 98.48916306290005 20.748442506504947 0.5
      vertex 98.88908729652601 21.11091270347399 0.5
      vertex 98.88908729652601 21.11091270347399 0
    endloop
  endfacet
  facet normal -0.7409511253549579 0.6715589548470197 -2.7303685038269775e-17
    outer loop
      vertex 98.88908729652601 21.11091270347399 0.5
      vertex 99.25155749349506 21.51083693709995 0.5
      vertex 99.25155749349506 21.51083693709995 0
    endloop
  endfacet
  facet normal -0.8032075314806492 0.5956993044924274 -5.047300780052306e-17
    outer loop
      vertex 99.25155749349506 21.51083693709995 0.5
      vertex 99.573082867664 21.94436371839219 0.5
      vertex 99.573082867664 21.94436371839219 0
    endloop
  endfacet
  facet normal -0.8577286100002668 0.5141027441932307 -1.746693892291037e-17
    outer loop
      vertex 99.573082867664 21.94436371839219 0.5
      vertex 99.85056695391596 22.407317947457013 0.5
      vertex 99.85056695391596 22.407317947457013 0
    endloop
  endfacet
  facet normal -0.903989293123448 0.42755509343027204 1.1256159609629475e-17
    outer loop
      vertex 99.85056695391596 22.407317947457013 0.5
      vertex 100.08133742881208 22.895241121992008 0.5
      vertex 100.08133742881208 22.895241121992008 0
    endloop
  endfacet
  facet normal -0.9415440651830239 0.3368898533922115 8.422570221484545e-18
    outer loop
      vertex 100.08133742881208 22.895241121992008 0.5
      vertex 100.26317184652714 23.40343427510046 0.5
      vertex 100.26317184652714 23.40343427510046 0
    endloop
  endfacet
  facet normal -0.9700312531945388 0.24298017990328402 2.289832095039514e-17
    outer loop
      vertex 100.26317184652714 23.40343427510046 0.5
      vertex 100.39431904221777 23.927003228911296 0.5
      vertex 100.39431904221777 23.927003228911296 0
    endloop
  endfacet
  facet normal -0.989176509964781 0.14673047445536103 7.021900254915802e-18
    outer loop
      vertex 100.39431904221777 23.927003228911296 0.5
      vertex 100.47351599669709 24.460905728187416 0.5
      vertex 100.47351599669709 24.460905728187416 0
    endloop
  endfacet
  facet normal -0.998795456205173 0.04906767432740792 3.7777019644158163e-19
    outer loop
      vertex 100.47351599669709 24.460905728187416 0.5
      vertex 100.5 25 0.5
      vertex 100.5 25 0
    endloop
  endfacet
  facet normal -0.5141027441932122 -0.8577286100002777 1.3599221279014498e-17
    outer loop
      vertex 98.05563628160782 29.573082867664 0.5
      vertex 97.59268205254298 29.85056695391595 0.5
      vertex 97.59268205254298 29.85056695391595 0
    endloop
  endfacet
  facet normal -0.5956993044924412 -0.8032075314806392 0
    outer loop
      vertex 98.05563628160782 29.573082867664 0.5
      vertex 98.05563628160782 29.573082867664 0
      vertex 98.48916306290005 29.251557493495053 0.5
    endloop
  endfacet
  facet normal -0.8032075314806492 -0.5956993044924274 0
    outer loop
      vertex 99.25155749349506 28.48916306290005 0.5
      vertex 99.25155749349506 28.48916306290005 0
      vertex 99.573082867664 28.05563628160781 0.5
    endloop
  endfacet
  facet normal -0.6715589548470132 -0.7409511253549639 0
    outer loop
      vertex 98.48916306290005 29.251557493495053 0.5
      vertex 98.48916306290005 29.251557493495053 0
      vertex 98.88908729652601 28.88908729652601 0.5
    endloop
  endfacet
  facet normal -0.7409511253549579 -0.6715589548470197 2.7303685038269775e-17
    outer loop
      vertex 99.25155749349506 28.48916306290005 0.5
      vertex 98.88908729652601 28.88908729652601 0.5
      vertex 98.88908729652601 28.88908729652601 0
    endloop
  endfacet
  facet normal -0.9700312531945388 -0.24298017990328402 0
    outer loop
      vertex 100.26317184652714 26.59656572489954 0.5
      vertex 100.26317184652714 26.59656572489954 0
      vertex 100.39431904221777 26.072996771088704 0.5
    endloop
  endfacet
  facet normal -0.903989293123448 -0.42755509343027204 -1.1256159609629475e-17
    outer loop
      vertex 100.08133742881208 27.104758878007992 0.5
      vertex 99.85056695391596 27.592682052542987 0.5
      vertex 99.85056695391596 27.592682052542987 0
    endloop
  endfacet
  facet normal -0.9415440651830239 -0.3368898533922115 0
    outer loop
      vertex 100.08133742881208 27.104758878007992 0.5
      vertex 100.08133742881208 27.104758878007992 0
      vertex 100.26317184652714 26.59656572489954 0.5
    endloop
  endfacet
  facet normal -0.998795456205173 -0.04906767432740792 -3.7777019644158163e-19
    outer loop
      vertex 100.5 25 0.5
      vertex 100.47351599669709 25.539094271812584 0.5
      vertex 100.47351599669709 25.539094271812584 0
    endloop
  endfacet
  facet normal -0.989176509964781 -0.14673047445536103 -7.021900254915802e-18
    outer loop
      vertex 100.47351599669709 25.539094271812584 0.5
      vertex 100.39431904221777 26.072996771088704 0.5
      vertex 100.39431904221777 26.072996771088704 0
    endloop
  endfacet
  facet normal -0.8577286100002668 -0.5141027441932307 0
    outer loop
      vertex 99.573082867664 28.05563628160781 0.5
      vertex 99.573082867664 28.05563628160781 0
      vertex 99.85056695391596 27.592682052542987 0.5
    endloop
  endfacet
  facet normal 0 0 -1
    outer loop
      vertex 97.59268205254298 20.14943304608405 0.5
      vertex 97.59268205254298 29.85056695391595 0.5
      vertex 98.05563628160782 20.426917132336 0.5
    endloop
  endfacet
  facet normal 0 0 -1
    outer loop
      vertex 98.05563628160782 20.426917132336 0.5
      vertex 98.05563628160782 29.573082867664 0.5
      vertex 98.48916306290005 20.748442506504947 0.5
    endloop
  endfacet
  facet normal 0 0 -1
    outer loop
      vertex 98.48916306290005 20.748442506504947 0.5
      vertex 98.48916306290005 29.251557493495053 0.5
      vertex 98.88908729652601 21.11091270347399 0.5
    endloop
  endfacet
  facet normal 0 0 -1
    outer loop
      vertex 98.88908729652601 21.11091270347399 0.5
      vertex 98.88908729652601 28.88908729652601 0.5
      vertex 99.25155749349506 21.51083693709995 0.5
    endloop
  endfacet
  facet normal 0 0 -1
    outer loop
      vertex 99.25155749349506 21.51083693709995 0.5
      vertex 99.25155749349506 28.48916306290005 0.5
      vertex 99.573082867664 21.94436371839219 0.5
    endloop
  endfacet
  facet normal 0 0 -1
    outer loop
      vertex 99.573082867664 21.94436371839219 0.5
      vertex 99.573082867664 28.05563628160781 0.5
      vertex 99.85056695391596 22.407317947457013 0.5
    endloop
  endfacet
  facet normal 0 0 -1
    outer loop
      vertex 99.85056695391596 22.407317947457013 0.5
      vertex 99.85056695391596 27.592682052542987 0.5
      vertex 100.08133742881208 22.895241121992008 0.5
    endloop
  endfacet
  facet normal 0 0 -1
    outer loop
      vertex 100.08133742881208 22.895241121992008 0.5
      vertex 100.08133742881208 27.104758878007992 0.5
      vertex 100.26317184652714 23.40343427510046 0.5
    endloop
  endfacet
  facet normal 0 0 -1
    outer loop
      vertex 100.26317184652714 23.40343427510046 0.5
      vertex 100.26317184652714 26.59656572489954 0.5
      vertex 100.39431904221777 23.927003228911296 0.5
    endloop
  endfacet
  facet normal 0 0 -1
    outer loop
      vertex 100.39431904221777 23.927003228911296 0.5
      vertex 100.39431904221777 26.072996771088704 0.5
      vertex 100.47351599669709 24.460905728187416 0.5
    endloop
  endfacet
  facet normal 0 0 -1
    outer loop
      vertex 98.05563628160782 20.426917132336 0.5
      vertex 97.59268205254298 29.85056695391595 0.5
      vertex 98.05563628160782 29.573082867664 0.5
    endloop
  endfacet
  facet normal 0 0 -1
    outer loop
      vertex 98.48916306290005 20.748442506504947 0.5
      vertex 98.05563628160782 29.573082867664 0.5
      vertex 98.48916306290005 29.251557493495053 0.5
    endloop
  endfacet
  facet normal 0 0 -1
    outer loop
      vertex 98.88908729652601 21.11091270347399 0.5
      vertex 98.48916306290005 29.251557493495053 0.5
      vertex 98.88908729652601 28.88908729652601 0.5
    endloop
  endfacet
  facet normal 0 0 -1
    outer loop
      vertex 99.25155749349506 21.51083693709995 0.5
      vertex 98.88908729652601 28.88908729652601 0.5
      vertex 99.25155749349506 28.48916306290005 0.5
    endloop
  endfacet
  facet normal 0 0 -1
    outer loop
      vertex 99.573082867664 21.94436371839219 0.5
      vertex 99.25155749349506 28.48916306290005 0.5
      vertex 99.573082867664 28.05563628160781 0.5
    endloop
  endfacet
  facet normal 0 0 -1
    outer loop
      vertex 99.85056695391596 22.407317947457013 0.5
      vertex 99.573082867664 28.05563628160781 0.5
      vertex 99.85056695391596 27.592682052542987 0.5
    endloop
  endfacet
  facet normal 0 0 -1
    outer loop
      vertex 100.08133742881208 22.895241121992008 0.5
      vertex 99.85056695391596 27.592682052542987 0.5
      vertex 100.08133742881208 27.104758878007992 0.5
    endloop
  endfacet
  facet normal 0 0 -1
    outer loop
      vertex 100.08133742881208 27.104758878007992 0.5
      vertex 100.26317184652714 26.59656572489954 0.5
      vertex 100.26317184652714 23.40343427510046 0.5
    endloop
  endfacet
  facet normal 0 0 -1
    outer loop
      vertex 100.47351599669709 24.460905728187416 0.5
      vertex 100.47351599669709 25.539094271812584 0.5
      vertex 100.5 25 0.5
    endloop
  endfacet
  facet normal 0 0 -1
    outer loop
      vertex 100.39431904221777 23.927003228911296 0.5
      vertex 100.26317184652714 26.59656572489954 0.5
      vertex 100.39431904221777 26.072996771088704 0.5
    endloop
  endfacet
  facet normal 0 0 -1
    outer loop
      vertex 100.47351599669709 24.460905728187416 0.5
      vertex 100.39431904221777 26.072996771088704 0.5
      vertex 100.47351599669709 25.539094271812584 0.5
    endloop
  endfacet
  facet normal 0.8032075314806485 0.5956993044924286 0
    outer loop
      vertex 20.426917132336 131.9443637183922 0.5
      vertex 20.748442506504947 131.51083693709995 0
      vertex 20.426917132336 131.9443637183922 0
    endloop
  endfacet
  facet normal 0.8577286100002708 0.5141027441932239 0
    outer loop
      vertex 20.14943304608405 132.40731794745702 0.5
      vertex 20.426917132336 131.9443637183922 0
      vertex 20.14943304608405 132.40731794745702 0
    endloop
  endfacet
  facet normal 0.9700312531945452 0.24298017990325932 0
    outer loop
      vertex 19.605680957782234 133.9270032289113 0.5
      vertex 19.73682815347285 133.40343427510047 0
      vertex 19.605680957782234 133.9270032289113 0
    endloop
  endfacet
  facet normal 0.9891765099647806 0.14673047445536389 0
    outer loop
      vertex 19.52648400330292 134.4609057281874 0.5
      vertex 19.605680957782234 133.9270032289113 0
      vertex 19.52648400330292 134.4609057281874 0
    endloop
  endfacet
  facet normal 0.9987954562051723 0.049067674327420735 0
    outer loop
      vertex 19.5 135 0.5
      vertex 19.52648400330292 134.4609057281874 0
      vertex 19.5 135 0
    endloop
  endfacet
  facet normal 0.9039892931234392 0.4275550934302904 0
    outer loop
      vertex 19.918662571187923 132.895241121992 0.5
      vertex 20.14943304608405 132.40731794745702 0
      vertex 19.918662571187923 132.895241121992 0
    endloop
  endfacet
  facet normal 0.9415440651830226 0.3368898533922148 0
    outer loop
      vertex 19.73682815347285 133.40343427510047 0.5
      vertex 19.918662571187923 132.895241121992 0
      vertex 19.73682815347285 133.40343427510047 0
    endloop
  endfacet
  facet normal 0.6715589548470197 0.7409511253549579 0
    outer loop
      vertex 21.11091270347399 131.11091270347399 0.5
      vertex 21.51083693709995 130.74844250650494 0
      vertex 21.11091270347399 131.11091270347399 0
    endloop
  endfacet
  facet normal 0.7409511253549639 0.6715589548470132 0
    outer loop
      vertex 20.748442506504947 131.51083693709995 0.5
      vertex 21.11091270347399 131.11091270347399 0
      vertex 20.748442506504947 131.51083693709995 0
    endloop
  endfacet
  facet normal 0.5956993044924274 0.8032075314806492 0
    outer loop
      vertex 21.51083693709995 130.74844250650494 0.5
      vertex 21.94436371839219 130.426917132336 0
      vertex 21.51083693709995 130.74844250650494 0
    endloop
  endfacet
  facet normal 0.5141027441932113 0.8577286100002784 0
    outer loop
      vertex 21.94436371839219 130.426917132336 0.5
      vertex 22.407317947457013 130.14943304608406 0
      vertex 21.94436371839219 130.426917132336 0
    endloop
  endfacet
  facet normal 0.9987954562051723 -0.049067674327420735 0
    outer loop
      vertex 19.52648400330292 135.5390942718126 0.5
      vertex 19.5 135 0
      vertex 19.52648400330292 135.5390942718126 0
    endloop
  endfacet
  facet normal 0.9891765099647806 -0.14673047445536389 0
    outer loop
      vertex 19.605680957782234 136.0729967710887 0.5
      vertex 19.52648400330292 135.5390942718126 0
      vertex 19.605680957782234 136.0729967710887 0
    endloop
  endfacet
  facet normal 0.9700312531945452 -0.24298017990325932 0
    outer loop
      vertex 19.73682815347285 136.59656572489953 0.5
      vertex 19.605680957782234 136.0729967710887 0
      vertex 19.73682815347285 136.59656572489953 0
    endloop
  endfacet
  facet normal 0.9415440651830226 -0.3368898533922148 0
    outer loop
      vertex 19.918662571187923 137.104758878008 0.5
      vertex 19.73682815347285 136.59656572489953 0
      vertex 19.918662571187923 137.104758878008 0
    endloop
  endfacet
  facet normal 0.9039892931234392 -0.4275550934302904 0
    outer loop
      vertex 20.14943304608405 137.59268205254298 0.5
      vertex 19.918662571187923 137.104758878008 0
      vertex 20.14943304608405 137.59268205254298 0
    endloop
  endfacet
  facet normal 0.8577286100002708 -0.5141027441932239 0
    outer loop
      vertex 20.426917132336 138.0556362816078 0.5
      vertex 20.14943304608405 137.59268205254298 0
      vertex 20.426917132336 138.0556362816078 0
    endloop
  endfacet
  facet normal 0.8032075314806485 -0.5956993044924286 0
    outer loop
      vertex 20.748442506504947 138.48916306290005 0.5
      vertex 20.426917132336 138.0556362816078 0
      vertex 20.748442506504947 138.48916306290005 0
    endloop
  endfacet
  facet normal 0.7409511253549639 -0.6715589548470132 0
    outer loop
      vertex 21.11091270347399 138.88908729652601 0.5
      vertex 20.748442506504947 138.48916306290005 0
      vertex 21.11091270347399 138.88908729652601 0
    endloop
  endfacet
  facet normal 0.6715589548470197 -0.7409511253549579 0
    outer loop
      vertex 21.51083693709995 139.25155749349506 0.5
      vertex 21.11091270347399 138.88908729652601 0
      vertex 21.51083693709995 139.25155749349506 0
    endloop
  endfacet
  facet normal 0.5956993044924274 -0.8032075314806492 0
    outer loop
      vertex 21.94436371839219 139.573082867664 0.5
      vertex 21.51083693709995 139.25155749349506 0
      vertex 21.94436371839219 139.573082867664 0
    endloop
  endfacet
  facet normal 0.5141027441932113 -0.8577286100002784 0
    outer loop
      vertex 22.407317947457013 139.85056695391594 0.5
      vertex 21.94436371839219 139.573082867664 0
      vertex 22.407317947457013 139.85056695391594 0
    endloop
  endfacet
  facet normal 0.3368898533922115 0.9415440651830239 0
    outer loop
      vertex 22.895241121992008 129.91866257118792 0.5
      vertex 23.40343427510046 129.73682815347286 0
      vertex 22.895241121992008 129.91866257118792 0
    endloop
  endfacet
  facet normal 0.24298017990328402 0.9700312531945388 0
    outer loop
      vertex 23.40343427510046 129.73682815347286 0.5
      vertex 23.927003228911296 129.60568095778223 0
      vertex 23.40343427510046 129.73682815347286 0
    endloop
  endfacet
  facet normal 0.14673047445533527 0.9891765099647848 0
    outer loop
      vertex 23.927003228911296 129.60568095778223 0.5
      vertex 24.460905728187416 129.52648400330293 0
      vertex 23.927003228911296 129.60568095778223 0
    endloop
  endfacet
  facet normal 0.049067674327434176 0.9987954562051715 0
    outer loop
      vertex 24.460905728187416 129.52648400330293 0.5
      vertex 25 129.5 0
      vertex 24.460905728187416 129.52648400330293 0
    endloop
  endfacet
  facet normal -0.049067674327434176 0.9987954562051715 0
    outer loop
      vertex 25 129.5 0.5
      vertex 25.539094271812584 129.52648400330293 0
      vertex 25 129.5 0
    endloop
  endfacet
  facet normal -0.14673047445533527 0.9891765099647848 0
    outer loop
      vertex 25.539094271812584 129.52648400330293 0.5
      vertex 26.072996771088704 129.60568095778223 0
      vertex 25.539094271812584 129.52648400330293 0
    endloop
  endfacet
  facet normal -0.24298017990328402 0.9700312531945388 0
    outer loop
      vertex 26.072996771088704 129.60568095778223 0.5
      vertex 26.59656572489954 129.73682815347286 0
      vertex 26.072996771088704 129.60568095778223 0
    endloop
  endfacet
  facet normal -0.3368898533922115 0.9415440651830239 0
    outer loop
      vertex 26.59656572489954 129.73682815347286 0.5
      vertex 27.104758878007992 129.91866257118792 0
      vertex 26.59656572489954 129.73682815347286 0
    endloop
  endfacet
  facet normal -0.4275550934302936 0.9039892931234378 0
    outer loop
      vertex 27.104758878007992 129.91866257118792 0.5
      vertex 27.592682052542987 130.14943304608406 0
      vertex 27.104758878007992 129.91866257118792 0
    endloop
  endfacet
  facet normal 0.4275550934302936 0.9039892931234378 0
    outer loop
      vertex 22.407317947457013 130.14943304608406 0.5
      vertex 22.895241121992008 129.91866257118792 0
      vertex 22.407317947457013 130.14943304608406 0
    endloop
  endfacet
  facet normal -0.5141027441932113 0.8577286100002784 0
    outer loop
      vertex 27.592682052542987 130.14943304608406 0.5
      vertex 28.05563628160781 130.426917132336 0
      vertex 27.592682052542987 130.14943304608406 0
    endloop
  endfacet
  facet normal -0.5956993044924274 0.8032075314806492 0
    outer loop
      vertex 28.05563628160781 130.426917132336 0.5
      vertex 28.48916306290005 130.74844250650494 0
      vertex 28.05563628160781 130.426917132336 0
    endloop
  endfacet
  facet normal -0.6715589548470197 0.7409511253549579 0
    outer loop
      vertex 28.48916306290005 130.74844250650494 0.5
      vertex 28.88908729652601 131.11091270347399 0
      vertex 28.48916306290005 130.74844250650494 0
    endloop
  endfacet
  facet normal -0.7409511253549639 0.6715589548470132 0
    outer loop
      vertex 28.88908729652601 131.11091270347399 0.5
      vertex 29.251557493495053 131.51083693709995 0
      vertex 28.88908729652601 131.11091270347399 0
    endloop
  endfacet
  facet normal -0.8032075314806485 0.5956993044924286 0
    outer loop
      vertex 29.251557493495053 131.51083693709995 0.5
      vertex 29.573082867664 131.9443637183922 0
      vertex 29.251557493495053 131.51083693709995 0
    endloop
  endfacet
  facet normal -0.8577286100002708 0.5141027441932239 0
    outer loop
      vertex 29.573082867664 131.9443637183922 0.5
      vertex 29.85056695391595 132.40731794745702 0
      vertex 29.573082867664 131.9443637183922 0
    endloop
  endfacet
  facet normal -0.9039892931234392 0.4275550934302904 0
    outer loop
      vertex 29.85056695391595 132.40731794745702 0.5
      vertex 30.081337428812077 132.895241121992 0
      vertex 29.85056695391595 132.40731794745702 0
    endloop
  endfacet
  facet normal -0.4275550934302936 -0.9039892931234378 0
    outer loop
      vertex 27.592682052542987 139.85056695391594 0.5
      vertex 27.104758878007992 140.08133742881208 0
      vertex 27.592682052542987 139.85056695391594 0
    endloop
  endfacet
  facet normal -0.5141027441932113 -0.8577286100002784 0
    outer loop
      vertex 28.05563628160781 139.573082867664 0.5
      vertex 27.592682052542987 139.85056695391594 0
      vertex 28.05563628160781 139.573082867664 0
    endloop
  endfacet
  facet normal -0.5956993044924274 -0.8032075314806492 0
    outer loop
      vertex 28.48916306290005 139.25155749349506 0.5
      vertex 28.05563628160781 139.573082867664 0
      vertex 28.48916306290005 139.25155749349506 0
    endloop
  endfacet
  facet normal -0.6715589548470197 -0.7409511253549579 0
    outer loop
      vertex 28.88908729652601 138.88908729652601 0.5
      vertex 28.48916306290005 139.25155749349506 0
      vertex 28.88908729652601 138.88908729652601 0
    endloop
  endfacet
  facet normal -0.7409511253549639 -0.6715589548470132 0
    outer loop
      vertex 29.251557493495053 138.48916306290005 0.5
      vertex 28.88908729652601 138.88908729652601 0
      vertex 29.251557493495053 138.48916306290005 0
    endloop
  endfacet
  facet normal -0.8032075314806485 -0.5956993044924286 0
    outer loop
      vertex 29.573082867664 138.0556362816078 0.5
      vertex 29.251557493495053 138.48916306290005 0
      vertex 29.573082867664 138.0556362816078 0
    endloop
  endfacet
  facet normal -0.8577286100002708 -0.5141027441932239 0
    outer loop
      vertex 29.85056695391595 137.59268205254298 0.5
      vertex 29.573082867664 138.0556362816078 0
      vertex 29.85056695391595 137.59268205254298 0
    endloop
  endfacet
  facet normal 0.8577286100002708 0.5141027441932239 2.0989008084537642e-17
    outer loop
      vertex 20.14943304608405 132.40731794745702 0.5
      vertex 20.426917132336 131.9443637183922 0.5
      vertex 20.426917132336 131.9443637183922 0
    endloop
  endfacet
  facet normal 0.9891765099647806 0.14673047445536389 0
    outer loop
      vertex 19.605680957782234 133.9270032289113 0.5
      vertex 19.605680957782234 133.9270032289113 0
      vertex 19.52648400330292 134.4609057281874 0.5
    endloop
  endfacet
  facet normal 0.9987954562051723 0.049067674327420735 0
    outer loop
      vertex 19.52648400330292 134.4609057281874 0.5
      vertex 19.52648400330292 134.4609057281874 0
      vertex 19.5 135 0.5
    endloop
  endfacet
  facet normal 0.9415440651830226 0.3368898533922148 2.2774138457450273e-17
    outer loop
      vertex 19.73682815347285 133.40343427510047 0.5
      vertex 19.918662571187923 132.895241121992 0.5
      vertex 19.918662571187923 132.895241121992 0
    endloop
  endfacet
  facet normal 0.9039892931234392 0.4275550934302904 0
    outer loop
      vertex 20.14943304608405 132.40731794745702 0.5
      vertex 20.14943304608405 132.40731794745702 0
      vertex 19.918662571187923 132.895241121992 0.5
    endloop
  endfacet
  facet normal 0.9700312531945452 0.24298017990325932 -1.5976263225846034e-17
    outer loop
      vertex 19.605680957782234 133.9270032289113 0.5
      vertex 19.73682815347285 133.40343427510047 0.5
      vertex 19.73682815347285 133.40343427510047 0
    endloop
  endfacet
  facet normal 0.7409511253549639 0.6715589548470132 0
    outer loop
      vertex 21.11091270347399 131.11091270347399 0.5
      vertex 21.11091270347399 131.11091270347399 0
      vertex 20.748442506504947 131.51083693709995 0.5
    endloop
  endfacet
  facet normal 0.6715589548470197 0.7409511253549579 2.7303685038269775e-17
    outer loop
      vertex 21.11091270347399 131.11091270347399 0.5
      vertex 21.51083693709995 130.74844250650494 0.5
      vertex 21.51083693709995 130.74844250650494 0
    endloop
  endfacet
  facet normal 0.8032075314806485 0.5956993044924286 -1.60357368165688e-17
    outer loop
      vertex 20.426917132336 131.9443637183922 0.5
      vertex 20.748442506504947 131.51083693709995 0.5
      vertex 20.748442506504947 131.51083693709995 0
    endloop
  endfacet
  facet normal 0.5956993044924274 0.8032075314806492 5.047300780052306e-17
    outer loop
      vertex 21.51083693709995 130.74844250650494 0.5
      vertex 21.94436371839219 130.426917132336 0.5
      vertex 21.94436371839219 130.426917132336 0
    endloop
  endfacet
  facet normal 0.5141027441932113 0.8577286100002784 0
    outer loop
      vertex 22.407317947457013 130.14943304608406 0.5
      vertex 22.407317947457013 130.14943304608406 0
      vertex 21.94436371839219 130.426917132336 0.5
    endloop
  endfacet
  facet normal 0.9987954562051723 -0.049067674327420735 0
    outer loop
      vertex 19.5 135 0.5
      vertex 19.5 135 0
      vertex 19.52648400330292 135.5390942718126 0.5
    endloop
  endfacet
  facet normal 0.9891765099647806 -0.14673047445536389 0
    outer loop
      vertex 19.52648400330292 135.5390942718126 0.5
      vertex 19.52648400330292 135.5390942718126 0
      vertex 19.605680957782234 136.0729967710887 0.5
    endloop
  endfacet
  facet normal 0.9700312531945452 -0.24298017990325932 0
    outer loop
      vertex 19.605680957782234 136.0729967710887 0.5
      vertex 19.605680957782234 136.0729967710887 0
      vertex 19.73682815347285 136.59656572489953 0.5
    endloop
  endfacet
  facet normal 0.9415440651830226 -0.3368898533922148 0
    outer loop
      vertex 19.73682815347285 136.59656572489953 0.5
      vertex 19.73682815347285 136.59656572489953 0
      vertex 19.918662571187923 137.104758878008 0.5
    endloop
  endfacet
  facet normal 0.9039892931234392 -0.4275550934302904 0
    outer loop
      vertex 19.918662571187923 137.104758878008 0.5
      vertex 19.918662571187923 137.104758878008 0
      vertex 20.14943304608405 137.59268205254298 0.5
    endloop
  endfacet
  facet normal 0.8577286100002708 -0.5141027441932239 0
    outer loop
      vertex 20.14943304608405 137.59268205254298 0.5
      vertex 20.14943304608405 137.59268205254298 0
      vertex 20.426917132336 138.0556362816078 0.5
    endloop
  endfacet
  facet normal 0.8032075314806485 -0.5956993044924286 0
    outer loop
      vertex 20.426917132336 138.0556362816078 0.5
      vertex 20.426917132336 138.0556362816078 0
      vertex 20.748442506504947 138.48916306290005 0.5
    endloop
  endfacet
  facet normal 0.7409511253549639 -0.6715589548470132 0
    outer loop
      vertex 20.748442506504947 138.48916306290005 0.5
      vertex 20.748442506504947 138.48916306290005 0
      vertex 21.11091270347399 138.88908729652601 0.5
    endloop
  endfacet
  facet normal 0.6715589548470197 -0.7409511253549579 0
    outer loop
      vertex 21.11091270347399 138.88908729652601 0.5
      vertex 21.11091270347399 138.88908729652601 0
      vertex 21.51083693709995 139.25155749349506 0.5
    endloop
  endfacet
  facet normal 0.5956993044924274 -0.8032075314806492 0
    outer loop
      vertex 21.51083693709995 139.25155749349506 0.5
      vertex 21.51083693709995 139.25155749349506 0
      vertex 21.94436371839219 139.573082867664 0.5
    endloop
  endfacet
  facet normal 0.5141027441932113 -0.8577286100002784 0
    outer loop
      vertex 21.94436371839219 139.573082867664 0.5
      vertex 21.94436371839219 139.573082867664 0
      vertex 22.407317947457013 139.85056695391594 0.5
    endloop
  endfacet
  facet normal 0 0 -1
    outer loop
      vertex 19.605680957782234 133.9270032289113 0.5
      vertex 19.52648400330292 134.4609057281874 0.5
      vertex 19.52648400330292 135.5390942718126 0.5
    endloop
  endfacet
  facet normal 0 0 -1
    outer loop
      vertex 19.605680957782234 133.9270032289113 0.5
      vertex 19.605680957782234 136.0729967710887 0.5
      vertex 19.73682815347285 133.40343427510047 0.5
    endloop
  endfacet
  facet normal 0 0 -1
    outer loop
      vertex 19.73682815347285 133.40343427510047 0.5
      vertex 19.73682815347285 136.59656572489953 0.5
      vertex 19.918662571187923 132.895241121992 0.5
    endloop
  endfacet
  facet normal 0 0 -1
    outer loop
      vertex 20.14943304608405 132.40731794745702 0.5
      vertex 19.918662571187923 132.895241121992 0.5
      vertex 19.918662571187923 137.104758878008 0.5
    endloop
  endfacet
  facet normal 0 0 -1
    outer loop
      vertex 20.14943304608405 132.40731794745702 0.5
      vertex 20.14943304608405 137.59268205254298 0.5
      vertex 20.426917132336 131.9443637183922 0.5
    endloop
  endfacet
  facet normal 0 0 -1
    outer loop
      vertex 20.426917132336 131.9443637183922 0.5
      vertex 20.426917132336 138.0556362816078 0.5
      vertex 20.748442506504947 131.51083693709995 0.5
    endloop
  endfacet
  facet normal 0 0 -1
    outer loop
      vertex 21.11091270347399 131.11091270347399 0.5
      vertex 20.748442506504947 131.51083693709995 0.5
      vertex 20.748442506504947 138.48916306290005 0.5
    endloop
  endfacet
  facet normal 0 0 -1
    outer loop
      vertex 21.11091270347399 131.11091270347399 0.5
      vertex 21.11091270347399 138.88908729652601 0.5
      vertex 21.51083693709995 130.74844250650494 0.5
    endloop
  endfacet
  facet normal 0 0 -1
    outer loop
      vertex 21.51083693709995 130.74844250650494 0.5
      vertex 21.51083693709995 139.25155749349506 0.5
      vertex 21.94436371839219 130.426917132336 0.5
    endloop
  endfacet
  facet normal 0 0 -1
    outer loop
      vertex 22.407317947457013 130.14943304608406 0.5
      vertex 21.94436371839219 130.426917132336 0.5
      vertex 21.94436371839219 139.573082867664 0.5
    endloop
  endfacet
  facet normal 0 0 -1
    outer loop
      vertex 19.52648400330292 134.4609057281874 0.5
      vertex 19.5 135 0.5
      vertex 19.52648400330292 135.5390942718126 0.5
    endloop
  endfacet
  facet normal 0 0 -1
    outer loop
      vertex 19.605680957782234 133.9270032289113 0.5
      vertex 19.52648400330292 135.5390942718126 0.5
      vertex 19.605680957782234 136.0729967710887 0.5
    endloop
  endfacet
  facet normal 0 0 -1
    outer loop
      vertex 19.73682815347285 133.40343427510047 0.5
      vertex 19.605680957782234 136.0729967710887 0.5
      vertex 19.73682815347285 136.59656572489953 0.5
    endloop
  endfacet
  facet normal 0 0 -1
    outer loop
      vertex 19.73682815347285 136.59656572489953 0.5
      vertex 19.918662571187923 137.104758878008 0.5
      vertex 19.918662571187923 132.895241121992 0.5
    endloop
  endfacet
  facet normal 0 0 -1
    outer loop
      vertex 20.14943304608405 132.40731794745702 0.5
      vertex 19.918662571187923 137.104758878008 0.5
      vertex 20.14943304608405 137.59268205254298 0.5
    endloop
  endfacet
  facet normal 0 0 -1
    outer loop
      vertex 20.426917132336 131.9443637183922 0.5
      vertex 20.14943304608405 137.59268205254298 0.5
      vertex 20.426917132336 138.0556362816078 0.5
    endloop
  endfacet
  facet normal 0 0 -1
    outer loop
      vertex 20.748442506504947 131.51083693709995 0.5
      vertex 20.426917132336 138.0556362816078 0.5
      vertex 20.748442506504947 138.48916306290005 0.5
    endloop
  endfacet
  facet normal 0 0 -1
    outer loop
      vertex 21.11091270347399 131.11091270347399 0.5
      vertex 20.748442506504947 138.48916306290005 0.5
      vertex 21.11091270347399 138.88908729652601 0.5
    endloop
  endfacet
  facet normal 0 0 -1
    outer loop
      vertex 21.51083693709995 130.74844250650494 0.5
      vertex 21.11091270347399 138.88908729652601 0.5
      vertex 21.51083693709995 139.25155749349506 0.5
    endloop
  endfacet
  facet normal 0 0 -1
    outer loop
      vertex 21.94436371839219 130.426917132336 0.5
      vertex 21.51083693709995 139.25155749349506 0.5
      vertex 21.94436371839219 139.573082867664 0.5
    endloop
  endfacet
  facet normal 0 0 -1
    outer loop
      vertex 22.407317947457013 130.14943304608406 0.5
      vertex 21.94436371839219 139.573082867664 0.5
      vertex 22.407317947457013 139.85056695391594 0.5
    endloop
  endfacet
  facet normal 0.4275550934302936 0.9039892931234378 7.599277313197608e-18
    outer loop
      vertex 22.407317947457013 130.14943304608406 0.5
      vertex 22.895241121992008 129.91866257118792 0.5
      vertex 22.895241121992008 129.91866257118792 0
    endloop
  endfacet
  facet normal 0.3368898533922115 0.9415440651830239 -8.422570221484545e-18
    outer loop
      vertex 22.895241121992008 129.91866257118792 0.5
      vertex 23.40343427510046 129.73682815347286 0.5
      vertex 23.40343427510046 129.73682815347286 0
    endloop
  endfacet
  facet normal 0.24298017990328402 0.9700312531945388 -2.289832095039514e-17
    outer loop
      vertex 23.40343427510046 129.73682815347286 0.5
      vertex 23.927003228911296 129.60568095778223 0.5
      vertex 23.927003228911296 129.60568095778223 0
    endloop
  endfacet
  facet normal 0.14673047445533527 0.9891765099647848 4.093776823943878e-18
    outer loop
      vertex 23.927003228911296 129.60568095778223 0.5
      vertex 24.460905728187416 129.52648400330293 0.5
      vertex 24.460905728187416 129.52648400330293 0
    endloop
  endfacet
  facet normal 0.049067674327434176 0.9987954562051715 -2.0508013494797086e-18
    outer loop
      vertex 24.460905728187416 129.52648400330293 0.5
      vertex 25 129.5 0.5
      vertex 25 129.5 0
    endloop
  endfacet
  facet normal -0.049067674327434176 0.9987954562051715 2.0508013494797086e-18
    outer loop
      vertex 25 129.5 0.5
      vertex 25.539094271812584 129.52648400330293 0.5
      vertex 25.539094271812584 129.52648400330293 0
    endloop
  endfacet
  facet normal -0.14673047445533527 0.9891765099647848 -4.093776823943878e-18
    outer loop
      vertex 25.539094271812584 129.52648400330293 0.5
      vertex 26.072996771088704 129.60568095778223 0.5
      vertex 26.072996771088704 129.60568095778223 0
    endloop
  endfacet
  facet normal -0.24298017990328402 0.9700312531945388 2.289832095039514e-17
    outer loop
      vertex 26.072996771088704 129.60568095778223 0.5
      vertex 26.59656572489954 129.73682815347286 0.5
      vertex 26.59656572489954 129.73682815347286 0
    endloop
  endfacet
  facet normal -0.3368898533922115 0.9415440651830239 8.422570221484545e-18
    outer loop
      vertex 26.59656572489954 129.73682815347286 0.5
      vertex 27.104758878007992 129.91866257118792 0.5
      vertex 27.104758878007992 129.91866257118792 0
    endloop
  endfacet
  facet normal 0.4275550934302936 -0.9039892931234378 0
    outer loop
      vertex 22.407317947457013 139.85056695391594 0.5
      vertex 22.407317947457013 139.85056695391594 0
      vertex 22.895241121992008 140.08133742881208 0.5
    endloop
  endfacet
  facet normal -0.4275550934302936 0.9039892931234378 -7.599277313197608e-18
    outer loop
      vertex 27.104758878007992 129.91866257118792 0.5
      vertex 27.592682052542987 130.14943304608406 0.5
      vertex 27.592682052542987 130.14943304608406 0
    endloop
  endfacet
  facet normal -0.5141027441932113 0.8577286100002784 -2.0816183843403308e-17
    outer loop
      vertex 27.592682052542987 130.14943304608406 0.5
      vertex 28.05563628160781 130.426917132336 0.5
      vertex 28.05563628160781 130.426917132336 0
    endloop
  endfacet
  facet normal -0.5956993044924274 0.8032075314806492 -5.047300780052306e-17
    outer loop
      vertex 28.05563628160781 130.426917132336 0.5
      vertex 28.48916306290005 130.74844250650494 0.5
      vertex 28.48916306290005 130.74844250650494 0
    endloop
  endfacet
  facet normal -0.6715589548470197 0.7409511253549579 -2.7303685038269775e-17
    outer loop
      vertex 28.48916306290005 130.74844250650494 0.5
      vertex 28.88908729652601 131.11091270347399 0.5
      vertex 28.88908729652601 131.11091270347399 0
    endloop
  endfacet
  facet normal -0.7409511253549639 0.6715589548470132 -4.8657786004210925e-17
    outer loop
      vertex 28.88908729652601 131.11091270347399 0.5
      vertex 29.251557493495053 131.51083693709995 0.5
      vertex 29.251557493495053 131.51083693709995 0
    endloop
  endfacet
  facet normal -0.8032075314806485 0.5956993044924286 1.60357368165688e-17
    outer loop
      vertex 29.251557493495053 131.51083693709995 0.5
      vertex 29.573082867664 131.9443637183922 0.5
      vertex 29.573082867664 131.9443637183922 0
    endloop
  endfacet
  facet normal -0.8577286100002708 0.5141027441932239 -2.0989008084537642e-17
    outer loop
      vertex 29.573082867664 131.9443637183922 0.5
      vertex 29.85056695391595 132.40731794745702 0.5
      vertex 29.85056695391595 132.40731794745702 0
    endloop
  endfacet
  facet normal -0.5141027441932113 -0.8577286100002784 0
    outer loop
      vertex 27.592682052542987 139.85056695391594 0.5
      vertex 27.592682052542987 139.85056695391594 0
      vertex 28.05563628160781 139.573082867664 0.5
    endloop
  endfacet
  facet normal -0.9039892931234392 -0.4275550934302904 0
    outer loop
      vertex 29.85056695391595 137.59268205254298 0.5
      vertex 29.85056695391595 137.59268205254298 0
      vertex 30.081337428812077 137.104758878008 0.5
    endloop
  endfacet
  facet normal -0.5956993044924274 -0.8032075314806492 0
    outer loop
      vertex 28.05563628160781 139.573082867664 0.5
      vertex 28.05563628160781 139.573082867664 0
      vertex 28.48916306290005 139.25155749349506 0.5
    endloop
  endfacet
  facet normal -0.6715589548470197 -0.7409511253549579 2.7303685038269775e-17
    outer loop
      vertex 28.88908729652601 138.88908729652601 0.5
      vertex 28.48916306290005 139.25155749349506 0.5
      vertex 28.48916306290005 139.25155749349506 0
    endloop
  endfacet
  facet normal -0.7409511253549639 -0.6715589548470132 0
    outer loop
      vertex 28.88908729652601 138.88908729652601 0.5
      vertex 28.88908729652601 138.88908729652601 0
      vertex 29.251557493495053 138.48916306290005 0.5
    endloop
  endfacet
  facet normal -0.8032075314806485 -0.5956993044924286 0
    outer loop
      vertex 29.251557493495053 138.48916306290005 0.5
      vertex 29.251557493495053 138.48916306290005 0
      vertex 29.573082867664 138.0556362816078 0.5
    endloop
  endfacet
  facet normal -0.8577286100002708 -0.5141027441932239 2.0989008084537642e-17
    outer loop
      vertex 29.85056695391595 137.59268205254298 0.5
      vertex 29.573082867664 138.0556362816078 0.5
      vertex 29.573082867664 138.0556362816078 0
    endloop
  endfacet
  facet normal 0 0 -1
    outer loop
      vertex 22.407317947457013 130.14943304608406 0.5
      vertex 22.407317947457013 139.85056695391594 0.5
      vertex 22.895241121992008 129.91866257118792 0.5
    endloop
  endfacet
  facet normal 0 0 -1
    outer loop
      vertex 22.895241121992008 129.91866257118792 0.5
      vertex 22.895241121992008 140.08133742881208 0.5
      vertex 23.40343427510046 129.73682815347286 0.5
    endloop
  endfacet
  facet normal 0 0 -1
    outer loop
      vertex 23.40343427510046 129.73682815347286 0.5
      vertex 23.40343427510046 140.26317184652714 0.5
      vertex 23.927003228911296 129.60568095778223 0.5
    endloop
  endfacet
  facet normal 0 0 -1
    outer loop
      vertex 23.927003228911296 129.60568095778223 0.5
      vertex 23.927003228911296 140.39431904221777 0.5
      vertex 24.460905728187416 129.52648400330293 0.5
    endloop
  endfacet
  facet normal 0 0 -1
    outer loop
      vertex 24.460905728187416 129.52648400330293 0.5
      vertex 24.460905728187416 140.47351599669707 0.5
      vertex 25 129.5 0.5
    endloop
  endfacet
  facet normal 0 0 -1
    outer loop
      vertex 25 129.5 0.5
      vertex 25 140.5 0.5
      vertex 25.539094271812584 129.52648400330293 0.5
    endloop
  endfacet
  facet normal 0 0 -1
    outer loop
      vertex 25.539094271812584 129.52648400330293 0.5
      vertex 25.539094271812584 140.47351599669707 0.5
      vertex 26.072996771088704 129.60568095778223 0.5
    endloop
  endfacet
  facet normal 0 0 -1
    outer loop
      vertex 26.072996771088704 129.60568095778223 0.5
      vertex 26.072996771088704 140.39431904221777 0.5
      vertex 26.59656572489954 129.73682815347286 0.5
    endloop
  endfacet
  facet normal 0 0 -1
    outer loop
      vertex 22.895241121992008 129.91866257118792 0.5
      vertex 22.407317947457013 139.85056695391594 0.5
      vertex 22.895241121992008 140.08133742881208 0.5
    endloop
  endfacet
  facet normal 0 0 -1
    outer loop
      vertex 23.40343427510046 129.73682815347286 0.5
      vertex 22.895241121992008 140.08133742881208 0.5
      vertex 23.40343427510046 140.26317184652714 0.5
    endloop
  endfacet
  facet normal 0 0 -1
    outer loop
      vertex 23.927003228911296 129.60568095778223 0.5
      vertex 23.40343427510046 140.26317184652714 0.5
      vertex 23.927003228911296 140.39431904221777 0.5
    endloop
  endfacet
  facet normal 0 0 -1
    outer loop
      vertex 24.460905728187416 129.52648400330293 0.5
      vertex 23.927003228911296 140.39431904221777 0.5
      vertex 24.460905728187416 140.47351599669707 0.5
    endloop
  endfacet
  facet normal 0 0 -1
    outer loop
      vertex 25 129.5 0.5
      vertex 24.460905728187416 140.47351599669707 0.5
      vertex 25 140.5 0.5
    endloop
  endfacet
  facet normal 0 0 -1
    outer loop
      vertex 25.539094271812584 129.52648400330293 0.5
      vertex 25 140.5 0.5
      vertex 25.539094271812584 140.47351599669707 0.5
    endloop
  endfacet
  facet normal 0 0 -1
    outer loop
      vertex 26.072996771088704 129.60568095778223 0.5
      vertex 25.539094271812584 140.47351599669707 0.5
      vertex 26.072996771088704 140.39431904221777 0.5
    endloop
  endfacet
  facet normal 0 0 -1
    outer loop
      vertex 26.59656572489954 129.73682815347286 0.5
      vertex 26.59656572489954 140.26317184652714 0.5
      vertex 27.104758878007992 129.91866257118792 0.5
    endloop
  endfacet
  facet normal 0 0 -1
    outer loop
      vertex 27.104758878007992 129.91866257118792 0.5
      vertex 27.104758878007992 140.08133742881208 0.5
      vertex 27.592682052542987 130.14943304608406 0.5
    endloop
  endfacet
  facet normal 0 0 -1
    outer loop
      vertex 27.592682052542987 130.14943304608406 0.5
      vertex 27.592682052542987 139.85056695391594 0.5
      vertex 28.05563628160781 130.426917132336 0.5
    endloop
  endfacet
  facet normal 0 0 -1
    outer loop
      vertex 28.05563628160781 130.426917132336 0.5
      vertex 28.05563628160781 139.573082867664 0.5
      vertex 28.48916306290005 130.74844250650494 0.5
    endloop
  endfacet
  facet normal 0 0 -1
    outer loop
      vertex 28.48916306290005 130.74844250650494 0.5
      vertex 28.48916306290005 139.25155749349506 0.5
      vertex 28.88908729652601 131.11091270347399 0.5
    endloop
  endfacet
  facet normal 0 0 -1
    outer loop
      vertex 28.88908729652601 131.11091270347399 0.5
      vertex 28.88908729652601 138.88908729652601 0.5
      vertex 29.251557493495053 131.51083693709995 0.5
    endloop
  endfacet
  facet normal 0 0 -1
    outer loop
      vertex 29.251557493495053 131.51083693709995 0.5
      vertex 29.251557493495053 138.48916306290005 0.5
      vertex 29.573082867664 131.9443637183922 0.5
    endloop
  endfacet
  facet normal 0 0 -1
    outer loop
      vertex 29.573082867664 131.9443637183922 0.5
      vertex 29.573082867664 138.0556362816078 0.5
      vertex 29.85056695391595 132.40731794745702 0.5
    endloop
  endfacet
  facet normal 0 0 -1
    outer loop
      vertex 29.85056695391595 132.40731794745702 0.5
      vertex 29.85056695391595 137.59268205254298 0.5
      vertex 30.081337428812077 132.895241121992 0.5
    endloop
  endfacet
  facet normal 0 0 -1
    outer loop
      vertex 26.59656572489954 129.73682815347286 0.5
      vertex 26.072996771088704 140.39431904221777 0.5
      vertex 26.59656572489954 140.26317184652714 0.5
    endloop
  endfacet
  facet normal 0 0 -1
    outer loop
      vertex 27.104758878007992 129.91866257118792 0.5
      vertex 26.59656572489954 140.26317184652714 0.5
      vertex 27.104758878007992 140.08133742881208 0.5
    endloop
  endfacet
  facet normal 0 0 -1
    outer loop
      vertex 27.592682052542987 130.14943304608406 0.5
      vertex 27.104758878007992 140.08133742881208 0.5
      vertex 27.592682052542987 139.85056695391594 0.5
    endloop
  endfacet
  facet normal 0 0 -1
    outer loop
      vertex 28.05563628160781 130.426917132336 0.5
      vertex 27.592682052542987 139.85056695391594 0.5
      vertex 28.05563628160781 139.573082867664 0.5
    endloop
  endfacet
  facet normal 0 0 -1
    outer loop
      vertex 28.48916306290005 130.74844250650494 0.5
      vertex 28.05563628160781 139.573082867664 0.5
      vertex 28.48916306290005 139.25155749349506 0.5
    endloop
  endfacet
  facet normal 0 0 -1
    outer loop
      vertex 28.88908729652601 131.11091270347399 0.5
      vertex 28.48916306290005 139.25155749349506 0.5
      vertex 28.88908729652601 138.88908729652601 0.5
    endloop
  endfacet
  facet normal 0 0 -1
    outer loop
      vertex 29.573082867664 131.9443637183922 0.5
      vertex 29.251557493495053 138.48916306290005 0.5
      vertex 29.573082867664 138.0556362816078 0.5
    endloop
  endfacet
  facet normal 0 0 -1
    outer loop
      vertex 29.85056695391595 132.40731794745702 0.5
      vertex 29.573082867664 138.0556362816078 0.5
      vertex 29.85056695391595 137.59268205254298 0.5
    endloop
  endfacet
  facet normal 0 0 -1
    outer loop
      vertex 29.251557493495053 131.51083693709995 0.5
      vertex 28.88908729652601 138.88908729652601 0.5
      vertex 29.251557493495053 138.48916306290005 0.5
    endloop
  endfacet
  facet normal 0.4275550934302936 -0.9039892931234378 0
    outer loop
      vertex 22.895241121992008 140.08133742881208 0.5
      vertex 22.407317947457013 139.85056695391594 0
      vertex 22.895241121992008 140.08133742881208 0
    endloop
  endfacet
  facet normal 0.3368898533922115 -0.9415440651830239 0
    outer loop
      vertex 23.40343427510046 140.26317184652714 0.5
      vertex 22.895241121992008 140.08133742881208 0
      vertex 23.40343427510046 140.26317184652714 0
    endloop
  endfacet
  facet normal 0.24298017990328402 -0.9700312531945388 0
    outer loop
      vertex 23.927003228911296 140.39431904221777 0.5
      vertex 23.40343427510046 140.26317184652714 0
      vertex 23.927003228911296 140.39431904221777 0
    endloop
  endfacet
  facet normal 0.14673047445533527 -0.9891765099647848 0
    outer loop
      vertex 24.460905728187416 140.47351599669707 0.5
      vertex 23.927003228911296 140.39431904221777 0
      vertex 24.460905728187416 140.47351599669707 0
    endloop
  endfacet
  facet normal 0.049067674327434176 -0.9987954562051715 0
    outer loop
      vertex 25 140.5 0.5
      vertex 24.460905728187416 140.47351599669707 0
      vertex 25 140.5 0
    endloop
  endfacet
  facet normal -0.049067674327434176 -0.9987954562051715 0
    outer loop
      vertex 25.539094271812584 140.47351599669707 0.5
      vertex 25 140.5 0
      vertex 25.539094271812584 140.47351599669707 0
    endloop
  endfacet
  facet normal -0.14673047445533527 -0.9891765099647848 0
    outer loop
      vertex 26.072996771088704 140.39431904221777 0.5
      vertex 25.539094271812584 140.47351599669707 0
      vertex 26.072996771088704 140.39431904221777 0
    endloop
  endfacet
  facet normal -0.24298017990328402 -0.9700312531945388 0
    outer loop
      vertex 26.59656572489954 140.26317184652714 0.5
      vertex 26.072996771088704 140.39431904221777 0
      vertex 26.59656572489954 140.26317184652714 0
    endloop
  endfacet
  facet normal -0.3368898533922115 -0.9415440651830239 0
    outer loop
      vertex 27.104758878007992 140.08133742881208 0.5
      vertex 26.59656572489954 140.26317184652714 0
      vertex 27.104758878007992 140.08133742881208 0
    endloop
  endfacet
  facet normal 0.3368898533922115 -0.9415440651830239 0
    outer loop
      vertex 22.895241121992008 140.08133742881208 0.5
      vertex 22.895241121992008 140.08133742881208 0
      vertex 23.40343427510046 140.26317184652714 0.5
    endloop
  endfacet
  facet normal 0.24298017990328402 -0.9700312531945388 0
    outer loop
      vertex 23.40343427510046 140.26317184652714 0.5
      vertex 23.40343427510046 140.26317184652714 0
      vertex 23.927003228911296 140.39431904221777 0.5
    endloop
  endfacet
  facet normal 0.14673047445533527 -0.9891765099647848 0
    outer loop
      vertex 23.927003228911296 140.39431904221777 0.5
      vertex 23.927003228911296 140.39431904221777 0
      vertex 24.460905728187416 140.47351599669707 0.5
    endloop
  endfacet
  facet normal 0.049067674327434176 -0.9987954562051715 0
    outer loop
      vertex 24.460905728187416 140.47351599669707 0.5
      vertex 24.460905728187416 140.47351599669707 0
      vertex 25 140.5 0.5
    endloop
  endfacet
  facet normal -0.049067674327434176 -0.9987954562051715 0
    outer loop
      vertex 25 140.5 0.5
      vertex 25 140.5 0
      vertex 25.539094271812584 140.47351599669707 0.5
    endloop
  endfacet
  facet normal -0.14673047445533527 -0.9891765099647848 0
    outer loop
      vertex 25.539094271812584 140.47351599669707 0.5
      vertex 25.539094271812584 140.47351599669707 0
      vertex 26.072996771088704 140.39431904221777 0.5
    endloop
  endfacet
  facet normal -0.24298017990328402 -0.9700312531945388 0
    outer loop
      vertex 26.072996771088704 140.39431904221777 0.5
      vertex 26.072996771088704 140.39431904221777 0
      vertex 26.59656572489954 140.26317184652714 0.5
    endloop
  endfacet
  facet normal -0.3368898533922115 -0.9415440651830239 -8.422570221484545e-18
    outer loop
      vertex 27.104758878007992 140.08133742881208 0.5
      vertex 26.59656572489954 140.26317184652714 0.5
      vertex 26.59656572489954 140.26317184652714 0
    endloop
  endfacet
  facet normal -0.4275550934302936 -0.9039892931234378 0
    outer loop
      vertex 27.104758878007992 140.08133742881208 0.5
      vertex 27.104758878007992 140.08133742881208 0
      vertex 27.592682052542987 139.85056695391594 0.5
    endloop
  endfacet
  facet normal -0.9415440651830226 0.3368898533922148 0
    outer loop
      vertex 30.081337428812077 132.895241121992 0.5
      vertex 30.26317184652715 133.40343427510047 0
      vertex 30.081337428812077 132.895241121992 0
    endloop
  endfacet
  facet normal -0.9700312531945452 0.24298017990325932 0
    outer loop
      vertex 30.26317184652715 133.40343427510047 0.5
      vertex 30.394319042217766 133.9270032289113 0
      vertex 30.26317184652715 133.40343427510047 0
    endloop
  endfacet
  facet normal -0.9891765099647806 0.14673047445536389 0
    outer loop
      vertex 30.394319042217766 133.9270032289113 0.5
      vertex 30.47351599669708 134.4609057281874 0
      vertex 30.394319042217766 133.9270032289113 0
    endloop
  endfacet
  facet normal -0.9987954562051723 0.049067674327420735 0
    outer loop
      vertex 30.47351599669708 134.4609057281874 0.5
      vertex 30.5 135 0
      vertex 30.47351599669708 134.4609057281874 0
    endloop
  endfacet
  facet normal -0.9891765099647806 -0.14673047445536389 0
    outer loop
      vertex 30.47351599669708 135.5390942718126 0.5
      vertex 30.394319042217766 136.0729967710887 0
      vertex 30.47351599669708 135.5390942718126 0
    endloop
  endfacet
  facet normal -0.9700312531945452 -0.24298017990325932 0
    outer loop
      vertex 30.394319042217766 136.0729967710887 0.5
      vertex 30.26317184652715 136.59656572489953 0
      vertex 30.394319042217766 136.0729967710887 0
    endloop
  endfacet
  facet normal -0.9987954562051723 -0.049067674327420735 0
    outer loop
      vertex 30.5 135 0.5
      vertex 30.47351599669708 135.5390942718126 0
      vertex 30.5 135 0
    endloop
  endfacet
  facet normal -0.9415440651830226 -0.3368898533922148 0
    outer loop
      vertex 30.26317184652715 136.59656572489953 0.5
      vertex 30.081337428812077 137.104758878008 0
      vertex 30.26317184652715 136.59656572489953 0
    endloop
  endfacet
  facet normal -0.9039892931234392 -0.4275550934302904 0
    outer loop
      vertex 30.081337428812077 137.104758878008 0.5
      vertex 29.85056695391595 137.59268205254298 0
      vertex 30.081337428812077 137.104758878008 0
    endloop
  endfacet
  facet normal -0.9039892931234392 0.4275550934302904 -1.008766726246821e-17
    outer loop
      vertex 29.85056695391595 132.40731794745702 0.5
      vertex 30.081337428812077 132.895241121992 0.5
      vertex 30.081337428812077 132.895241121992 0
    endloop
  endfacet
  facet normal -0.9415440651830226 0.3368898533922148 -2.2774138457450273e-17
    outer loop
      vertex 30.081337428812077 132.895241121992 0.5
      vertex 30.26317184652715 133.40343427510047 0.5
      vertex 30.26317184652715 133.40343427510047 0
    endloop
  endfacet
  facet normal -0.9700312531945452 0.24298017990325932 1.5976263225846034e-17
    outer loop
      vertex 30.26317184652715 133.40343427510047 0.5
      vertex 30.394319042217766 133.9270032289113 0.5
      vertex 30.394319042217766 133.9270032289113 0
    endloop
  endfacet
  facet normal -0.9891765099647806 0.14673047445536389 -9.601330944644446e-18
    outer loop
      vertex 30.394319042217766 133.9270032289113 0.5
      vertex 30.47351599669708 134.4609057281874 0.5
      vertex 30.47351599669708 134.4609057281874 0
    endloop
  endfacet
  facet normal -0.9987954562051723 0.049067674327420735 2.7520991801793925e-18
    outer loop
      vertex 30.47351599669708 134.4609057281874 0.5
      vertex 30.5 135 0.5
      vertex 30.5 135 0
    endloop
  endfacet
  facet normal -0.9891765099647806 -0.14673047445536389 9.601330944644446e-18
    outer loop
      vertex 30.47351599669708 135.5390942718126 0.5
      vertex 30.394319042217766 136.0729967710887 0.5
      vertex 30.394319042217766 136.0729967710887 0
    endloop
  endfacet
  facet normal -0.9987954562051723 -0.049067674327420735 -2.7520991801793925e-18
    outer loop
      vertex 30.5 135 0.5
      vertex 30.47351599669708 135.5390942718126 0.5
      vertex 30.47351599669708 135.5390942718126 0
    endloop
  endfacet
  facet normal -0.9700312531945452 -0.24298017990325932 -1.5976263225846034e-17
    outer loop
      vertex 30.394319042217766 136.0729967710887 0.5
      vertex 30.26317184652715 136.59656572489953 0.5
      vertex 30.26317184652715 136.59656572489953 0
    endloop
  endfacet
  facet normal -0.9415440651830226 -0.3368898533922148 0
    outer loop
      vertex 30.081337428812077 137.104758878008 0.5
      vertex 30.081337428812077 137.104758878008 0
      vertex 30.26317184652715 136.59656572489953 0.5
    endloop
  endfacet
  facet normal 0 0 -1
    outer loop
      vertex 30.081337428812077 132.895241121992 0.5
      vertex 30.081337428812077 137.104758878008 0.5
      vertex 30.26317184652715 133.40343427510047 0.5
    endloop
  endfacet
  facet normal 0 0 -1
    outer loop
      vertex 30.26317184652715 133.40343427510047 0.5
      vertex 30.26317184652715 136.59656572489953 0.5
      vertex 30.394319042217766 133.9270032289113 0.5
    endloop
  endfacet
  facet normal 0 0 -1
    outer loop
      vertex 30.394319042217766 133.9270032289113 0.5
      vertex 30.394319042217766 136.0729967710887 0.5
      vertex 30.47351599669708 134.4609057281874 0.5
    endloop
  endfacet
  facet normal 0 0 -1
    outer loop
      vertex 30.394319042217766 133.9270032289113 0.5
      vertex 30.26317184652715 136.59656572489953 0.5
      vertex 30.394319042217766 136.0729967710887 0.5
    endloop
  endfacet
  facet normal 0 0 -1
    outer loop
      vertex 30.47351599669708 134.4609057281874 0.5
      vertex 30.394319042217766 136.0729967710887 0.5
      vertex 30.47351599669708 135.5390942718126 0.5
    endloop
  endfacet
  facet normal 0 0 -1
    outer loop
      vertex 29.85056695391595 137.59268205254298 0.5
      vertex 30.081337428812077 137.104758878008 0.5
      vertex 30.081337428812077 132.895241121992 0.5
    endloop
  endfacet
  facet normal 0 0 -1
    outer loop
      vertex 30.26317184652715 133.40343427510047 0.5
      vertex 30.081337428812077 137.104758878008 0.5
      vertex 30.26317184652715 136.59656572489953 0.5
    endloop
  endfacet
  facet normal 0 0 -1
    outer loop
      vertex 30.47351599669708 134.4609057281874 0.5
      vertex 30.47351599669708 135.5390942718126 0.5
      vertex 30.5 135 0.5
    endloop
  endfacet
  facet normal 0.9039892931234444 0.4275550934302797 0
    outer loop
      vertex 89.91866257118792 132.895241121992 0.5
      vertex 90.14943304608404 132.40731794745702 0
      vertex 89.91866257118792 132.895241121992 0
    endloop
  endfacet
  facet normal 0.9415440651830269 0.3368898533922031 0
    outer loop
      vertex 89.73682815347286 133.40343427510047 0.5
      vertex 89.91866257118792 132.895241121992 0
      vertex 89.73682815347286 133.40343427510047 0
    endloop
  endfacet
  facet normal 0.998795456205173 0.0490676743274076 0
    outer loop
      vertex 89.5 135 0.5
      vertex 89.52648400330291 134.4609057281874 0
      vertex 89.5 135 0
    endloop
  endfacet
  facet normal 0.9700312531945388 0.24298017990328402 0
    outer loop
      vertex 89.60568095778223 133.9270032289113 0.5
      vertex 89.73682815347286 133.40343427510047 0
      vertex 89.60568095778223 133.9270032289113 0
    endloop
  endfacet
  facet normal 0.9891765099647806 0.14673047445536389 0
    outer loop
      vertex 89.52648400330291 134.4609057281874 0.5
      vertex 89.60568095778223 133.9270032289113 0
      vertex 89.52648400330291 134.4609057281874 0
    endloop
  endfacet
  facet normal 0.998795456205173 -0.0490676743274076 0
    outer loop
      vertex 89.52648400330291 135.5390942718126 0.5
      vertex 89.5 135 0
      vertex 89.52648400330291 135.5390942718126 0
    endloop
  endfacet
  facet normal 0.9891765099647806 -0.14673047445536389 0
    outer loop
      vertex 89.60568095778223 136.0729967710887 0.5
      vertex 89.52648400330291 135.5390942718126 0
      vertex 89.60568095778223 136.0729967710887 0
    endloop
  endfacet
  facet normal 0.9700312531945388 -0.24298017990328402 0
    outer loop
      vertex 89.73682815347286 136.59656572489953 0.5
      vertex 89.60568095778223 136.0729967710887 0
      vertex 89.73682815347286 136.59656572489953 0
    endloop
  endfacet
  facet normal 0.9415440651830269 -0.3368898533922031 0
    outer loop
      vertex 89.91866257118792 137.104758878008 0.5
      vertex 89.73682815347286 136.59656572489953 0
      vertex 89.91866257118792 137.104758878008 0
    endloop
  endfacet
  facet normal 0.9415440651830269 0.3368898533922031 0
    outer loop
      vertex 89.91866257118792 132.895241121992 0.5
      vertex 89.91866257118792 132.895241121992 0
      vertex 89.73682815347286 133.40343427510047 0.5
    endloop
  endfacet
  facet normal 0.9700312531945388 0.24298017990328402 -2.289832095039514e-17
    outer loop
      vertex 89.60568095778223 133.9270032289113 0.5
      vertex 89.73682815347286 133.40343427510047 0.5
      vertex 89.73682815347286 133.40343427510047 0
    endloop
  endfacet
  facet normal 0.998795456205173 0.0490676743274076 0
    outer loop
      vertex 89.52648400330291 134.4609057281874 0.5
      vertex 89.52648400330291 134.4609057281874 0
      vertex 89.5 135 0.5
    endloop
  endfacet
  facet normal 0.9891765099647806 0.14673047445536389 0
    outer loop
      vertex 89.60568095778223 133.9270032289113 0.5
      vertex 89.60568095778223 133.9270032289113 0
      vertex 89.52648400330291 134.4609057281874 0.5
    endloop
  endfacet
  facet normal 0.998795456205173 -0.0490676743274076 0
    outer loop
      vertex 89.5 135 0.5
      vertex 89.5 135 0
      vertex 89.52648400330291 135.5390942718126 0.5
    endloop
  endfacet
  facet normal 0.9891765099647806 -0.14673047445536389 0
    outer loop
      vertex 89.52648400330291 135.5390942718126 0.5
      vertex 89.52648400330291 135.5390942718126 0
      vertex 89.60568095778223 136.0729967710887 0.5
    endloop
  endfacet
  facet normal 0.9700312531945388 -0.24298017990328402 0
    outer loop
      vertex 89.60568095778223 136.0729967710887 0.5
      vertex 89.60568095778223 136.0729967710887 0
      vertex 89.73682815347286 136.59656572489953 0.5
    endloop
  endfacet
  facet normal 0.9415440651830269 -0.3368898533922031 0
    outer loop
      vertex 89.73682815347286 136.59656572489953 0.5
      vertex 89.73682815347286 136.59656572489953 0
      vertex 89.91866257118792 137.104758878008 0.5
    endloop
  endfacet
  facet normal 0.9039892931234444 -0.4275550934302797 0
    outer loop
      vertex 89.91866257118792 137.104758878008 0.5
      vertex 89.91866257118792 137.104758878008 0
      vertex 90.14943304608404 137.59268205254298 0.5
    endloop
  endfacet
  facet normal 0 0 -1
    outer loop
      vertex 89.91866257118792 132.895241121992 0.5
      vertex 89.73682815347286 133.40343427510047 0.5
      vertex 89.73682815347286 136.59656572489953 0.5
    endloop
  endfacet
  facet normal 0 0 -1
    outer loop
      vertex 89.91866257118792 132.895241121992 0.5
      vertex 89.91866257118792 137.104758878008 0.5
      vertex 90.14943304608404 132.40731794745702 0.5
    endloop
  endfacet
  facet normal 0 0 -1
    outer loop
      vertex 89.60568095778223 133.9270032289113 0.5
      vertex 89.52648400330291 134.4609057281874 0.5
      vertex 89.52648400330291 135.5390942718126 0.5
    endloop
  endfacet
  facet normal 0 0 -1
    outer loop
      vertex 89.60568095778223 133.9270032289113 0.5
      vertex 89.60568095778223 136.0729967710887 0.5
      vertex 89.73682815347286 133.40343427510047 0.5
    endloop
  endfacet
  facet normal 0 0 -1
    outer loop
      vertex 89.52648400330291 134.4609057281874 0.5
      vertex 89.5 135 0.5
      vertex 89.52648400330291 135.5390942718126 0.5
    endloop
  endfacet
  facet normal 0 0 -1
    outer loop
      vertex 89.60568095778223 133.9270032289113 0.5
      vertex 89.52648400330291 135.5390942718126 0.5
      vertex 89.60568095778223 136.0729967710887 0.5
    endloop
  endfacet
  facet normal 0 0 -1
    outer loop
      vertex 89.73682815347286 133.40343427510047 0.5
      vertex 89.60568095778223 136.0729967710887 0.5
      vertex 89.73682815347286 136.59656572489953 0.5
    endloop
  endfacet
  facet normal 0 0 -1
    outer loop
      vertex 89.91866257118792 132.895241121992 0.5
      vertex 89.73682815347286 136.59656572489953 0.5
      vertex 89.91866257118792 137.104758878008 0.5
    endloop
  endfacet
  facet normal 0.3368898533922115 0.9415440651830239 0
    outer loop
      vertex 92.895241121992 129.91866257118792 0.5
      vertex 93.40343427510045 129.73682815347286 0
      vertex 92.895241121992 129.91866257118792 0
    endloop
  endfacet
  facet normal 0.24298017990328402 0.9700312531945388 0
    outer loop
      vertex 93.40343427510045 129.73682815347286 0.5
      vertex 93.92700322891129 129.60568095778223 0
      vertex 93.40343427510045 129.73682815347286 0
    endloop
  endfacet
  facet normal 0.14673047445533433 0.9891765099647851 0
    outer loop
      vertex 93.92700322891129 129.60568095778223 0.5
      vertex 94.46090572818741 129.52648400330293 0
      vertex 93.92700322891129 129.60568095778223 0
    endloop
  endfacet
  facet normal 0.049067674327433856 0.9987954562051715 0
    outer loop
      vertex 94.46090572818741 129.52648400330293 0.5
      vertex 95 129.5 0
      vertex 94.46090572818741 129.52648400330293 0
    endloop
  endfacet
  facet normal -0.049067674327433856 0.9987954562051715 0
    outer loop
      vertex 95 129.5 0.5
      vertex 95.53909427181259 129.52648400330293 0
      vertex 95 129.5 0
    endloop
  endfacet
  facet normal -0.14673047445533433 0.9891765099647851 0
    outer loop
      vertex 95.53909427181259 129.52648400330293 0.5
      vertex 96.07299677108871 129.60568095778223 0
      vertex 95.53909427181259 129.52648400330293 0
    endloop
  endfacet
  facet normal -0.24298017990328402 0.9700312531945388 0
    outer loop
      vertex 96.07299677108871 129.60568095778223 0.5
      vertex 96.59656572489955 129.73682815347286 0
      vertex 96.07299677108871 129.60568095778223 0
    endloop
  endfacet
  facet normal -0.3368898533922115 0.9415440651830239 0
    outer loop
      vertex 96.59656572489955 129.73682815347286 0.5
      vertex 97.104758878008 129.91866257118792 0
      vertex 96.59656572489955 129.73682815347286 0
    endloop
  endfacet
  facet normal -0.4275550934303012 0.9039892931234342 0
    outer loop
      vertex 97.104758878008 129.91866257118792 0.5
      vertex 97.59268205254298 130.14943304608406 0
      vertex 97.104758878008 129.91866257118792 0
    endloop
  endfacet
  facet normal 0.8577286100002649 0.5141027441932335 0
    outer loop
      vertex 90.14943304608404 132.40731794745702 0.5
      vertex 90.426917132336 131.9443637183922 0
      vertex 90.14943304608404 132.40731794745702 0
    endloop
  endfacet
  facet normal 0.8032075314806516 0.5956993044924244 0
    outer loop
      vertex 90.426917132336 131.9443637183922 0.5
      vertex 90.74844250650494 131.51083693709995 0
      vertex 90.426917132336 131.9443637183922 0
    endloop
  endfacet
  facet normal 0.7409511253549639 0.6715589548470132 0
    outer loop
      vertex 90.74844250650494 131.51083693709995 0.5
      vertex 91.11091270347399 131.11091270347399 0
      vertex 90.74844250650494 131.51083693709995 0
    endloop
  endfacet
  facet normal 0.6715589548470132 0.7409511253549639 0
    outer loop
      vertex 91.11091270347399 131.11091270347399 0.5
      vertex 91.51083693709995 130.74844250650494 0
      vertex 91.11091270347399 131.11091270347399 0
    endloop
  endfacet
  facet normal 0.5956993044924369 0.8032075314806423 0
    outer loop
      vertex 91.51083693709995 130.74844250650494 0.5
      vertex 91.94436371839218 130.426917132336 0
      vertex 91.51083693709995 130.74844250650494 0
    endloop
  endfacet
  facet normal 0.5141027441932026 0.8577286100002836 0
    outer loop
      vertex 91.94436371839218 130.426917132336 0.5
      vertex 92.40731794745702 130.14943304608406 0
      vertex 91.94436371839218 130.426917132336 0
    endloop
  endfacet
  facet normal 0.4275550934303012 0.9039892931234342 0
    outer loop
      vertex 92.40731794745702 130.14943304608406 0.5
      vertex 92.895241121992 129.91866257118792 0
      vertex 92.40731794745702 130.14943304608406 0
    endloop
  endfacet
  facet normal 0.9039892931234444 -0.4275550934302797 0
    outer loop
      vertex 90.14943304608404 137.59268205254298 0.5
      vertex 89.91866257118792 137.104758878008 0
      vertex 90.14943304608404 137.59268205254298 0
    endloop
  endfacet
  facet normal 0.8577286100002649 -0.5141027441932335 0
    outer loop
      vertex 90.426917132336 138.0556362816078 0.5
      vertex 90.14943304608404 137.59268205254298 0
      vertex 90.426917132336 138.0556362816078 0
    endloop
  endfacet
  facet normal 0.8032075314806516 -0.5956993044924244 0
    outer loop
      vertex 90.74844250650494 138.48916306290005 0.5
      vertex 90.426917132336 138.0556362816078 0
      vertex 90.74844250650494 138.48916306290005 0
    endloop
  endfacet
  facet normal 0.7409511253549639 -0.6715589548470132 0
    outer loop
      vertex 91.11091270347399 138.88908729652601 0.5
      vertex 90.74844250650494 138.48916306290005 0
      vertex 91.11091270347399 138.88908729652601 0
    endloop
  endfacet
  facet normal 0.6715589548470132 -0.7409511253549639 0
    outer loop
      vertex 91.51083693709995 139.25155749349506 0.5
      vertex 91.11091270347399 138.88908729652601 0
      vertex 91.51083693709995 139.25155749349506 0
    endloop
  endfacet
  facet normal 0.5956993044924369 -0.8032075314806423 0
    outer loop
      vertex 91.94436371839218 139.573082867664 0.5
      vertex 91.51083693709995 139.25155749349506 0
      vertex 91.94436371839218 139.573082867664 0
    endloop
  endfacet
  facet normal 0.5141027441932026 -0.8577286100002836 0
    outer loop
      vertex 92.40731794745702 139.85056695391594 0.5
      vertex 91.94436371839218 139.573082867664 0
      vertex 92.40731794745702 139.85056695391594 0
    endloop
  endfacet
  facet normal -0.4275550934303012 -0.9039892931234342 0
    outer loop
      vertex 97.59268205254298 139.85056695391594 0.5
      vertex 97.104758878008 140.08133742881208 0
      vertex 97.59268205254298 139.85056695391594 0
    endloop
  endfacet
  facet normal -0.5141027441932026 0.8577286100002836 0
    outer loop
      vertex 97.59268205254298 130.14943304608406 0.5
      vertex 98.05563628160782 130.426917132336 0
      vertex 97.59268205254298 130.14943304608406 0
    endloop
  endfacet
  facet normal -0.5956993044924369 0.8032075314806423 0
    outer loop
      vertex 98.05563628160782 130.426917132336 0.5
      vertex 98.48916306290005 130.74844250650494 0
      vertex 98.05563628160782 130.426917132336 0
    endloop
  endfacet
  facet normal -0.6715589548470132 0.7409511253549639 0
    outer loop
      vertex 98.48916306290005 130.74844250650494 0.5
      vertex 98.88908729652601 131.11091270347399 0
      vertex 98.48916306290005 130.74844250650494 0
    endloop
  endfacet
  facet normal -0.7409511253549639 0.6715589548470132 0
    outer loop
      vertex 98.88908729652601 131.11091270347399 0.5
      vertex 99.25155749349506 131.51083693709995 0
      vertex 98.88908729652601 131.11091270347399 0
    endloop
  endfacet
  facet normal -0.8032075314806516 0.5956993044924244 0
    outer loop
      vertex 99.25155749349506 131.51083693709995 0.5
      vertex 99.573082867664 131.9443637183922 0
      vertex 99.25155749349506 131.51083693709995 0
    endloop
  endfacet
  facet normal -0.8577286100002649 0.5141027441932335 0
    outer loop
      vertex 99.573082867664 131.9443637183922 0.5
      vertex 99.85056695391596 132.40731794745702 0
      vertex 99.573082867664 131.9443637183922 0
    endloop
  endfacet
  facet normal -0.9039892931234444 0.4275550934302797 0
    outer loop
      vertex 99.85056695391596 132.40731794745702 0.5
      vertex 100.08133742881208 132.895241121992 0
      vertex 99.85056695391596 132.40731794745702 0
    endloop
  endfacet
  facet normal -0.9415440651830269 0.3368898533922031 0
    outer loop
      vertex 100.08133742881208 132.895241121992 0.5
      vertex 100.26317184652714 133.40343427510047 0
      vertex 100.08133742881208 132.895241121992 0
    endloop
  endfacet
  facet normal -0.9700312531945388 0.24298017990328402 0
    outer loop
      vertex 100.26317184652714 133.40343427510047 0.5
      vertex 100.39431904221777 133.9270032289113 0
      vertex 100.26317184652714 133.40343427510047 0
    endloop
  endfacet
  facet normal -0.9891765099647806 0.14673047445536389 0
    outer loop
      vertex 100.39431904221777 133.9270032289113 0.5
      vertex 100.47351599669709 134.4609057281874 0
      vertex 100.39431904221777 133.9270032289113 0
    endloop
  endfacet
  facet normal -0.998795456205173 0.0490676743274076 0
    outer loop
      vertex 100.47351599669709 134.4609057281874 0.5
      vertex 100.5 135 0
      vertex 100.47351599669709 134.4609057281874 0
    endloop
  endfacet
  facet normal -0.5141027441932026 -0.8577286100002836 0
    outer loop
      vertex 98.05563628160782 139.573082867664 0.5
      vertex 97.59268205254298 139.85056695391594 0
      vertex 98.05563628160782 139.573082867664 0
    endloop
  endfacet
  facet normal -0.5956993044924369 -0.8032075314806423 0
    outer loop
      vertex 98.48916306290005 139.25155749349506 0.5
      vertex 98.05563628160782 139.573082867664 0
      vertex 98.48916306290005 139.25155749349506 0
    endloop
  endfacet
  facet normal -0.7409511253549639 -0.6715589548470132 0
    outer loop
      vertex 99.25155749349506 138.48916306290005 0.5
      vertex 98.88908729652601 138.88908729652601 0
      vertex 99.25155749349506 138.48916306290005 0
    endloop
  endfacet
  facet normal -0.6715589548470132 -0.7409511253549639 0
    outer loop
      vertex 98.88908729652601 138.88908729652601 0.5
      vertex 98.48916306290005 139.25155749349506 0
      vertex 98.88908729652601 138.88908729652601 0
    endloop
  endfacet
  facet normal -0.9415440651830269 -0.3368898533922031 0
    outer loop
      vertex 100.26317184652714 136.59656572489953 0.5
      vertex 100.08133742881208 137.104758878008 0
      vertex 100.26317184652714 136.59656572489953 0
    endloop
  endfacet
  facet normal -0.9039892931234444 -0.4275550934302797 0
    outer loop
      vertex 100.08133742881208 137.104758878008 0.5
      vertex 99.85056695391596 137.59268205254298 0
      vertex 100.08133742881208 137.104758878008 0
    endloop
  endfacet
  facet normal -0.998795456205173 -0.0490676743274076 0
    outer loop
      vertex 100.5 135 0.5
      vertex 100.47351599669709 135.5390942718126 0
      vertex 100.5 135 0
    endloop
  endfacet
  facet normal -0.9891765099647806 -0.14673047445536389 0
    outer loop
      vertex 100.47351599669709 135.5390942718126 0.5
      vertex 100.39431904221777 136.0729967710887 0
      vertex 100.47351599669709 135.5390942718126 0
    endloop
  endfacet
  facet normal -0.9700312531945388 -0.24298017990328402 0
    outer loop
      vertex 100.39431904221777 136.0729967710887 0.5
      vertex 100.26317184652714 136.59656572489953 0
      vertex 100.39431904221777 136.0729967710887 0
    endloop
  endfacet
  facet normal -0.8577286100002649 -0.5141027441932335 0
    outer loop
      vertex 99.85056695391596 137.59268205254298 0.5
      vertex 99.573082867664 138.0556362816078 0
      vertex 99.85056695391596 137.59268205254298 0
    endloop
  endfacet
  facet normal -0.8032075314806516 -0.5956993044924244 0
    outer loop
      vertex 99.573082867664 138.0556362816078 0.5
      vertex 99.25155749349506 138.48916306290005 0
      vertex 99.573082867664 138.0556362816078 0
    endloop
  endfacet
  facet normal 0.4275550934303012 0.9039892931234342 1.9515385724162416e-17
    outer loop
      vertex 92.40731794745702 130.14943304608406 0.5
      vertex 92.895241121992 129.91866257118792 0.5
      vertex 92.895241121992 129.91866257118792 0
    endloop
  endfacet
  facet normal 0.3368898533922115 0.9415440651830239 -8.422570221484545e-18
    outer loop
      vertex 92.895241121992 129.91866257118792 0.5
      vertex 93.40343427510045 129.73682815347286 0.5
      vertex 93.40343427510045 129.73682815347286 0
    endloop
  endfacet
  facet normal 0.24298017990328402 0.9700312531945388 -2.289832095039514e-17
    outer loop
      vertex 93.40343427510045 129.73682815347286 0.5
      vertex 93.92700322891129 129.60568095778223 0.5
      vertex 93.92700322891129 129.60568095778223 0
    endloop
  endfacet
  facet normal 0.14673047445533433 0.9891765099647851 -1.0017892393813661e-17
    outer loop
      vertex 93.92700322891129 129.60568095778223 0.5
      vertex 94.46090572818741 129.52648400330293 0.5
      vertex 94.46090572818741 129.52648400330293 0
    endloop
  endfacet
  facet normal 0.049067674327433856 0.9987954562051715 2.8393293567763937e-18
    outer loop
      vertex 94.46090572818741 129.52648400330293 0.5
      vertex 95 129.5 0.5
      vertex 95 129.5 0
    endloop
  endfacet
  facet normal -0.049067674327433856 0.9987954562051715 -2.8393293567763937e-18
    outer loop
      vertex 95 129.5 0.5
      vertex 95.53909427181259 129.52648400330293 0.5
      vertex 95.53909427181259 129.52648400330293 0
    endloop
  endfacet
  facet normal -0.14673047445533433 0.9891765099647851 1.0017892393813661e-17
    outer loop
      vertex 95.53909427181259 129.52648400330293 0.5
      vertex 96.07299677108871 129.60568095778223 0.5
      vertex 96.07299677108871 129.60568095778223 0
    endloop
  endfacet
  facet normal -0.24298017990328402 0.9700312531945388 2.289832095039514e-17
    outer loop
      vertex 96.07299677108871 129.60568095778223 0.5
      vertex 96.59656572489955 129.73682815347286 0.5
      vertex 96.59656572489955 129.73682815347286 0
    endloop
  endfacet
  facet normal -0.3368898533922115 0.9415440651830239 8.422570221484545e-18
    outer loop
      vertex 96.59656572489955 129.73682815347286 0.5
      vertex 97.104758878008 129.91866257118792 0.5
      vertex 97.104758878008 129.91866257118792 0
    endloop
  endfacet
  facet normal 0.8577286100002649 0.5141027441932335 0
    outer loop
      vertex 90.426917132336 131.9443637183922 0.5
      vertex 90.426917132336 131.9443637183922 0
      vertex 90.14943304608404 132.40731794745702 0.5
    endloop
  endfacet
  facet normal 0.8032075314806516 0.5956993044924244 3.450621125703061e-17
    outer loop
      vertex 90.426917132336 131.9443637183922 0.5
      vertex 90.74844250650494 131.51083693709995 0.5
      vertex 90.74844250650494 131.51083693709995 0
    endloop
  endfacet
  facet normal 0.7409511253549639 0.6715589548470132 4.8657786004210925e-17
    outer loop
      vertex 90.74844250650494 131.51083693709995 0.5
      vertex 91.11091270347399 131.11091270347399 0.5
      vertex 91.11091270347399 131.11091270347399 0
    endloop
  endfacet
  facet normal 0.6715589548470132 0.7409511253549639 4.8657786004210925e-17
    outer loop
      vertex 91.11091270347399 131.11091270347399 0.5
      vertex 91.51083693709995 130.74844250650494 0.5
      vertex 91.51083693709995 130.74844250650494 0
    endloop
  endfacet
  facet normal 0.5956993044924369 0.8032075314806423 -4.473708386095098e-18
    outer loop
      vertex 91.51083693709995 130.74844250650494 0.5
      vertex 91.94436371839218 130.426917132336 0.5
      vertex 91.94436371839218 130.426917132336 0
    endloop
  endfacet
  facet normal 0.9039892931234444 0.4275550934302797 6.599488007738982e-19
    outer loop
      vertex 89.91866257118792 132.895241121992 0.5
      vertex 90.14943304608404 132.40731794745702 0.5
      vertex 90.14943304608404 132.40731794745702 0
    endloop
  endfacet
  facet normal 0.5141027441932026 0.8577286100002836 0
    outer loop
      vertex 92.40731794745702 130.14943304608406 0.5
      vertex 92.40731794745702 130.14943304608406 0
      vertex 91.94436371839218 130.426917132336 0.5
    endloop
  endfacet
  facet normal 0.8577286100002649 -0.5141027441932335 0
    outer loop
      vertex 90.14943304608404 137.59268205254298 0.5
      vertex 90.14943304608404 137.59268205254298 0
      vertex 90.426917132336 138.0556362816078 0.5
    endloop
  endfacet
  facet normal 0.8032075314806516 -0.5956993044924244 0
    outer loop
      vertex 90.426917132336 138.0556362816078 0.5
      vertex 90.426917132336 138.0556362816078 0
      vertex 90.74844250650494 138.48916306290005 0.5
    endloop
  endfacet
  facet normal 0.7409511253549639 -0.6715589548470132 0
    outer loop
      vertex 90.74844250650494 138.48916306290005 0.5
      vertex 90.74844250650494 138.48916306290005 0
      vertex 91.11091270347399 138.88908729652601 0.5
    endloop
  endfacet
  facet normal 0.6715589548470132 -0.7409511253549639 0
    outer loop
      vertex 91.11091270347399 138.88908729652601 0.5
      vertex 91.11091270347399 138.88908729652601 0
      vertex 91.51083693709995 139.25155749349506 0.5
    endloop
  endfacet
  facet normal 0.5956993044924369 -0.8032075314806423 0
    outer loop
      vertex 91.51083693709995 139.25155749349506 0.5
      vertex 91.51083693709995 139.25155749349506 0
      vertex 91.94436371839218 139.573082867664 0.5
    endloop
  endfacet
  facet normal 0.5141027441932026 -0.8577286100002836 0
    outer loop
      vertex 91.94436371839218 139.573082867664 0.5
      vertex 91.94436371839218 139.573082867664 0
      vertex 92.40731794745702 139.85056695391594 0.5
    endloop
  endfacet
  facet normal 0.4275550934303012 -0.9039892931234342 0
    outer loop
      vertex 92.40731794745702 139.85056695391594 0.5
      vertex 92.40731794745702 139.85056695391594 0
      vertex 92.895241121992 140.08133742881208 0.5
    endloop
  endfacet
  facet normal -0.4275550934303012 0.9039892931234342 -1.9515385724162416e-17
    outer loop
      vertex 97.104758878008 129.91866257118792 0.5
      vertex 97.59268205254298 130.14943304608406 0.5
      vertex 97.59268205254298 130.14943304608406 0
    endloop
  endfacet
  facet normal 0 0 -1
    outer loop
      vertex 90.74844250650494 131.51083693709995 0.5
      vertex 90.74844250650494 138.48916306290005 0.5
      vertex 91.11091270347399 131.11091270347399 0.5
    endloop
  endfacet
  facet normal 0 0 -1
    outer loop
      vertex 90.426917132336 131.9443637183922 0.5
      vertex 90.14943304608404 132.40731794745702 0.5
      vertex 90.14943304608404 137.59268205254298 0.5
    endloop
  endfacet
  facet normal 0 0 -1
    outer loop
      vertex 90.426917132336 131.9443637183922 0.5
      vertex 90.426917132336 138.0556362816078 0.5
      vertex 90.74844250650494 131.51083693709995 0.5
    endloop
  endfacet
  facet normal 0 0 -1
    outer loop
      vertex 91.11091270347399 131.11091270347399 0.5
      vertex 91.11091270347399 138.88908729652601 0.5
      vertex 91.51083693709995 130.74844250650494 0.5
    endloop
  endfacet
  facet normal 0 0 -1
    outer loop
      vertex 91.51083693709995 130.74844250650494 0.5
      vertex 91.51083693709995 139.25155749349506 0.5
      vertex 91.94436371839218 130.426917132336 0.5
    endloop
  endfacet
  facet normal 0 0 -1
    outer loop
      vertex 92.40731794745702 130.14943304608406 0.5
      vertex 91.94436371839218 130.426917132336 0.5
      vertex 91.94436371839218 139.573082867664 0.5
    endloop
  endfacet
  facet normal 0 0 -1
    outer loop
      vertex 92.40731794745702 130.14943304608406 0.5
      vertex 92.40731794745702 139.85056695391594 0.5
      vertex 92.895241121992 129.91866257118792 0.5
    endloop
  endfacet
  facet normal 0 0 -1
    outer loop
      vertex 92.895241121992 129.91866257118792 0.5
      vertex 92.895241121992 140.08133742881208 0.5
      vertex 93.40343427510045 129.73682815347286 0.5
    endloop
  endfacet
  facet normal 0 0 -1
    outer loop
      vertex 93.40343427510045 129.73682815347286 0.5
      vertex 93.40343427510045 140.26317184652714 0.5
      vertex 93.92700322891129 129.60568095778223 0.5
    endloop
  endfacet
  facet normal 0 0 -1
    outer loop
      vertex 89.91866257118792 137.104758878008 0.5
      vertex 90.14943304608404 137.59268205254298 0.5
      vertex 90.14943304608404 132.40731794745702 0.5
    endloop
  endfacet
  facet normal 0 0 -1
    outer loop
      vertex 90.426917132336 131.9443637183922 0.5
      vertex 90.14943304608404 137.59268205254298 0.5
      vertex 90.426917132336 138.0556362816078 0.5
    endloop
  endfacet
  facet normal 0 0 -1
    outer loop
      vertex 90.74844250650494 131.51083693709995 0.5
      vertex 90.426917132336 138.0556362816078 0.5
      vertex 90.74844250650494 138.48916306290005 0.5
    endloop
  endfacet
  facet normal 0 0 -1
    outer loop
      vertex 91.11091270347399 131.11091270347399 0.5
      vertex 90.74844250650494 138.48916306290005 0.5
      vertex 91.11091270347399 138.88908729652601 0.5
    endloop
  endfacet
  facet normal 0 0 -1
    outer loop
      vertex 91.51083693709995 130.74844250650494 0.5
      vertex 91.11091270347399 138.88908729652601 0.5
      vertex 91.51083693709995 139.25155749349506 0.5
    endloop
  endfacet
  facet normal 0 0 -1
    outer loop
      vertex 91.94436371839218 130.426917132336 0.5
      vertex 91.51083693709995 139.25155749349506 0.5
      vertex 91.94436371839218 139.573082867664 0.5
    endloop
  endfacet
  facet normal 0 0 -1
    outer loop
      vertex 92.40731794745702 130.14943304608406 0.5
      vertex 91.94436371839218 139.573082867664 0.5
      vertex 92.40731794745702 139.85056695391594 0.5
    endloop
  endfacet
  facet normal 0 0 -1
    outer loop
      vertex 92.895241121992 129.91866257118792 0.5
      vertex 92.40731794745702 139.85056695391594 0.5
      vertex 92.895241121992 140.08133742881208 0.5
    endloop
  endfacet
  facet normal 0 0 -1
    outer loop
      vertex 93.40343427510045 129.73682815347286 0.5
      vertex 92.895241121992 140.08133742881208 0.5
      vertex 93.40343427510045 140.26317184652714 0.5
    endloop
  endfacet
  facet normal 0 0 -1
    outer loop
      vertex 93.92700322891129 129.60568095778223 0.5
      vertex 93.92700322891129 140.39431904221777 0.5
      vertex 94.46090572818741 129.52648400330293 0.5
    endloop
  endfacet
  facet normal 0 0 -1
    outer loop
      vertex 94.46090572818741 129.52648400330293 0.5
      vertex 94.46090572818741 140.47351599669707 0.5
      vertex 95 129.5 0.5
    endloop
  endfacet
  facet normal 0 0 -1
    outer loop
      vertex 95 129.5 0.5
      vertex 95 140.5 0.5
      vertex 95.53909427181259 129.52648400330293 0.5
    endloop
  endfacet
  facet normal 0 0 -1
    outer loop
      vertex 95.53909427181259 129.52648400330293 0.5
      vertex 95.53909427181259 140.47351599669707 0.5
      vertex 96.07299677108871 129.60568095778223 0.5
    endloop
  endfacet
  facet normal 0 0 -1
    outer loop
      vertex 96.07299677108871 129.60568095778223 0.5
      vertex 96.07299677108871 140.39431904221777 0.5
      vertex 96.59656572489955 129.73682815347286 0.5
    endloop
  endfacet
  facet normal 0 0 -1
    outer loop
      vertex 96.59656572489955 129.73682815347286 0.5
      vertex 96.59656572489955 140.26317184652714 0.5
      vertex 97.104758878008 129.91866257118792 0.5
    endloop
  endfacet
  facet normal 0 0 -1
    outer loop
      vertex 97.104758878008 129.91866257118792 0.5
      vertex 97.104758878008 140.08133742881208 0.5
      vertex 97.59268205254298 130.14943304608406 0.5
    endloop
  endfacet
  facet normal 0 0 -1
    outer loop
      vertex 93.92700322891129 129.60568095778223 0.5
      vertex 93.40343427510045 140.26317184652714 0.5
      vertex 93.92700322891129 140.39431904221777 0.5
    endloop
  endfacet
  facet normal 0 0 -1
    outer loop
      vertex 94.46090572818741 129.52648400330293 0.5
      vertex 93.92700322891129 140.39431904221777 0.5
      vertex 94.46090572818741 140.47351599669707 0.5
    endloop
  endfacet
  facet normal 0 0 -1
    outer loop
      vertex 95 129.5 0.5
      vertex 94.46090572818741 140.47351599669707 0.5
      vertex 95 140.5 0.5
    endloop
  endfacet
  facet normal 0 0 -1
    outer loop
      vertex 95.53909427181259 129.52648400330293 0.5
      vertex 95 140.5 0.5
      vertex 95.53909427181259 140.47351599669707 0.5
    endloop
  endfacet
  facet normal 0 0 -1
    outer loop
      vertex 96.07299677108871 129.60568095778223 0.5
      vertex 95.53909427181259 140.47351599669707 0.5
      vertex 96.07299677108871 140.39431904221777 0.5
    endloop
  endfacet
  facet normal 0 0 -1
    outer loop
      vertex 96.59656572489955 129.73682815347286 0.5
      vertex 96.07299677108871 140.39431904221777 0.5
      vertex 96.59656572489955 140.26317184652714 0.5
    endloop
  endfacet
  facet normal 0 0 -1
    outer loop
      vertex 97.104758878008 129.91866257118792 0.5
      vertex 96.59656572489955 140.26317184652714 0.5
      vertex 97.104758878008 140.08133742881208 0.5
    endloop
  endfacet
  facet normal 0 0 -1
    outer loop
      vertex 97.59268205254298 130.14943304608406 0.5
      vertex 97.104758878008 140.08133742881208 0.5
      vertex 97.59268205254298 139.85056695391594 0.5
    endloop
  endfacet
  facet normal -0.5141027441932026 0.8577286100002836 3.614970916900557e-17
    outer loop
      vertex 97.59268205254298 130.14943304608406 0.5
      vertex 98.05563628160782 130.426917132336 0.5
      vertex 98.05563628160782 130.426917132336 0
    endloop
  endfacet
  facet normal -0.5956993044924369 0.8032075314806423 4.473708386095098e-18
    outer loop
      vertex 98.05563628160782 130.426917132336 0.5
      vertex 98.48916306290005 130.74844250650494 0.5
      vertex 98.48916306290005 130.74844250650494 0
    endloop
  endfacet
  facet normal -0.6715589548470132 0.7409511253549639 -4.8657786004210925e-17
    outer loop
      vertex 98.48916306290005 130.74844250650494 0.5
      vertex 98.88908729652601 131.11091270347399 0.5
      vertex 98.88908729652601 131.11091270347399 0
    endloop
  endfacet
  facet normal -0.7409511253549639 0.6715589548470132 -4.8657786004210925e-17
    outer loop
      vertex 98.88908729652601 131.11091270347399 0.5
      vertex 99.25155749349506 131.51083693709995 0.5
      vertex 99.25155749349506 131.51083693709995 0
    endloop
  endfacet
  facet normal -0.8032075314806516 0.5956993044924244 -3.450621125703061e-17
    outer loop
      vertex 99.25155749349506 131.51083693709995 0.5
      vertex 99.573082867664 131.9443637183922 0.5
      vertex 99.573082867664 131.9443637183922 0
    endloop
  endfacet
  facet normal -0.8577286100002649 0.5141027441932335 3.210916728416286e-17
    outer loop
      vertex 99.573082867664 131.9443637183922 0.5
      vertex 99.85056695391596 132.40731794745702 0.5
      vertex 99.85056695391596 132.40731794745702 0
    endloop
  endfacet
  facet normal -0.9039892931234444 0.4275550934302797 -6.599488007738982e-19
    outer loop
      vertex 99.85056695391596 132.40731794745702 0.5
      vertex 100.08133742881208 132.895241121992 0.5
      vertex 100.08133742881208 132.895241121992 0
    endloop
  endfacet
  facet normal -0.9415440651830269 0.3368898533922031 1.8627252396466572e-17
    outer loop
      vertex 100.08133742881208 132.895241121992 0.5
      vertex 100.26317184652714 133.40343427510047 0.5
      vertex 100.26317184652714 133.40343427510047 0
    endloop
  endfacet
  facet normal -0.9700312531945388 0.24298017990328402 2.289832095039514e-17
    outer loop
      vertex 100.26317184652714 133.40343427510047 0.5
      vertex 100.39431904221777 133.9270032289113 0.5
      vertex 100.39431904221777 133.9270032289113 0
    endloop
  endfacet
  facet normal -0.9891765099647806 0.14673047445536389 -9.601330944644446e-18
    outer loop
      vertex 100.39431904221777 133.9270032289113 0.5
      vertex 100.47351599669709 134.4609057281874 0.5
      vertex 100.47351599669709 134.4609057281874 0
    endloop
  endfacet
  facet normal -0.998795456205173 0.0490676743274076 1.9155836035667957e-18
    outer loop
      vertex 100.47351599669709 134.4609057281874 0.5
      vertex 100.5 135 0.5
      vertex 100.5 135 0
    endloop
  endfacet
  facet normal -0.5141027441932026 -0.8577286100002836 0
    outer loop
      vertex 97.59268205254298 139.85056695391594 0.5
      vertex 97.59268205254298 139.85056695391594 0
      vertex 98.05563628160782 139.573082867664 0.5
    endloop
  endfacet
  facet normal -0.5956993044924369 -0.8032075314806423 0
    outer loop
      vertex 98.05563628160782 139.573082867664 0.5
      vertex 98.05563628160782 139.573082867664 0
      vertex 98.48916306290005 139.25155749349506 0.5
    endloop
  endfacet
  facet normal -0.8032075314806516 -0.5956993044924244 0
    outer loop
      vertex 99.25155749349506 138.48916306290005 0.5
      vertex 99.25155749349506 138.48916306290005 0
      vertex 99.573082867664 138.0556362816078 0.5
    endloop
  endfacet
  facet normal -0.6715589548470132 -0.7409511253549639 4.8657786004210925e-17
    outer loop
      vertex 98.88908729652601 138.88908729652601 0.5
      vertex 98.48916306290005 139.25155749349506 0.5
      vertex 98.48916306290005 139.25155749349506 0
    endloop
  endfacet
  facet normal -0.7409511253549639 -0.6715589548470132 0
    outer loop
      vertex 98.88908729652601 138.88908729652601 0.5
      vertex 98.88908729652601 138.88908729652601 0
      vertex 99.25155749349506 138.48916306290005 0.5
    endloop
  endfacet
  facet normal -0.9700312531945388 -0.24298017990328402 -2.289832095039514e-17
    outer loop
      vertex 100.39431904221777 136.0729967710887 0.5
      vertex 100.26317184652714 136.59656572489953 0.5
      vertex 100.26317184652714 136.59656572489953 0
    endloop
  endfacet
  facet normal -0.9039892931234444 -0.4275550934302797 6.599488007738982e-19
    outer loop
      vertex 100.08133742881208 137.104758878008 0.5
      vertex 99.85056695391596 137.59268205254298 0.5
      vertex 99.85056695391596 137.59268205254298 0
    endloop
  endfacet
  facet normal -0.9415440651830269 -0.3368898533922031 0
    outer loop
      vertex 100.08133742881208 137.104758878008 0.5
      vertex 100.08133742881208 137.104758878008 0
      vertex 100.26317184652714 136.59656572489953 0.5
    endloop
  endfacet
  facet normal -0.998795456205173 -0.0490676743274076 -1.9155836035667957e-18
    outer loop
      vertex 100.5 135 0.5
      vertex 100.47351599669709 135.5390942718126 0.5
      vertex 100.47351599669709 135.5390942718126 0
    endloop
  endfacet
  facet normal -0.9891765099647806 -0.14673047445536389 9.601330944644446e-18
    outer loop
      vertex 100.47351599669709 135.5390942718126 0.5
      vertex 100.39431904221777 136.0729967710887 0.5
      vertex 100.39431904221777 136.0729967710887 0
    endloop
  endfacet
  facet normal -0.8577286100002649 -0.5141027441932335 -3.210916728416286e-17
    outer loop
      vertex 99.85056695391596 137.59268205254298 0.5
      vertex 99.573082867664 138.0556362816078 0.5
      vertex 99.573082867664 138.0556362816078 0
    endloop
  endfacet
  facet normal 0 0 -1
    outer loop
      vertex 97.59268205254298 130.14943304608406 0.5
      vertex 97.59268205254298 139.85056695391594 0.5
      vertex 98.05563628160782 130.426917132336 0.5
    endloop
  endfacet
  facet normal 0 0 -1
    outer loop
      vertex 98.05563628160782 130.426917132336 0.5
      vertex 98.05563628160782 139.573082867664 0.5
      vertex 98.48916306290005 130.74844250650494 0.5
    endloop
  endfacet
  facet normal 0 0 -1
    outer loop
      vertex 98.48916306290005 130.74844250650494 0.5
      vertex 98.48916306290005 139.25155749349506 0.5
      vertex 98.88908729652601 131.11091270347399 0.5
    endloop
  endfacet
  facet normal 0 0 -1
    outer loop
      vertex 98.88908729652601 131.11091270347399 0.5
      vertex 98.88908729652601 138.88908729652601 0.5
      vertex 99.25155749349506 131.51083693709995 0.5
    endloop
  endfacet
  facet normal 0 0 -1
    outer loop
      vertex 99.25155749349506 131.51083693709995 0.5
      vertex 99.25155749349506 138.48916306290005 0.5
      vertex 99.573082867664 131.9443637183922 0.5
    endloop
  endfacet
  facet normal 0 0 -1
    outer loop
      vertex 99.573082867664 131.9443637183922 0.5
      vertex 99.573082867664 138.0556362816078 0.5
      vertex 99.85056695391596 132.40731794745702 0.5
    endloop
  endfacet
  facet normal 0 0 -1
    outer loop
      vertex 99.85056695391596 132.40731794745702 0.5
      vertex 99.85056695391596 137.59268205254298 0.5
      vertex 100.08133742881208 132.895241121992 0.5
    endloop
  endfacet
  facet normal 0 0 -1
    outer loop
      vertex 100.08133742881208 132.895241121992 0.5
      vertex 100.08133742881208 137.104758878008 0.5
      vertex 100.26317184652714 133.40343427510047 0.5
    endloop
  endfacet
  facet normal 0 0 -1
    outer loop
      vertex 100.26317184652714 133.40343427510047 0.5
      vertex 100.26317184652714 136.59656572489953 0.5
      vertex 100.39431904221777 133.9270032289113 0.5
    endloop
  endfacet
  facet normal 0 0 -1
    outer loop
      vertex 100.39431904221777 133.9270032289113 0.5
      vertex 100.39431904221777 136.0729967710887 0.5
      vertex 100.47351599669709 134.4609057281874 0.5
    endloop
  endfacet
  facet normal 0 0 -1
    outer loop
      vertex 98.05563628160782 130.426917132336 0.5
      vertex 97.59268205254298 139.85056695391594 0.5
      vertex 98.05563628160782 139.573082867664 0.5
    endloop
  endfacet
  facet normal 0 0 -1
    outer loop
      vertex 98.48916306290005 130.74844250650494 0.5
      vertex 98.05563628160782 139.573082867664 0.5
      vertex 98.48916306290005 139.25155749349506 0.5
    endloop
  endfacet
  facet normal 0 0 -1
    outer loop
      vertex 98.88908729652601 131.11091270347399 0.5
      vertex 98.48916306290005 139.25155749349506 0.5
      vertex 98.88908729652601 138.88908729652601 0.5
    endloop
  endfacet
  facet normal 0 0 -1
    outer loop
      vertex 99.25155749349506 131.51083693709995 0.5
      vertex 98.88908729652601 138.88908729652601 0.5
      vertex 99.25155749349506 138.48916306290005 0.5
    endloop
  endfacet
  facet normal 0 0 -1
    outer loop
      vertex 99.573082867664 131.9443637183922 0.5
      vertex 99.25155749349506 138.48916306290005 0.5
      vertex 99.573082867664 138.0556362816078 0.5
    endloop
  endfacet
  facet normal 0 0 -1
    outer loop
      vertex 99.85056695391596 132.40731794745702 0.5
      vertex 99.573082867664 138.0556362816078 0.5
      vertex 99.85056695391596 137.59268205254298 0.5
    endloop
  endfacet
  facet normal 0 0 -1
    outer loop
      vertex 100.08133742881208 132.895241121992 0.5
      vertex 99.85056695391596 137.59268205254298 0.5
      vertex 100.08133742881208 137.104758878008 0.5
    endloop
  endfacet
  facet normal 0 0 -1
    outer loop
      vertex 100.08133742881208 137.104758878008 0.5
      vertex 100.26317184652714 136.59656572489953 0.5
      vertex 100.26317184652714 133.40343427510047 0.5
    endloop
  endfacet
  facet normal 0 0 -1
    outer loop
      vertex 100.47351599669709 134.4609057281874 0.5
      vertex 100.47351599669709 135.5390942718126 0.5
      vertex 100.5 135 0.5
    endloop
  endfacet
  facet normal 0 0 -1
    outer loop
      vertex 100.39431904221777 133.9270032289113 0.5
      vertex 100.26317184652714 136.59656572489953 0.5
      vertex 100.39431904221777 136.0729967710887 0.5
    endloop
  endfacet
  facet normal 0 0 -1
    outer loop
      vertex 100.47351599669709 134.4609057281874 0.5
      vertex 100.39431904221777 136.0729967710887 0.5
      vertex 100.47351599669709 135.5390942718126 0.5
    endloop
  endfacet
  facet normal 0.4275550934303012 -0.9039892931234342 0
    outer loop
      vertex 92.895241121992 140.08133742881208 0.5
      vertex 92.40731794745702 139.85056695391594 0
      vertex 92.895241121992 140.08133742881208 0
    endloop
  endfacet
  facet normal 0.3368898533922115 -0.9415440651830239 0
    outer loop
      vertex 93.40343427510045 140.26317184652714 0.5
      vertex 92.895241121992 140.08133742881208 0
      vertex 93.40343427510045 140.26317184652714 0
    endloop
  endfacet
  facet normal 0.24298017990328402 -0.9700312531945388 0
    outer loop
      vertex 93.92700322891129 140.39431904221777 0.5
      vertex 93.40343427510045 140.26317184652714 0
      vertex 93.92700322891129 140.39431904221777 0
    endloop
  endfacet
  facet normal 0.14673047445533433 -0.9891765099647851 0
    outer loop
      vertex 94.46090572818741 140.47351599669707 0.5
      vertex 93.92700322891129 140.39431904221777 0
      vertex 94.46090572818741 140.47351599669707 0
    endloop
  endfacet
  facet normal 0.049067674327433856 -0.9987954562051715 0
    outer loop
      vertex 95 140.5 0.5
      vertex 94.46090572818741 140.47351599669707 0
      vertex 95 140.5 0
    endloop
  endfacet
  facet normal -0.049067674327433856 -0.9987954562051715 0
    outer loop
      vertex 95.53909427181259 140.47351599669707 0.5
      vertex 95 140.5 0
      vertex 95.53909427181259 140.47351599669707 0
    endloop
  endfacet
  facet normal -0.14673047445533433 -0.9891765099647851 0
    outer loop
      vertex 96.07299677108871 140.39431904221777 0.5
      vertex 95.53909427181259 140.47351599669707 0
      vertex 96.07299677108871 140.39431904221777 0
    endloop
  endfacet
  facet normal -0.24298017990328402 -0.9700312531945388 0
    outer loop
      vertex 96.59656572489955 140.26317184652714 0.5
      vertex 96.07299677108871 140.39431904221777 0
      vertex 96.59656572489955 140.26317184652714 0
    endloop
  endfacet
  facet normal -0.3368898533922115 -0.9415440651830239 0
    outer loop
      vertex 97.104758878008 140.08133742881208 0.5
      vertex 96.59656572489955 140.26317184652714 0
      vertex 97.104758878008 140.08133742881208 0
    endloop
  endfacet
  facet normal 0.3368898533922115 -0.9415440651830239 0
    outer loop
      vertex 92.895241121992 140.08133742881208 0.5
      vertex 92.895241121992 140.08133742881208 0
      vertex 93.40343427510045 140.26317184652714 0.5
    endloop
  endfacet
  facet normal 0.24298017990328402 -0.9700312531945388 0
    outer loop
      vertex 93.40343427510045 140.26317184652714 0.5
      vertex 93.40343427510045 140.26317184652714 0
      vertex 93.92700322891129 140.39431904221777 0.5
    endloop
  endfacet
  facet normal 0.14673047445533433 -0.9891765099647851 0
    outer loop
      vertex 93.92700322891129 140.39431904221777 0.5
      vertex 93.92700322891129 140.39431904221777 0
      vertex 94.46090572818741 140.47351599669707 0.5
    endloop
  endfacet
  facet normal 0.049067674327433856 -0.9987954562051715 0
    outer loop
      vertex 94.46090572818741 140.47351599669707 0.5
      vertex 94.46090572818741 140.47351599669707 0
      vertex 95 140.5 0.5
    endloop
  endfacet
  facet normal -0.049067674327433856 -0.9987954562051715 0
    outer loop
      vertex 95 140.5 0.5
      vertex 95 140.5 0
      vertex 95.53909427181259 140.47351599669707 0.5
    endloop
  endfacet
  facet normal -0.14673047445533433 -0.9891765099647851 0
    outer loop
      vertex 95.53909427181259 140.47351599669707 0.5
      vertex 95.53909427181259 140.47351599669707 0
      vertex 96.07299677108871 140.39431904221777 0.5
    endloop
  endfacet
  facet normal -0.24298017990328402 -0.9700312531945388 0
    outer loop
      vertex 96.07299677108871 140.39431904221777 0.5
      vertex 96.07299677108871 140.39431904221777 0
      vertex 96.59656572489955 140.26317184652714 0.5
    endloop
  endfacet
  facet normal -0.3368898533922115 -0.9415440651830239 -8.422570221484545e-18
    outer loop
      vertex 97.104758878008 140.08133742881208 0.5
      vertex 96.59656572489955 140.26317184652714 0.5
      vertex 96.59656572489955 140.26317184652714 0
    endloop
  endfacet
  facet normal -0.4275550934303012 -0.9039892931234342 0
    outer loop
      vertex 97.104758878008 140.08133742881208 0.5
      vertex 97.104758878008 140.08133742881208 0
      vertex 97.59268205254298 139.85056695391594 0.5
    endloop
  endfacet
  facet normal 0.9039892931234439 0.4275550934302809 0
    outer loop
      vertex 28.52179274798194 0.6377065082158563 2.5
      vertex 28.58892597704263 0.4957652210784037 0
      vertex 28.52179274798194 0.6377065082158563 0
    endloop
  endfacet
  facet normal 0.9700312531945402 0.24298017990327908 0
    outer loop
      vertex 28.43074355135483 0.9378554847741948 2.5
      vertex 28.468895462828467 0.7855445163928603 0
      vertex 28.43074355135483 0.9378554847741948 0
    endloop
  endfacet
  facet normal 0.9415440651830238 0.3368898533922115 0
    outer loop
      vertex 28.468895462828467 0.7855445163928603 2.5
      vertex 28.52179274798194 0.6377065082158563 0
      vertex 28.468895462828467 0.7855445163928603 0
    endloop
  endfacet
  facet normal 0.9891765099647806 0.14673047445536455 0
    outer loop
      vertex 28.407704437324483 1.093172575472703 2.5
      vertex 28.43074355135483 0.9378554847741948 0
      vertex 28.407704437324483 1.093172575472703 0
    endloop
  endfacet
  facet normal 0.9987954562051725 0.049067674327415337 0
    outer loop
      vertex 28.4 1.25 2.5
      vertex 28.407704437324483 1.093172575472703 0
      vertex 28.4 1.25 0
    endloop
  endfacet
  facet normal 0.7409511253549639 0.671558954847013 0
    outer loop
      vertex 28.76318327461962 0.2349707453381671 2.5
      vertex 28.868629150101523 0.11862915010152375 0
      vertex 28.76318327461962 0.2349707453381671 0
    endloop
  endfacet
  facet normal 0.8577286100002667 0.5141027441932305 0
    outer loop
      vertex 28.58892597704263 0.4957652210784037 2.5
      vertex 28.66964862031593 0.3610876271686365 0
      vertex 28.58892597704263 0.4957652210784037 0
    endloop
  endfacet
  facet normal 0.8032075314806488 0.5956993044924282 0
    outer loop
      vertex 28.66964862031593 0.3610876271686365 2.5
      vertex 28.76318327461962 0.2349707453381671 0
      vertex 28.66964862031593 0.3610876271686365 0
    endloop
  endfacet
  facet normal 0.6715589548470149 0.7409511253549623 0
    outer loop
      vertex 28.868629150101523 0.11862915010152375 2.5
      vertex 28.984970745338167 0.013183274619620766 0
      vertex 28.868629150101523 0.11862915010152375 0
    endloop
  endfacet
  facet normal 0.595699304492415 0.8032075314806585 -8.607084869790932e-21
    outer loop
      vertex 28.984970745338167 0.013183274619620766 0
      vertex 29.002746333431357 0 2.5
      vertex 29.002746333431357 0 0
    endloop
  endfacet
  facet normal 0.9987954562051725 -0.049067674327415337 0
    outer loop
      vertex 28.407704437324483 1.406827424527297 2.5
      vertex 28.4 1.25 0
      vertex 28.407704437324483 1.406827424527297 0
    endloop
  endfacet
  facet normal 0.9891765099647806 -0.14673047445536466 0
    outer loop
      vertex 28.43074355135483 1.562144515225805 2.5
      vertex 28.407704437324483 1.406827424527297 0
      vertex 28.43074355135483 1.562144515225805 0
    endloop
  endfacet
  facet normal 0.9700312531945403 -0.24298017990327891 0
    outer loop
      vertex 28.468895462828467 1.7144554836071397 2.5
      vertex 28.43074355135483 1.562144515225805 0
      vertex 28.468895462828467 1.7144554836071397 0
    endloop
  endfacet
  facet normal 0.9415440651830239 -0.33688985339221134 0
    outer loop
      vertex 28.52179274798194 1.8622934917841438 2.5
      vertex 28.468895462828467 1.7144554836071397 0
      vertex 28.52179274798194 1.8622934917841438 0
    endloop
  endfacet
  facet normal 0.9039892931234439 -0.4275550934302809 0
    outer loop
      vertex 28.58892597704263 2.0042347789215964 2.5
      vertex 28.52179274798194 1.8622934917841438 0
      vertex 28.58892597704263 2.0042347789215964 0
    endloop
  endfacet
  facet normal 0.8577286100002667 -0.5141027441932309 0
    outer loop
      vertex 28.66964862031593 2.1389123728313635 2.5
      vertex 28.58892597704263 2.0042347789215964 0
      vertex 28.66964862031593 2.1389123728313635 0
    endloop
  endfacet
  facet normal 0.8032075314806493 -0.5956993044924275 0
    outer loop
      vertex 28.76318327461962 2.265029254661833 2.5
      vertex 28.66964862031593 2.1389123728313635 0
      vertex 28.76318327461962 2.265029254661833 0
    endloop
  endfacet
  facet normal 0.7409511253549639 -0.671558954847013 0
    outer loop
      vertex 28.868629150101523 2.3813708498984765 2.5
      vertex 28.76318327461962 2.265029254661833 0
      vertex 28.868629150101523 2.3813708498984765 0
    endloop
  endfacet
  facet normal 0.6715589548470133 -0.7409511253549637 0
    outer loop
      vertex 28.984970745338167 2.486816725380379 2.5
      vertex 28.868629150101523 2.3813708498984765 0
      vertex 28.984970745338167 2.486816725380379 0
    endloop
  endfacet
  facet normal 0.5956993044924329 -0.8032075314806452 0
    outer loop
      vertex 29.111087627168637 2.5803513796840725 2.5
      vertex 28.984970745338167 2.486816725380379 0
      vertex 29.111087627168637 2.5803513796840725 0
    endloop
  endfacet
  facet normal 0.5141027441932213 -0.8577286100002722 0
    outer loop
      vertex 29.245765221078404 2.661074022957368 2.5
      vertex 29.111087627168637 2.5803513796840725 0
      vertex 29.245765221078404 2.661074022957368 0
    endloop
  endfacet
  facet normal 0.4275550934302833 -0.9039892931234429 0
    outer loop
      vertex 29.387706508215857 2.728207252018059 2.5
      vertex 29.245765221078404 2.661074022957368 0
      vertex 29.387706508215857 2.728207252018059 0
    endloop
  endfacet
  facet normal 0.33688985339221633 -0.9415440651830221 0
    outer loop
      vertex 29.53554451639286 2.781104537171534 2.5
      vertex 29.387706508215857 2.728207252018059 0
      vertex 29.53554451639286 2.781104537171534 0
    endloop
  endfacet
  facet normal 0.24298017990326892 -0.9700312531945428 0
    outer loop
      vertex 29.687855484774193 2.8192564486451688 2.5
      vertex 29.53554451639286 2.781104537171534 0
      vertex 29.687855484774193 2.8192564486451688 0
    endloop
  endfacet
  facet normal 0.14673047445536003 -0.9891765099647811 0
    outer loop
      vertex 29.843172575472703 2.842295562675515 2.5
      vertex 29.687855484774193 2.8192564486451688 0
      vertex 29.843172575472703 2.842295562675515 0
    endloop
  endfacet
  facet normal 0.04906767432741823 -0.9987954562051724 0
    outer loop
      vertex 30 2.85 2.5
      vertex 29.843172575472703 2.842295562675515 0
      vertex 30 2.85 0
    endloop
  endfacet
  facet normal -0.595699304492415 0.8032075314806585 8.607084869790932e-21
    outer loop
      vertex 30.997253666568643 0 0
      vertex 31.015029254661833 0.013183274619620766 2.5
      vertex 31.015029254661833 0.013183274619620766 0
    endloop
  endfacet
  facet normal -0.6715589548470149 0.7409511253549623 0
    outer loop
      vertex 31.015029254661833 0.013183274619620766 2.5
      vertex 31.131370849898477 0.11862915010152375 0
      vertex 31.015029254661833 0.013183274619620766 0
    endloop
  endfacet
  facet normal -0.7409511253549639 0.671558954847013 0
    outer loop
      vertex 31.131370849898477 0.11862915010152375 0
      vertex 31.131370849898477 0.11862915010152375 2.5
      vertex 31.23681672538038 0.2349707453381671 0
    endloop
  endfacet
  facet normal -0.8032075314806488 0.5956993044924282 0
    outer loop
      vertex 31.23681672538038 0.2349707453381671 2.5
      vertex 31.33035137968407 0.3610876271686365 0
      vertex 31.23681672538038 0.2349707453381671 0
    endloop
  endfacet
  facet normal -0.8577286100002667 0.5141027441932305 0
    outer loop
      vertex 31.33035137968407 0.3610876271686365 2.5
      vertex 31.41107402295737 0.4957652210784037 0
      vertex 31.33035137968407 0.3610876271686365 0
    endloop
  endfacet
  facet normal -0.9039892931234439 0.4275550934302809 0
    outer loop
      vertex 31.41107402295737 0.4957652210784037 2.5
      vertex 31.47820725201806 0.6377065082158563 0
      vertex 31.41107402295737 0.4957652210784037 0
    endloop
  endfacet
  facet normal -0.9415440651830238 0.3368898533922115 0
    outer loop
      vertex 31.47820725201806 0.6377065082158563 2.5
      vertex 31.531104537171533 0.7855445163928603 0
      vertex 31.47820725201806 0.6377065082158563 0
    endloop
  endfacet
  facet normal -0.9700312531945402 0.24298017990327908 0
    outer loop
      vertex 31.531104537171533 0.7855445163928603 2.5
      vertex 31.56925644864517 0.9378554847741948 0
      vertex 31.531104537171533 0.7855445163928603 0
    endloop
  endfacet
  facet normal -0.9891765099647806 0.14673047445536455 0
    outer loop
      vertex 31.56925644864517 0.9378554847741948 2.5
      vertex 31.592295562675517 1.093172575472703 0
      vertex 31.56925644864517 0.9378554847741948 0
    endloop
  endfacet
  facet normal -0.9987954562051725 0.049067674327415337 0
    outer loop
      vertex 31.592295562675517 1.093172575472703 2.5
      vertex 31.6 1.25 0
      vertex 31.592295562675517 1.093172575472703 0
    endloop
  endfacet
  facet normal -0.6715589548470133 -0.7409511253549637 -1.792311351560637e-18
    outer loop
      vertex 31.015029254661833 2.486816725380379 0
      vertex 31.131370849898477 2.3813708498984765 0
      vertex 31.131370849898477 2.3813708498984765 2.5
    endloop
  endfacet
  facet normal -0.8577286100002667 -0.5141027441932309 0
    outer loop
      vertex 31.41107402295737 2.0042347789215964 2.5
      vertex 31.33035137968407 2.1389123728313635 0
      vertex 31.41107402295737 2.0042347789215964 0
    endloop
  endfacet
  facet normal -0.8032075314806493 -0.5956993044924275 0
    outer loop
      vertex 31.33035137968407 2.1389123728313635 2.5
      vertex 31.23681672538038 2.265029254661833 0
      vertex 31.33035137968407 2.1389123728313635 0
    endloop
  endfacet
  facet normal -0.7409511253549639 -0.671558954847013 0
    outer loop
      vertex 31.23681672538038 2.265029254661833 2.5
      vertex 31.131370849898477 2.3813708498984765 0
      vertex 31.23681672538038 2.265029254661833 0
    endloop
  endfacet
  facet normal -0.9987954562051725 -0.049067674327415337 0
    outer loop
      vertex 31.6 1.25 2.5
      vertex 31.592295562675517 1.406827424527297 0
      vertex 31.6 1.25 0
    endloop
  endfacet
  facet normal -0.9891765099647806 -0.14673047445536466 0
    outer loop
      vertex 31.592295562675517 1.406827424527297 2.5
      vertex 31.56925644864517 1.562144515225805 0
      vertex 31.592295562675517 1.406827424527297 0
    endloop
  endfacet
  facet normal -0.9415440651830239 -0.33688985339221134 0
    outer loop
      vertex 31.531104537171533 1.7144554836071397 2.5
      vertex 31.47820725201806 1.8622934917841438 0
      vertex 31.531104537171533 1.7144554836071397 0
    endloop
  endfacet
  facet normal -0.9700312531945403 -0.24298017990327891 0
    outer loop
      vertex 31.56925644864517 1.562144515225805 2.5
      vertex 31.531104537171533 1.7144554836071397 0
      vertex 31.56925644864517 1.562144515225805 0
    endloop
  endfacet
  facet normal -0.9039892931234439 -0.4275550934302809 0
    outer loop
      vertex 31.47820725201806 1.8622934917841438 2.5
      vertex 31.41107402295737 2.0042347789215964 0
      vertex 31.47820725201806 1.8622934917841438 0
    endloop
  endfacet
  facet normal -0.04906767432741823 -0.9987954562051724 0
    outer loop
      vertex 30.156827424527297 2.842295562675515 2.5
      vertex 30 2.85 0
      vertex 30.156827424527297 2.842295562675515 0
    endloop
  endfacet
  facet normal -0.24298017990326892 -0.9700312531945428 0
    outer loop
      vertex 30.46445548360714 2.781104537171534 2.5
      vertex 30.312144515225807 2.8192564486451688 0
      vertex 30.46445548360714 2.781104537171534 0
    endloop
  endfacet
  facet normal -0.14673047445536003 -0.9891765099647811 0
    outer loop
      vertex 30.312144515225807 2.8192564486451688 2.5
      vertex 30.156827424527297 2.842295562675515 0
      vertex 30.312144515225807 2.8192564486451688 0
    endloop
  endfacet
  facet normal -0.33688985339221633 -0.9415440651830221 0
    outer loop
      vertex 30.612293491784143 2.728207252018059 2.5
      vertex 30.46445548360714 2.781104537171534 0
      vertex 30.612293491784143 2.728207252018059 0
    endloop
  endfacet
  facet normal -0.4275550934302833 -0.9039892931234429 0
    outer loop
      vertex 30.754234778921596 2.661074022957368 2.5
      vertex 30.612293491784143 2.728207252018059 0
      vertex 30.754234778921596 2.661074022957368 0
    endloop
  endfacet
  facet normal -0.5141027441932213 -0.8577286100002722 0
    outer loop
      vertex 30.888912372831363 2.5803513796840725 2.5
      vertex 30.754234778921596 2.661074022957368 0
      vertex 30.888912372831363 2.5803513796840725 0
    endloop
  endfacet
  facet normal -0.5956993044924329 -0.8032075314806452 0
    outer loop
      vertex 31.015029254661833 2.486816725380379 2.5
      vertex 30.888912372831363 2.5803513796840725 0
      vertex 31.015029254661833 2.486816725380379 0
    endloop
  endfacet
  facet normal 0.9039892931234439 0.4275550934302809 1.1479548558654458e-18
    outer loop
      vertex 28.52179274798194 0.6377065082158563 2.5
      vertex 28.58892597704263 0.4957652210784037 2.5
      vertex 28.58892597704263 0.4957652210784037 0
    endloop
  endfacet
  facet normal 0.9700312531945402 0.24298017990327908 3.1743557125259207e-19
    outer loop
      vertex 28.43074355135483 0.9378554847741948 2.5
      vertex 28.468895462828467 0.7855445163928603 2.5
      vertex 28.468895462828467 0.7855445163928603 0
    endloop
  endfacet
  facet normal 0.9415440651830238 0.3368898533922115 3.1351153535183785e-19
    outer loop
      vertex 28.468895462828467 0.7855445163928603 2.5
      vertex 28.52179274798194 0.6377065082158563 2.5
      vertex 28.52179274798194 0.6377065082158563 0
    endloop
  endfacet
  facet normal 0.9891765099647806 0.14673047445536455 3.885628021167976e-19
    outer loop
      vertex 28.407704437324483 1.093172575472703 2.5
      vertex 28.43074355135483 0.9378554847741948 2.5
      vertex 28.43074355135483 0.9378554847741948 0
    endloop
  endfacet
  facet normal 0.9987954562051725 0.049067674327415337 -2.0531328765176883e-20
    outer loop
      vertex 28.4 1.25 2.5
      vertex 28.407704437324483 1.093172575472703 2.5
      vertex 28.407704437324483 1.093172575472703 0
    endloop
  endfacet
  facet normal 0.8032075314806488 0.5956993044924282 -4.029850770250026e-19
    outer loop
      vertex 28.66964862031593 0.3610876271686365 2.5
      vertex 28.76318327461962 0.2349707453381671 2.5
      vertex 28.76318327461962 0.2349707453381671 0
    endloop
  endfacet
  facet normal 0.8577286100002667 0.5141027441932305 1.4579193444814095e-19
    outer loop
      vertex 28.58892597704263 0.4957652210784037 2.5
      vertex 28.66964862031593 0.3610876271686365 2.5
      vertex 28.66964862031593 0.3610876271686365 0
    endloop
  endfacet
  facet normal 0.7409511253549639 0.671558954847013 6.611686633065961e-19
    outer loop
      vertex 28.76318327461962 0.2349707453381671 2.5
      vertex 28.868629150101523 0.11862915010152375 2.5
      vertex 28.868629150101523 0.11862915010152375 0
    endloop
  endfacet
  facet normal 0.6715589548470149 0.7409511253549623 0
    outer loop
      vertex 28.984970745338167 0.013183274619620766 2.5
      vertex 28.984970745338167 0.013183274619620766 0
      vertex 28.868629150101523 0.11862915010152375 2.5
    endloop
  endfacet
  facet normal 0.595699304492415 0.8032075314806585 0
    outer loop
      vertex 28.984970745338167 0.013183274619620766 2.5
      vertex 29.002746333431357 0 2.5
      vertex 28.984970745338167 0.013183274619620766 0
    endloop
  endfacet
  facet normal 0.9987954562051725 -0.049067674327415337 2.0531328765176883e-20
    outer loop
      vertex 28.407704437324483 1.406827424527297 2.5
      vertex 28.4 1.25 2.5
      vertex 28.4 1.25 0
    endloop
  endfacet
  facet normal 0.9891765099647806 -0.14673047445536466 -2.7588748118012063e-19
    outer loop
      vertex 28.43074355135483 1.562144515225805 2.5
      vertex 28.407704437324483 1.406827424527297 2.5
      vertex 28.407704437324483 1.406827424527297 0
    endloop
  endfacet
  facet normal 0.9700312531945403 -0.24298017990327891 -5.749769062009666e-19
    outer loop
      vertex 28.468895462828467 1.7144554836071397 2.5
      vertex 28.43074355135483 1.562144515225805 2.5
      vertex 28.43074355135483 1.562144515225805 0
    endloop
  endfacet
  facet normal 0.9415440651830239 -0.33688985339221134 1.3897686103583067e-18
    outer loop
      vertex 28.52179274798194 1.8622934917841438 2.5
      vertex 28.468895462828467 1.7144554836071397 2.5
      vertex 28.468895462828467 1.7144554836071397 0
    endloop
  endfacet
  facet normal 0.9039892931234439 -0.4275550934302809 -1.1479548558654458e-18
    outer loop
      vertex 28.58892597704263 2.0042347789215964 2.5
      vertex 28.52179274798194 1.8622934917841438 2.5
      vertex 28.52179274798194 1.8622934917841438 0
    endloop
  endfacet
  facet normal 0.8577286100002667 -0.5141027441932309 -8.804821891088367e-19
    outer loop
      vertex 28.66964862031593 2.1389123728313635 2.5
      vertex 28.58892597704263 2.0042347789215964 2.5
      vertex 28.58892597704263 2.0042347789215964 0
    endloop
  endfacet
  facet normal 0.8032075314806493 -0.5956993044924275 2.8117282814012403e-19
    outer loop
      vertex 28.76318327461962 2.265029254661833 2.5
      vertex 28.66964862031593 2.1389123728313635 2.5
      vertex 28.66964862031593 2.1389123728313635 0
    endloop
  endfacet
  facet normal 0.7409511253549639 -0.671558954847013 -6.611686633065961e-19
    outer loop
      vertex 28.868629150101523 2.3813708498984765 2.5
      vertex 28.76318327461962 2.265029254661833 2.5
      vertex 28.76318327461962 2.265029254661833 0
    endloop
  endfacet
  facet normal 0.6715589548470133 -0.7409511253549637 0
    outer loop
      vertex 28.868629150101523 2.3813708498984765 2.5
      vertex 28.868629150101523 2.3813708498984765 0
      vertex 28.984970745338167 2.486816725380379 2.5
    endloop
  endfacet
  facet normal 0.5956993044924329 -0.8032075314806452 0
    outer loop
      vertex 28.984970745338167 2.486816725380379 2.5
      vertex 28.984970745338167 2.486816725380379 0
      vertex 29.111087627168637 2.5803513796840725 2.5
    endloop
  endfacet
  facet normal 0.5141027441932213 -0.8577286100002722 0
    outer loop
      vertex 29.111087627168637 2.5803513796840725 2.5
      vertex 29.111087627168637 2.5803513796840725 0
      vertex 29.245765221078404 2.661074022957368 2.5
    endloop
  endfacet
  facet normal 0.4275550934302833 -0.9039892931234429 0
    outer loop
      vertex 29.245765221078404 2.661074022957368 2.5
      vertex 29.245765221078404 2.661074022957368 0
      vertex 29.387706508215857 2.728207252018059 2.5
    endloop
  endfacet
  facet normal 0.33688985339221633 -0.9415440651830221 0
    outer loop
      vertex 29.387706508215857 2.728207252018059 2.5
      vertex 29.387706508215857 2.728207252018059 0
      vertex 29.53554451639286 2.781104537171534 2.5
    endloop
  endfacet
  facet normal 0.24298017990326892 -0.9700312531945428 0
    outer loop
      vertex 29.53554451639286 2.781104537171534 2.5
      vertex 29.53554451639286 2.781104537171534 0
      vertex 29.687855484774193 2.8192564486451688 2.5
    endloop
  endfacet
  facet normal 0.14673047445536003 -0.9891765099647811 0
    outer loop
      vertex 29.687855484774193 2.8192564486451688 2.5
      vertex 29.687855484774193 2.8192564486451688 0
      vertex 29.843172575472703 2.842295562675515 2.5
    endloop
  endfacet
  facet normal 0.04906767432741823 -0.9987954562051724 0
    outer loop
      vertex 29.843172575472703 2.842295562675515 2.5
      vertex 29.843172575472703 2.842295562675515 0
      vertex 30 2.85 2.5
    endloop
  endfacet
  facet normal -0.595699304492415 0.8032075314806585 8.607084869790932e-21
    outer loop
      vertex 31.015029254661833 0.013183274619620766 2.5
      vertex 30.997253666568643 0 0
      vertex 30.997253666568643 0 2.5
    endloop
  endfacet
  facet normal -0.6715589548470149 0.7409511253549623 0
    outer loop
      vertex 31.131370849898477 0.11862915010152375 2.5
      vertex 31.131370849898477 0.11862915010152375 0
      vertex 31.015029254661833 0.013183274619620766 2.5
    endloop
  endfacet
  facet normal -0.7409511253549639 0.671558954847013 -6.611686633065961e-19
    outer loop
      vertex 31.131370849898477 0.11862915010152375 2.5
      vertex 31.23681672538038 0.2349707453381671 2.5
      vertex 31.23681672538038 0.2349707453381671 0
    endloop
  endfacet
  facet normal -0.8032075314806488 0.5956993044924282 4.029850770250026e-19
    outer loop
      vertex 31.23681672538038 0.2349707453381671 2.5
      vertex 31.33035137968407 0.3610876271686365 2.5
      vertex 31.33035137968407 0.3610876271686365 0
    endloop
  endfacet
  facet normal -0.8577286100002667 0.5141027441932305 -1.4579193444814095e-19
    outer loop
      vertex 31.33035137968407 0.3610876271686365 2.5
      vertex 31.41107402295737 0.4957652210784037 2.5
      vertex 31.41107402295737 0.4957652210784037 0
    endloop
  endfacet
  facet normal -0.9039892931234439 0.4275550934302809 -1.1479548558654458e-18
    outer loop
      vertex 31.41107402295737 0.4957652210784037 2.5
      vertex 31.47820725201806 0.6377065082158563 2.5
      vertex 31.47820725201806 0.6377065082158563 0
    endloop
  endfacet
  facet normal -0.9415440651830238 0.3368898533922115 -3.1351153535183785e-19
    outer loop
      vertex 31.47820725201806 0.6377065082158563 2.5
      vertex 31.531104537171533 0.7855445163928603 2.5
      vertex 31.531104537171533 0.7855445163928603 0
    endloop
  endfacet
  facet normal -0.9700312531945402 0.24298017990327908 -3.1743557125259207e-19
    outer loop
      vertex 31.531104537171533 0.7855445163928603 2.5
      vertex 31.56925644864517 0.9378554847741948 2.5
      vertex 31.56925644864517 0.9378554847741948 0
    endloop
  endfacet
  facet normal -0.9891765099647806 0.14673047445536455 -3.885628021167976e-19
    outer loop
      vertex 31.56925644864517 0.9378554847741948 2.5
      vertex 31.592295562675517 1.093172575472703 2.5
      vertex 31.592295562675517 1.093172575472703 0
    endloop
  endfacet
  facet normal -0.9987954562051725 0.049067674327415337 2.0531328765176883e-20
    outer loop
      vertex 31.592295562675517 1.093172575472703 2.5
      vertex 31.6 1.25 2.5
      vertex 31.6 1.25 0
    endloop
  endfacet
  facet normal -0.6715589548470133 -0.7409511253549637 0
    outer loop
      vertex 31.015029254661833 2.486816725380379 2.5
      vertex 31.015029254661833 2.486816725380379 0
      vertex 31.131370849898477 2.3813708498984765 2.5
    endloop
  endfacet
  facet normal -0.7409511253549639 -0.671558954847013 6.611686633065961e-19
    outer loop
      vertex 31.23681672538038 2.265029254661833 2.5
      vertex 31.131370849898477 2.3813708498984765 2.5
      vertex 31.131370849898477 2.3813708498984765 0
    endloop
  endfacet
  facet normal -0.8577286100002667 -0.5141027441932309 8.804821891088367e-19
    outer loop
      vertex 31.41107402295737 2.0042347789215964 2.5
      vertex 31.33035137968407 2.1389123728313635 2.5
      vertex 31.33035137968407 2.1389123728313635 0
    endloop
  endfacet
  facet normal -0.8032075314806493 -0.5956993044924275 -2.8117282814012403e-19
    outer loop
      vertex 31.33035137968407 2.1389123728313635 2.5
      vertex 31.23681672538038 2.265029254661833 2.5
      vertex 31.23681672538038 2.265029254661833 0
    endloop
  endfacet
  facet normal -0.9987954562051725 -0.049067674327415337 -2.0531328765176883e-20
    outer loop
      vertex 31.6 1.25 2.5
      vertex 31.592295562675517 1.406827424527297 2.5
      vertex 31.592295562675517 1.406827424527297 0
    endloop
  endfacet
  facet normal -0.9891765099647806 -0.14673047445536466 2.7588748118012063e-19
    outer loop
      vertex 31.592295562675517 1.406827424527297 2.5
      vertex 31.56925644864517 1.562144515225805 2.5
      vertex 31.56925644864517 1.562144515225805 0
    endloop
  endfacet
  facet normal -0.9415440651830239 -0.33688985339221134 -1.3897686103583067e-18
    outer loop
      vertex 31.531104537171533 1.7144554836071397 2.5
      vertex 31.47820725201806 1.8622934917841438 2.5
      vertex 31.47820725201806 1.8622934917841438 0
    endloop
  endfacet
  facet normal -0.9700312531945403 -0.24298017990327891 5.749769062009666e-19
    outer loop
      vertex 31.56925644864517 1.562144515225805 2.5
      vertex 31.531104537171533 1.7144554836071397 2.5
      vertex 31.531104537171533 1.7144554836071397 0
    endloop
  endfacet
  facet normal -0.9039892931234439 -0.4275550934302809 1.1479548558654458e-18
    outer loop
      vertex 31.47820725201806 1.8622934917841438 2.5
      vertex 31.41107402295737 2.0042347789215964 2.5
      vertex 31.41107402295737 2.0042347789215964 0
    endloop
  endfacet
  facet normal -0.04906767432741823 -0.9987954562051724 0
    outer loop
      vertex 30 2.85 2.5
      vertex 30 2.85 0
      vertex 30.156827424527297 2.842295562675515 2.5
    endloop
  endfacet
  facet normal -0.14673047445536003 -0.9891765099647811 0
    outer loop
      vertex 30.156827424527297 2.842295562675515 2.5
      vertex 30.156827424527297 2.842295562675515 0
      vertex 30.312144515225807 2.8192564486451688 2.5
    endloop
  endfacet
  facet normal -0.24298017990326892 -0.9700312531945428 0
    outer loop
      vertex 30.312144515225807 2.8192564486451688 2.5
      vertex 30.312144515225807 2.8192564486451688 0
      vertex 30.46445548360714 2.781104537171534 2.5
    endloop
  endfacet
  facet normal -0.33688985339221633 -0.9415440651830221 0
    outer loop
      vertex 30.46445548360714 2.781104537171534 2.5
      vertex 30.46445548360714 2.781104537171534 0
      vertex 30.612293491784143 2.728207252018059 2.5
    endloop
  endfacet
  facet normal -0.4275550934302833 -0.9039892931234429 0
    outer loop
      vertex 30.612293491784143 2.728207252018059 2.5
      vertex 30.612293491784143 2.728207252018059 0
      vertex 30.754234778921596 2.661074022957368 2.5
    endloop
  endfacet
  facet normal -0.5141027441932213 -0.8577286100002722 0
    outer loop
      vertex 30.754234778921596 2.661074022957368 2.5
      vertex 30.754234778921596 2.661074022957368 0
      vertex 30.888912372831363 2.5803513796840725 2.5
    endloop
  endfacet
  facet normal -0.5956993044924329 -0.8032075314806452 0
    outer loop
      vertex 30.888912372831363 2.5803513796840725 2.5
      vertex 30.888912372831363 2.5803513796840725 0
      vertex 31.015029254661833 2.486816725380379 2.5
    endloop
  endfacet
  facet normal 0.5956993044923837 0.8032075314806817 0
    outer loop
      vertex 88.98497074533817 157.51318327461962 0
      vertex 88.98497074533817 157.51318327461962 2.5
      vertex 89.11108762716864 157.41964862031594 0
    endloop
  endfacet
  facet normal 0.5141027441932929 0.8577286100002295 0
    outer loop
      vertex 89.11108762716864 157.41964862031594 0
      vertex 89.11108762716864 157.41964862031594 2.5
      vertex 89.2457652210784 157.33892597704263 0
    endloop
  endfacet
  facet normal 0.42755509343025366 0.9039892931234567 0
    outer loop
      vertex 89.2457652210784 157.33892597704263 0
      vertex 89.2457652210784 157.33892597704263 2.5
      vertex 89.38770650821586 157.27179274798195 0
    endloop
  endfacet
  facet normal 0.3368898533922313 0.9415440651830167 0
    outer loop
      vertex 89.38770650821586 157.27179274798195 0
      vertex 89.38770650821586 157.27179274798195 2.5
      vertex 89.53554451639286 157.21889546282847 0
    endloop
  endfacet
  facet normal 0.1467304744552234 0.9891765099648016 0
    outer loop
      vertex 89.68785548477419 157.18074355135482 0
      vertex 89.68785548477419 157.18074355135482 2.5
      vertex 89.8431725754727 157.1577044373245 0
    endloop
  endfacet
  facet normal 0.24298017990335144 0.970031253194522 0
    outer loop
      vertex 89.53554451639286 157.21889546282847 0
      vertex 89.53554451639286 157.21889546282847 2.5
      vertex 89.68785548477419 157.18074355135482 0
    endloop
  endfacet
  facet normal 0.04906767432746166 0.9987954562051703 0
    outer loop
      vertex 89.8431725754727 157.1577044373245 0
      vertex 89.8431725754727 157.1577044373245 2.5
      vertex 90 157.15 0
    endloop
  endfacet
  facet normal 0.9039892931234237 0.42755509343032366 1.6682192287109793e-18
    outer loop
      vertex 88.58892597704263 157.99576522107841 0
      vertex 88.52179274798195 158.13770650821584 0
      vertex 88.52179274798195 158.13770650821584 2.5
    endloop
  endfacet
  facet normal 0.9700312531945434 0.24298017990326629 1.437706979394925e-19
    outer loop
      vertex 88.46889546282847 158.28554451639286 0
      vertex 88.43074355135484 158.4378554847742 0
      vertex 88.43074355135484 158.4378554847742 2.5
    endloop
  endfacet
  facet normal 0.941544065183027 0.3368898533922027 -1.861743605486092e-18
    outer loop
      vertex 88.52179274798195 158.13770650821584 0
      vertex 88.46889546282847 158.28554451639286 0
      vertex 88.46889546282847 158.28554451639286 2.5
    endloop
  endfacet
  facet normal 0.9891765099647732 0.14673047445541365 -1.7333331143251973e-19
    outer loop
      vertex 88.43074355135484 158.4378554847742 0
      vertex 88.40770443732448 158.5931725754727 0
      vertex 88.40770443732448 158.5931725754727 2.5
    endloop
  endfacet
  facet normal 0.9987954562051748 0.04906767432736694 4.679942420478265e-20
    outer loop
      vertex 88.40770443732448 158.5931725754727 0
      vertex 88.4 158.75 0
      vertex 88.4 158.75 2.5
    endloop
  endfacet
  facet normal 0.7409511253549246 0.6715589548470564 -1.0906789744233583e-18
    outer loop
      vertex 88.86862915010153 157.61862915010153 0
      vertex 88.76318327461962 157.73497074533816 0
      vertex 88.76318327461962 157.73497074533816 2.5
    endloop
  endfacet
  facet normal 0.8032075314806706 0.5956993044923988 1.8256330637333277e-18
    outer loop
      vertex 88.76318327461962 157.73497074533816 0
      vertex 88.66964862031593 157.86108762716864 0
      vertex 88.66964862031593 157.86108762716864 2.5
    endloop
  endfacet
  facet normal 0.8577286100002933 0.5141027441931864 -6.465562521529739e-19
    outer loop
      vertex 88.66964862031593 157.86108762716864 0
      vertex 88.58892597704263 157.99576522107841 0
      vertex 88.58892597704263 157.99576522107841 2.5
    endloop
  endfacet
  facet normal 0.6715589548470113 0.7409511253549654 0
    outer loop
      vertex 88.86862915010153 157.61862915010153 0
      vertex 88.86862915010153 157.61862915010153 2.5
      vertex 88.98497074533817 157.51318327461962 0
    endloop
  endfacet
  facet normal 0.9987954562051748 -0.04906767432736694 -4.679942420478265e-20
    outer loop
      vertex 88.4 158.75 0
      vertex 88.40770443732448 158.9068274245273 0
      vertex 88.40770443732448 158.9068274245273 2.5
    endloop
  endfacet
  facet normal 0.9891765099647732 -0.14673047445541365 1.7333331143251973e-19
    outer loop
      vertex 88.40770443732448 158.9068274245273 0
      vertex 88.43074355135484 159.0621445152258 0
      vertex 88.43074355135484 159.0621445152258 2.5
    endloop
  endfacet
  facet normal 0.9700312531945434 -0.24298017990326629 -1.437706979394925e-19
    outer loop
      vertex 88.43074355135484 159.0621445152258 0
      vertex 88.46889546282847 159.21445548360714 0
      vertex 88.46889546282847 159.21445548360714 2.5
    endloop
  endfacet
  facet normal 0.941544065183027 -0.3368898533922027 1.861743605486092e-18
    outer loop
      vertex 88.46889546282847 159.21445548360714 0
      vertex 88.52179274798195 159.36229349178416 0
      vertex 88.52179274798195 159.36229349178416 2.5
    endloop
  endfacet
  facet normal 0.9039892931234237 -0.42755509343032366 -1.6682192287109793e-18
    outer loop
      vertex 88.52179274798195 159.36229349178416 0
      vertex 88.58892597704263 159.50423477892159 0
      vertex 88.58892597704263 159.50423477892159 2.5
    endloop
  endfacet
  facet normal 0.8577286100002933 -0.5141027441931864 6.465562521529739e-19
    outer loop
      vertex 88.58892597704263 159.50423477892159 0
      vertex 88.66964862031593 159.63891237283136 0
      vertex 88.66964862031593 159.63891237283136 2.5
    endloop
  endfacet
  facet normal 0.8032075314806706 -0.5956993044923988 -1.8256330637333277e-18
    outer loop
      vertex 88.66964862031593 159.63891237283136 0
      vertex 88.76318327461962 159.76502925466184 0
      vertex 88.76318327461962 159.76502925466184 2.5
    endloop
  endfacet
  facet normal 0.7409511253549246 -0.6715589548470564 1.0906789744233583e-18
    outer loop
      vertex 88.76318327461962 159.76502925466184 0
      vertex 88.86862915010153 159.88137084989847 0
      vertex 88.86862915010153 159.88137084989847 2.5
    endloop
  endfacet
  facet normal 0.5956993044924983 -0.8032075314805968 -1.58232514882958e-19
    outer loop
      vertex 89.00274633343136 160 0
      vertex 88.98497074533817 159.98681672538038 2.5
      vertex 88.98497074533817 159.98681672538038 0
    endloop
  endfacet
  facet normal 0.6715589548470113 -0.7409511253549654 0
    outer loop
      vertex 88.98497074533817 159.98681672538038 0
      vertex 88.98497074533817 159.98681672538038 2.5
      vertex 88.86862915010153 159.88137084989847 0
    endloop
  endfacet
  facet normal -0.04906767432746166 0.9987954562051703 0
    outer loop
      vertex 90 157.15 0
      vertex 90 157.15 2.5
      vertex 90.1568274245273 157.1577044373245 0
    endloop
  endfacet
  facet normal -0.1467304744552234 0.9891765099648016 0
    outer loop
      vertex 90.1568274245273 157.1577044373245 0
      vertex 90.1568274245273 157.1577044373245 2.5
      vertex 90.31214451522581 157.18074355135482 0
    endloop
  endfacet
  facet normal -0.24298017990335144 0.970031253194522 0
    outer loop
      vertex 90.31214451522581 157.18074355135482 0
      vertex 90.31214451522581 157.18074355135482 2.5
      vertex 90.46445548360714 157.21889546282847 0
    endloop
  endfacet
  facet normal -0.3368898533922313 0.9415440651830167 0
    outer loop
      vertex 90.46445548360714 157.21889546282847 0
      vertex 90.46445548360714 157.21889546282847 2.5
      vertex 90.61229349178414 157.27179274798195 0
    endloop
  endfacet
  facet normal -0.42755509343025366 0.9039892931234567 0
    outer loop
      vertex 90.61229349178414 157.27179274798195 0
      vertex 90.61229349178414 157.27179274798195 2.5
      vertex 90.7542347789216 157.33892597704263 0
    endloop
  endfacet
  facet normal -0.5141027441932929 0.8577286100002295 0
    outer loop
      vertex 90.7542347789216 157.33892597704263 0
      vertex 90.7542347789216 157.33892597704263 2.5
      vertex 90.88891237283136 157.41964862031594 0
    endloop
  endfacet
  facet normal -0.5956993044923837 0.8032075314806817 0
    outer loop
      vertex 90.88891237283136 157.41964862031594 0
      vertex 90.88891237283136 157.41964862031594 2.5
      vertex 91.01502925466183 157.51318327461962 0
    endloop
  endfacet
  facet normal -0.6715589548470113 0.7409511253549654 0
    outer loop
      vertex 91.01502925466183 157.51318327461962 0
      vertex 91.01502925466183 157.51318327461962 2.5
      vertex 91.13137084989847 157.61862915010153 0
    endloop
  endfacet
  facet normal -0.7409511253549246 0.6715589548470564 0
    outer loop
      vertex 91.13137084989847 157.61862915010153 0
      vertex 91.13137084989847 157.61862915010153 2.5
      vertex 91.23681672538038 157.73497074533816 0
    endloop
  endfacet
  facet normal -0.8032075314806706 0.5956993044923988 -1.8256330637333277e-18
    outer loop
      vertex 91.33035137968407 157.86108762716864 0
      vertex 91.23681672538038 157.73497074533816 0
      vertex 91.23681672538038 157.73497074533816 2.5
    endloop
  endfacet
  facet normal -0.8577286100002933 0.5141027441931864 6.465562521529739e-19
    outer loop
      vertex 91.41107402295737 157.99576522107841 0
      vertex 91.33035137968407 157.86108762716864 0
      vertex 91.33035137968407 157.86108762716864 2.5
    endloop
  endfacet
  facet normal -0.9039892931234237 0.42755509343032366 -1.6682192287109793e-18
    outer loop
      vertex 91.47820725201805 158.13770650821584 0
      vertex 91.41107402295737 157.99576522107841 0
      vertex 91.41107402295737 157.99576522107841 2.5
    endloop
  endfacet
  facet normal -0.941544065183027 0.3368898533922027 1.861743605486092e-18
    outer loop
      vertex 91.53110453717153 158.28554451639286 0
      vertex 91.47820725201805 158.13770650821584 0
      vertex 91.47820725201805 158.13770650821584 2.5
    endloop
  endfacet
  facet normal -0.9700312531945434 0.24298017990326629 -1.437706979394925e-19
    outer loop
      vertex 91.56925644864516 158.4378554847742 0
      vertex 91.53110453717153 158.28554451639286 0
      vertex 91.53110453717153 158.28554451639286 2.5
    endloop
  endfacet
  facet normal -0.9891765099647732 0.14673047445541365 1.7333331143251973e-19
    outer loop
      vertex 91.59229556267552 158.5931725754727 0
      vertex 91.56925644864516 158.4378554847742 0
      vertex 91.56925644864516 158.4378554847742 2.5
    endloop
  endfacet
  facet normal -0.9987954562051748 0.04906767432736694 -4.679942420478265e-20
    outer loop
      vertex 91.6 158.75 0
      vertex 91.59229556267552 158.5931725754727 0
      vertex 91.59229556267552 158.5931725754727 2.5
    endloop
  endfacet
  facet normal -0.5956993044924983 -0.8032075314805968 1.58232514882958e-19
    outer loop
      vertex 91.01502925466183 159.98681672538038 0
      vertex 90.99725366656864 160 2.5
      vertex 90.99725366656864 160 0
    endloop
  endfacet
  facet normal -0.6715589548470113 -0.7409511253549654 -2.625715244036252e-19
    outer loop
      vertex 91.01502925466183 159.98681672538038 0
      vertex 91.13137084989847 159.88137084989847 0
      vertex 91.13137084989847 159.88137084989847 2.5
    endloop
  endfacet
  facet normal -0.8032075314806706 -0.5956993044923988 1.8256330637333277e-18
    outer loop
      vertex 91.23681672538038 159.76502925466184 0
      vertex 91.33035137968407 159.63891237283136 0
      vertex 91.33035137968407 159.63891237283136 2.5
    endloop
  endfacet
  facet normal -0.8577286100002933 -0.5141027441931864 -6.465562521529739e-19
    outer loop
      vertex 91.33035137968407 159.63891237283136 0
      vertex 91.41107402295737 159.50423477892159 0
      vertex 91.41107402295737 159.50423477892159 2.5
    endloop
  endfacet
  facet normal -0.7409511253549246 -0.6715589548470564 -1.0906789744233583e-18
    outer loop
      vertex 91.13137084989847 159.88137084989847 0
      vertex 91.23681672538038 159.76502925466184 0
      vertex 91.23681672538038 159.76502925466184 2.5
    endloop
  endfacet
  facet normal -0.9987954562051748 -0.04906767432736694 4.679942420478265e-20
    outer loop
      vertex 91.59229556267552 158.9068274245273 0
      vertex 91.6 158.75 0
      vertex 91.6 158.75 2.5
    endloop
  endfacet
  facet normal -0.9891765099647732 -0.14673047445541365 -1.7333331143251973e-19
    outer loop
      vertex 91.56925644864516 159.0621445152258 0
      vertex 91.59229556267552 158.9068274245273 0
      vertex 91.59229556267552 158.9068274245273 2.5
    endloop
  endfacet
  facet normal -0.941544065183027 -0.3368898533922027 -1.861743605486092e-18
    outer loop
      vertex 91.47820725201805 159.36229349178416 0
      vertex 91.53110453717153 159.21445548360714 0
      vertex 91.53110453717153 159.21445548360714 2.5
    endloop
  endfacet
  facet normal -0.9700312531945434 -0.24298017990326629 1.437706979394925e-19
    outer loop
      vertex 91.53110453717153 159.21445548360714 0
      vertex 91.56925644864516 159.0621445152258 0
      vertex 91.56925644864516 159.0621445152258 2.5
    endloop
  endfacet
  facet normal -0.9039892931234237 -0.42755509343032366 1.6682192287109793e-18
    outer loop
      vertex 91.41107402295737 159.50423477892159 0
      vertex 91.47820725201805 159.36229349178416 0
      vertex 91.47820725201805 159.36229349178416 2.5
    endloop
  endfacet
  facet normal 0.5956993044923837 0.8032075314806817 0
    outer loop
      vertex 89.11108762716864 157.41964862031594 0
      vertex 88.98497074533817 157.51318327461962 2.5
      vertex 89.11108762716864 157.41964862031594 2.5
    endloop
  endfacet
  facet normal 0.5141027441932929 0.8577286100002295 0
    outer loop
      vertex 89.2457652210784 157.33892597704263 0
      vertex 89.11108762716864 157.41964862031594 2.5
      vertex 89.2457652210784 157.33892597704263 2.5
    endloop
  endfacet
  facet normal 0.42755509343025366 0.9039892931234567 0
    outer loop
      vertex 89.38770650821586 157.27179274798195 0
      vertex 89.2457652210784 157.33892597704263 2.5
      vertex 89.38770650821586 157.27179274798195 2.5
    endloop
  endfacet
  facet normal 0.3368898533922313 0.9415440651830167 0
    outer loop
      vertex 89.53554451639286 157.21889546282847 0
      vertex 89.38770650821586 157.27179274798195 2.5
      vertex 89.53554451639286 157.21889546282847 2.5
    endloop
  endfacet
  facet normal 0.24298017990335144 0.970031253194522 0
    outer loop
      vertex 89.68785548477419 157.18074355135482 0
      vertex 89.53554451639286 157.21889546282847 2.5
      vertex 89.68785548477419 157.18074355135482 2.5
    endloop
  endfacet
  facet normal 0.1467304744552234 0.9891765099648016 0
    outer loop
      vertex 89.8431725754727 157.1577044373245 0
      vertex 89.68785548477419 157.18074355135482 2.5
      vertex 89.8431725754727 157.1577044373245 2.5
    endloop
  endfacet
  facet normal 0.04906767432746166 0.9987954562051703 0
    outer loop
      vertex 90 157.15 0
      vertex 89.8431725754727 157.1577044373245 2.5
      vertex 90 157.15 2.5
    endloop
  endfacet
  facet normal 0.9039892931234237 0.42755509343032366 0
    outer loop
      vertex 88.58892597704263 157.99576522107841 0
      vertex 88.52179274798195 158.13770650821584 2.5
      vertex 88.58892597704263 157.99576522107841 2.5
    endloop
  endfacet
  facet normal 0.9700312531945434 0.24298017990326629 0
    outer loop
      vertex 88.46889546282847 158.28554451639286 0
      vertex 88.43074355135484 158.4378554847742 2.5
      vertex 88.46889546282847 158.28554451639286 2.5
    endloop
  endfacet
  facet normal 0.941544065183027 0.3368898533922027 0
    outer loop
      vertex 88.52179274798195 158.13770650821584 0
      vertex 88.46889546282847 158.28554451639286 2.5
      vertex 88.52179274798195 158.13770650821584 2.5
    endloop
  endfacet
  facet normal 0.9891765099647732 0.14673047445541365 0
    outer loop
      vertex 88.43074355135484 158.4378554847742 0
      vertex 88.40770443732448 158.5931725754727 2.5
      vertex 88.43074355135484 158.4378554847742 2.5
    endloop
  endfacet
  facet normal 0.9987954562051748 0.04906767432736694 0
    outer loop
      vertex 88.40770443732448 158.5931725754727 0
      vertex 88.4 158.75 2.5
      vertex 88.40770443732448 158.5931725754727 2.5
    endloop
  endfacet
  facet normal 0.8032075314806706 0.5956993044923988 0
    outer loop
      vertex 88.76318327461962 157.73497074533816 0
      vertex 88.66964862031593 157.86108762716864 2.5
      vertex 88.76318327461962 157.73497074533816 2.5
    endloop
  endfacet
  facet normal 0.8577286100002933 0.5141027441931864 0
    outer loop
      vertex 88.66964862031593 157.86108762716864 0
      vertex 88.58892597704263 157.99576522107841 2.5
      vertex 88.66964862031593 157.86108762716864 2.5
    endloop
  endfacet
  facet normal 0.7409511253549246 0.6715589548470564 0
    outer loop
      vertex 88.86862915010153 157.61862915010153 0
      vertex 88.76318327461962 157.73497074533816 2.5
      vertex 88.86862915010153 157.61862915010153 2.5
    endloop
  endfacet
  facet normal 0.6715589548470113 0.7409511253549654 0
    outer loop
      vertex 88.98497074533817 157.51318327461962 0
      vertex 88.86862915010153 157.61862915010153 2.5
      vertex 88.98497074533817 157.51318327461962 2.5
    endloop
  endfacet
  facet normal 0.9987954562051748 -0.04906767432736694 0
    outer loop
      vertex 88.4 158.75 0
      vertex 88.40770443732448 158.9068274245273 2.5
      vertex 88.4 158.75 2.5
    endloop
  endfacet
  facet normal 0.9891765099647732 -0.14673047445541365 0
    outer loop
      vertex 88.40770443732448 158.9068274245273 0
      vertex 88.43074355135484 159.0621445152258 2.5
      vertex 88.40770443732448 158.9068274245273 2.5
    endloop
  endfacet
  facet normal 0.9700312531945434 -0.24298017990326629 0
    outer loop
      vertex 88.43074355135484 159.0621445152258 0
      vertex 88.46889546282847 159.21445548360714 2.5
      vertex 88.43074355135484 159.0621445152258 2.5
    endloop
  endfacet
  facet normal 0.941544065183027 -0.3368898533922027 0
    outer loop
      vertex 88.46889546282847 159.21445548360714 0
      vertex 88.52179274798195 159.36229349178416 2.5
      vertex 88.46889546282847 159.21445548360714 2.5
    endloop
  endfacet
  facet normal 0.9039892931234237 -0.42755509343032366 0
    outer loop
      vertex 88.52179274798195 159.36229349178416 0
      vertex 88.58892597704263 159.50423477892159 2.5
      vertex 88.52179274798195 159.36229349178416 2.5
    endloop
  endfacet
  facet normal 0.8577286100002933 -0.5141027441931864 0
    outer loop
      vertex 88.58892597704263 159.50423477892159 0
      vertex 88.66964862031593 159.63891237283136 2.5
      vertex 88.58892597704263 159.50423477892159 2.5
    endloop
  endfacet
  facet normal 0.8032075314806706 -0.5956993044923988 0
    outer loop
      vertex 88.66964862031593 159.63891237283136 0
      vertex 88.76318327461962 159.76502925466184 2.5
      vertex 88.66964862031593 159.63891237283136 2.5
    endloop
  endfacet
  facet normal 0.7409511253549246 -0.6715589548470564 0
    outer loop
      vertex 88.76318327461962 159.76502925466184 0
      vertex 88.86862915010153 159.88137084989847 2.5
      vertex 88.76318327461962 159.76502925466184 2.5
    endloop
  endfacet
  facet normal 0.6715589548470113 -0.7409511253549654 0
    outer loop
      vertex 88.86862915010153 159.88137084989847 0
      vertex 88.98497074533817 159.98681672538038 2.5
      vertex 88.86862915010153 159.88137084989847 2.5
    endloop
  endfacet
  facet normal 0.5956993044924983 -0.8032075314805968 -1.58232514882958e-19
    outer loop
      vertex 88.98497074533817 159.98681672538038 2.5
      vertex 89.00274633343136 160 0
      vertex 89.00274633343136 160 2.5
    endloop
  endfacet
  facet normal -0.04906767432746166 0.9987954562051703 0
    outer loop
      vertex 90.1568274245273 157.1577044373245 0
      vertex 90 157.15 2.5
      vertex 90.1568274245273 157.1577044373245 2.5
    endloop
  endfacet
  facet normal -0.1467304744552234 0.9891765099648016 0
    outer loop
      vertex 90.31214451522581 157.18074355135482 0
      vertex 90.1568274245273 157.1577044373245 2.5
      vertex 90.31214451522581 157.18074355135482 2.5
    endloop
  endfacet
  facet normal -0.24298017990335144 0.970031253194522 0
    outer loop
      vertex 90.46445548360714 157.21889546282847 0
      vertex 90.31214451522581 157.18074355135482 2.5
      vertex 90.46445548360714 157.21889546282847 2.5
    endloop
  endfacet
  facet normal -0.3368898533922313 0.9415440651830167 0
    outer loop
      vertex 90.61229349178414 157.27179274798195 0
      vertex 90.46445548360714 157.21889546282847 2.5
      vertex 90.61229349178414 157.27179274798195 2.5
    endloop
  endfacet
  facet normal -0.42755509343025366 0.9039892931234567 0
    outer loop
      vertex 90.7542347789216 157.33892597704263 0
      vertex 90.61229349178414 157.27179274798195 2.5
      vertex 90.7542347789216 157.33892597704263 2.5
    endloop
  endfacet
  facet normal -0.5141027441932929 0.8577286100002295 0
    outer loop
      vertex 90.88891237283136 157.41964862031594 0
      vertex 90.7542347789216 157.33892597704263 2.5
      vertex 90.88891237283136 157.41964862031594 2.5
    endloop
  endfacet
  facet normal -0.5956993044923837 0.8032075314806817 0
    outer loop
      vertex 91.01502925466183 157.51318327461962 0
      vertex 90.88891237283136 157.41964862031594 2.5
      vertex 91.01502925466183 157.51318327461962 2.5
    endloop
  endfacet
  facet normal -0.6715589548470113 0.7409511253549654 0
    outer loop
      vertex 91.13137084989847 157.61862915010153 0
      vertex 91.01502925466183 157.51318327461962 2.5
      vertex 91.13137084989847 157.61862915010153 2.5
    endloop
  endfacet
  facet normal -0.7409511253549246 0.6715589548470564 0
    outer loop
      vertex 91.23681672538038 157.73497074533816 0
      vertex 91.13137084989847 157.61862915010153 2.5
      vertex 91.23681672538038 157.73497074533816 2.5
    endloop
  endfacet
  facet normal -0.8032075314806706 0.5956993044923988 0
    outer loop
      vertex 91.33035137968407 157.86108762716864 0
      vertex 91.23681672538038 157.73497074533816 2.5
      vertex 91.33035137968407 157.86108762716864 2.5
    endloop
  endfacet
  facet normal -0.8577286100002933 0.5141027441931864 0
    outer loop
      vertex 91.41107402295737 157.99576522107841 0
      vertex 91.33035137968407 157.86108762716864 2.5
      vertex 91.41107402295737 157.99576522107841 2.5
    endloop
  endfacet
  facet normal -0.9039892931234237 0.42755509343032366 0
    outer loop
      vertex 91.47820725201805 158.13770650821584 0
      vertex 91.41107402295737 157.99576522107841 2.5
      vertex 91.47820725201805 158.13770650821584 2.5
    endloop
  endfacet
  facet normal -0.941544065183027 0.3368898533922027 0
    outer loop
      vertex 91.53110453717153 158.28554451639286 0
      vertex 91.47820725201805 158.13770650821584 2.5
      vertex 91.53110453717153 158.28554451639286 2.5
    endloop
  endfacet
  facet normal -0.9700312531945434 0.24298017990326629 0
    outer loop
      vertex 91.56925644864516 158.4378554847742 0
      vertex 91.53110453717153 158.28554451639286 2.5
      vertex 91.56925644864516 158.4378554847742 2.5
    endloop
  endfacet
  facet normal -0.9891765099647732 0.14673047445541365 0
    outer loop
      vertex 91.59229556267552 158.5931725754727 0
      vertex 91.56925644864516 158.4378554847742 2.5
      vertex 91.59229556267552 158.5931725754727 2.5
    endloop
  endfacet
  facet normal -0.9987954562051748 0.04906767432736694 0
    outer loop
      vertex 91.6 158.75 0
      vertex 91.59229556267552 158.5931725754727 2.5
      vertex 91.6 158.75 2.5
    endloop
  endfacet
  facet normal -0.6715589548470113 -0.7409511253549654 0
    outer loop
      vertex 91.01502925466183 159.98681672538038 0
      vertex 91.13137084989847 159.88137084989847 2.5
      vertex 91.01502925466183 159.98681672538038 2.5
    endloop
  endfacet
  facet normal -0.5956993044924983 -0.8032075314805968 0
    outer loop
      vertex 91.01502925466183 159.98681672538038 0
      vertex 91.01502925466183 159.98681672538038 2.5
      vertex 90.99725366656864 160 2.5
    endloop
  endfacet
  facet normal -0.7409511253549246 -0.6715589548470564 0
    outer loop
      vertex 91.13137084989847 159.88137084989847 0
      vertex 91.23681672538038 159.76502925466184 2.5
      vertex 91.13137084989847 159.88137084989847 2.5
    endloop
  endfacet
  facet normal -0.8577286100002933 -0.5141027441931864 0
    outer loop
      vertex 91.33035137968407 159.63891237283136 0
      vertex 91.41107402295737 159.50423477892159 2.5
      vertex 91.33035137968407 159.63891237283136 2.5
    endloop
  endfacet
  facet normal -0.8032075314806706 -0.5956993044923988 0
    outer loop
      vertex 91.23681672538038 159.76502925466184 0
      vertex 91.33035137968407 159.63891237283136 2.5
      vertex 91.23681672538038 159.76502925466184 2.5
    endloop
  endfacet
  facet normal -0.9987954562051748 -0.04906767432736694 0
    outer loop
      vertex 91.59229556267552 158.9068274245273 0
      vertex 91.6 158.75 2.5
      vertex 91.59229556267552 158.9068274245273 2.5
    endloop
  endfacet
  facet normal -0.9891765099647732 -0.14673047445541365 0
    outer loop
      vertex 91.56925644864516 159.0621445152258 0
      vertex 91.59229556267552 158.9068274245273 2.5
      vertex 91.56925644864516 159.0621445152258 2.5
    endloop
  endfacet
  facet normal -0.941544065183027 -0.3368898533922027 0
    outer loop
      vertex 91.47820725201805 159.36229349178416 0
      vertex 91.53110453717153 159.21445548360714 2.5
      vertex 91.47820725201805 159.36229349178416 2.5
    endloop
  endfacet
  facet normal -0.9700312531945434 -0.24298017990326629 0
    outer loop
      vertex 91.53110453717153 159.21445548360714 0
      vertex 91.56925644864516 159.0621445152258 2.5
      vertex 91.53110453717153 159.21445548360714 2.5
    endloop
  endfacet
  facet normal -0.9039892931234237 -0.42755509343032366 0
    outer loop
      vertex 91.41107402295737 159.50423477892159 0
      vertex 91.47820725201805 159.36229349178416 2.5
      vertex 91.41107402295737 159.50423477892159 2.5
    endloop
  endfacet
  facet normal 0 0 -1
    outer loop
      vertex 0 0 0
      vertex 7.5852303422479395 7.5852303422479395 0
      vertex 7.83354693458115 7.360169301766254 0
    endloop
  endfacet
  facet normal 0 0 -1
    outer loop
      vertex 0 0 0
      vertex 7.83354693458115 7.360169301766254 0
      vertex 8.102727654238059 7.160531273986807 0
    endloop
  endfacet
  facet normal 0 0 -1
    outer loop
      vertex 0 0 0
      vertex 8.102727654238059 7.160531273986807 0
      vertex 8.390180143739219 6.988238882250367 0
    endloop
  endfacet
  facet normal 0 0 -1
    outer loop
      vertex 0 0 0
      vertex 8.390180143739219 6.988238882250367 0
      vertex 8.693136078473218 6.844951396473956 0
    endloop
  endfacet
  facet normal 0 0 -1
    outer loop
      vertex 0 0 0
      vertex 8.693136078473218 6.844951396473956 0
      vertex 9.008677827176012 6.732048753474507 0
    endloop
  endfacet
  facet normal 0 0 -1
    outer loop
      vertex 0 0 0
      vertex 6.732048753474506 9.008677827176014 0
      vertex 6.844951396473956 8.693136078473218 0
    endloop
  endfacet
  facet normal 0 0 -1
    outer loop
      vertex 0 0 0
      vertex 6.844951396473956 8.693136078473218 0
      vertex 6.988238882250367 8.390180143739219 0
    endloop
  endfacet
  facet normal 0 0 -1
    outer loop
      vertex 0 0 0
      vertex 6.650618267422968 9.333766550314921 0
      vertex 6.732048753474506 9.008677827176014 0
    endloop
  endfacet
  facet normal 0 0 -1
    outer loop
      vertex 0 0 0
      vertex 6.601444158414448 9.66527146577455 0
      vertex 6.650618267422968 9.333766550314921 0
    endloop
  endfacet
  facet normal 0 0 -1
    outer loop
      vertex 0 0 0
      vertex 6.585 10 0
      vertex 6.601444158414448 9.66527146577455 0
    endloop
  endfacet
  facet normal 0 0 -1
    outer loop
      vertex 0 0 0
      vertex 6.601444158414448 10.33472853422545 0
      vertex 6.585 10 0
    endloop
  endfacet
  facet normal 0 0 -1
    outer loop
      vertex 0 0 0
      vertex 6.650618267422968 10.666233449685079 0
      vertex 6.601444158414448 10.33472853422545 0
    endloop
  endfacet
  facet normal 0 0 -1
    outer loop
      vertex 0 0 0
      vertex 7.160531273986807 8.102727654238059 0
      vertex 7.360169301766254 7.83354693458115 0
    endloop
  endfacet
  facet normal 0 0 -1
    outer loop
      vertex 0 0 0
      vertex 6.988238882250367 8.390180143739219 0
      vertex 7.160531273986807 8.102727654238059 0
    endloop
  endfacet
  facet normal 0 0 -1
    outer loop
      vertex 0 0 0
      vertex 7.360169301766254 7.83354693458115 0
      vertex 7.5852303422479395 7.5852303422479395 0
    endloop
  endfacet
  facet normal 0 0 -1
    outer loop
      vertex 0 0 0
      vertex 9.008677827176012 6.732048753474507 0
      vertex 29.002746333431357 0 0
    endloop
  endfacet
  facet normal 0 0 -1
    outer loop
      vertex 7.5852303422479395 12.41476965775206 0
      vertex 7.360169301766254 12.16645306541885 0
      vertex 19.918662571187923 27.104758878007992 0
    endloop
  endfacet
  facet normal 0 0 -1
    outer loop
      vertex 7.83354693458115 12.639830698233746 0
      vertex 7.5852303422479395 12.41476965775206 0
      vertex 19.918662571187923 27.104758878007992 0
    endloop
  endfacet
  facet normal 0 0 -1
    outer loop
      vertex 8.102727654238059 12.839468726013193 0
      vertex 7.83354693458115 12.639830698233746 0
      vertex 19.73682815347285 26.59656572489954 0
    endloop
  endfacet
  facet normal 0 0 -1
    outer loop
      vertex 8.390180143739219 13.011761117749632 0
      vertex 8.102727654238059 12.839468726013193 0
      vertex 19.73682815347285 26.59656572489954 0
    endloop
  endfacet
  facet normal 0 0 -1
    outer loop
      vertex 19.605680957782234 26.072996771088704 0
      vertex 9.008677827176012 13.267951246525493 0
      vertex 8.693136078473218 13.155048603526044 0
    endloop
  endfacet
  facet normal 0 0 -1
    outer loop
      vertex 8.693136078473218 13.155048603526044 0
      vertex 8.390180143739219 13.011761117749632 0
      vertex 19.73682815347285 26.59656572489954 0
    endloop
  endfacet
  facet normal 0 0 -1
    outer loop
      vertex 19.605680957782234 26.072996771088704 0
      vertex 9.333766550314921 13.349381732577031 0
      vertex 9.008677827176012 13.267951246525493 0
    endloop
  endfacet
  facet normal 0 0 -1
    outer loop
      vertex 19.605680957782234 26.072996771088704 0
      vertex 9.66527146577455 13.398555841585551 0
      vertex 9.333766550314921 13.349381732577031 0
    endloop
  endfacet
  facet normal 0 0 -1
    outer loop
      vertex 19.605680957782234 26.072996771088704 0
      vertex 10 13.415 0
      vertex 9.66527146577455 13.398555841585551 0
    endloop
  endfacet
  facet normal 0 0 -1
    outer loop
      vertex 10 13.415 0
      vertex 19.73682815347285 23.40343427510046 0
      vertex 10.33472853422545 13.398555841585551 0
    endloop
  endfacet
  facet normal 0 0 -1
    outer loop
      vertex 10.33472853422545 13.398555841585551 0
      vertex 19.73682815347285 23.40343427510046 0
      vertex 10.666233449685079 13.349381732577031 0
    endloop
  endfacet
  facet normal 0 0 -1
    outer loop
      vertex 10.666233449685079 13.349381732577031 0
      vertex 19.918662571187923 22.895241121992008 0
      vertex 10.991322172823988 13.267951246525493 0
    endloop
  endfacet
  facet normal 0 0 -1
    outer loop
      vertex 11.306863921526782 13.155048603526044 0
      vertex 20.14943304608405 22.407317947457013 0
      vertex 11.609819856260781 13.011761117749632 0
    endloop
  endfacet
  facet normal 0 0 -1
    outer loop
      vertex 11.609819856260781 13.011761117749632 0
      vertex 20.426917132336 21.94436371839219 0
      vertex 11.897272345761941 12.839468726013193 0
    endloop
  endfacet
  facet normal 0 0 -1
    outer loop
      vertex 11.897272345761941 12.839468726013193 0
      vertex 20.748442506504947 21.51083693709995 0
      vertex 12.16645306541885 12.639830698233746 0
    endloop
  endfacet
  facet normal 0 0 -1
    outer loop
      vertex 10.991322172823988 13.267951246525493 0
      vertex 20.14943304608405 22.407317947457013 0
      vertex 11.306863921526782 13.155048603526044 0
    endloop
  endfacet
  facet normal 0 0 -1
    outer loop
      vertex 29.002746333431357 0 0
      vertex 9.008677827176012 6.732048753474507 0
      vertex 9.333766550314921 6.650618267422968 0
    endloop
  endfacet
  facet normal 0 0 -1
    outer loop
      vertex 29.002746333431357 0 0
      vertex 9.333766550314921 6.650618267422968 0
      vertex 9.66527146577455 6.601444158414448 0
    endloop
  endfacet
  facet normal 0 0 -1
    outer loop
      vertex 29.002746333431357 0 0
      vertex 9.66527146577455 6.601444158414448 0
      vertex 10 6.585 0
    endloop
  endfacet
  facet normal 0 0 -1
    outer loop
      vertex 29.002746333431357 0 0
      vertex 10 6.585 0
      vertex 10.33472853422545 6.601444158414448 0
    endloop
  endfacet
  facet normal 0 0 -1
    outer loop
      vertex 29.002746333431357 0 0
      vertex 10.33472853422545 6.601444158414448 0
      vertex 10.666233449685079 6.650618267422968 0
    endloop
  endfacet
  facet normal 0 0 -1
    outer loop
      vertex 29.002746333431357 0 0
      vertex 10.666233449685079 6.650618267422968 0
      vertex 10.991322172823988 6.732048753474507 0
    endloop
  endfacet
  facet normal 0 0 -1
    outer loop
      vertex 29.002746333431357 0 0
      vertex 10.991322172823988 6.732048753474507 0
      vertex 11.306863921526782 6.844951396473956 0
    endloop
  endfacet
  facet normal 0 0 -1
    outer loop
      vertex 11.306863921526782 6.844951396473956 0
      vertex 11.609819856260781 6.988238882250367 0
      vertex 28.76318327461962 0.2349707453381671 0
    endloop
  endfacet
  facet normal 0 0 -1
    outer loop
      vertex 11.609819856260781 6.988238882250367 0
      vertex 11.897272345761941 7.160531273986807 0
      vertex 28.66964862031593 0.3610876271686365 0
    endloop
  endfacet
  facet normal 0 0 -1
    outer loop
      vertex 11.897272345761941 7.160531273986807 0
      vertex 12.16645306541885 7.360169301766254 0
      vertex 28.52179274798194 0.6377065082158563 0
    endloop
  endfacet
  facet normal 0 0 -1
    outer loop
      vertex 12.16645306541885 7.360169301766254 0
      vertex 12.41476965775206 7.5852303422479395 0
      vertex 28.468895462828467 0.7855445163928603 0
    endloop
  endfacet
  facet normal 0 0 -1
    outer loop
      vertex 12.41476965775206 7.5852303422479395 0
      vertex 12.639830698233746 7.83354693458115 0
      vertex 28.407704437324483 1.093172575472703 0
    endloop
  endfacet
  facet normal 0 0 -1
    outer loop
      vertex 12.639830698233746 7.83354693458115 0
      vertex 12.839468726013193 8.102727654238059 0
      vertex 28.4 1.25 0
    endloop
  endfacet
  facet normal 0 0 -1
    outer loop
      vertex 12.839468726013193 8.102727654238059 0
      vertex 13.011761117749632 8.390180143739219 0
      vertex 28.43074355135483 1.562144515225805 0
    endloop
  endfacet
  facet normal 0 0 -1
    outer loop
      vertex 13.155048603526044 8.693136078473218 0
      vertex 28.52179274798194 1.8622934917841438 0
      vertex 13.011761117749632 8.390180143739219 0
    endloop
  endfacet
  facet normal 0 0 -1
    outer loop
      vertex 13.267951246525493 9.008677827176012 0
      vertex 28.58892597704263 2.0042347789215964 0
      vertex 13.155048603526044 8.693136078473218 0
    endloop
  endfacet
  facet normal 0 0 -1
    outer loop
      vertex 13.349381732577031 9.333766550314921 0
      vertex 28.66964862031593 2.1389123728313635 0
      vertex 13.267951246525493 9.008677827176012 0
    endloop
  endfacet
  facet normal 0 0 -1
    outer loop
      vertex 13.398555841585551 9.66527146577455 0
      vertex 28.76318327461962 2.265029254661833 0
      vertex 13.349381732577031 9.333766550314921 0
    endloop
  endfacet
  facet normal 0 0 -1
    outer loop
      vertex 13.415 10 0
      vertex 28.868629150101523 2.3813708498984765 0
      vertex 13.398555841585551 9.66527146577455 0
    endloop
  endfacet
  facet normal 0 0 -1
    outer loop
      vertex 12.839468726013193 11.897272345761941 0
      vertex 12.639830698233746 12.16645306541885 0
      vertex 21.51083693709995 20.748442506504947 0
    endloop
  endfacet
  facet normal 0 0 -1
    outer loop
      vertex 13.011761117749632 11.609819856260781 0
      vertex 12.839468726013193 11.897272345761941 0
      vertex 21.94436371839219 20.426917132336 0
    endloop
  endfacet
  facet normal 0 0 -1
    outer loop
      vertex 13.155048603526044 11.306863921526782 0
      vertex 13.011761117749632 11.609819856260781 0
      vertex 22.407317947457013 20.14943304608405 0
    endloop
  endfacet
  facet normal 0 0 -1
    outer loop
      vertex 13.267951246525493 10.991322172823988 0
      vertex 13.155048603526044 11.306863921526782 0
      vertex 22.895241121992008 19.918662571187923 0
    endloop
  endfacet
  facet normal 0 0 -1
    outer loop
      vertex 13.349381732577031 10.666233449685079 0
      vertex 13.267951246525493 10.991322172823988 0
      vertex 23.40343427510046 19.73682815347285 0
    endloop
  endfacet
  facet normal 0 0 -1
    outer loop
      vertex 13.398555841585551 10.33472853422545 0
      vertex 13.349381732577031 10.666233449685079 0
      vertex 23.927003228911296 19.605680957782234 0
    endloop
  endfacet
  facet normal 0 0 -1
    outer loop
      vertex 12.16645306541885 12.639830698233746 0
      vertex 21.11091270347399 21.11091270347399 0
      vertex 12.41476965775206 12.41476965775206 0
    endloop
  endfacet
  facet normal 0 0 -1
    outer loop
      vertex 12.41476965775206 12.41476965775206 0
      vertex 21.51083693709995 20.748442506504947 0
      vertex 12.639830698233746 12.16645306541885 0
    endloop
  endfacet
  facet normal 0 0 -1
    outer loop
      vertex 19.918662571187923 22.895241121992008 0
      vertex 10.666233449685079 13.349381732577031 0
      vertex 19.73682815347285 23.40343427510046 0
    endloop
  endfacet
  facet normal 0 0 -1
    outer loop
      vertex 19.918662571187923 22.895241121992008 0
      vertex 20.14943304608405 22.407317947457013 0
      vertex 10.991322172823988 13.267951246525493 0
    endloop
  endfacet
  facet normal 0 0 -1
    outer loop
      vertex 20.426917132336 21.94436371839219 0
      vertex 11.609819856260781 13.011761117749632 0
      vertex 20.14943304608405 22.407317947457013 0
    endloop
  endfacet
  facet normal 0 0 -1
    outer loop
      vertex 20.748442506504947 21.51083693709995 0
      vertex 11.897272345761941 12.839468726013193 0
      vertex 20.426917132336 21.94436371839219 0
    endloop
  endfacet
  facet normal 0 0 -1
    outer loop
      vertex 12.16645306541885 12.639830698233746 0
      vertex 20.748442506504947 21.51083693709995 0
      vertex 21.11091270347399 21.11091270347399 0
    endloop
  endfacet
  facet normal 0 0 -1
    outer loop
      vertex 21.51083693709995 20.748442506504947 0
      vertex 12.41476965775206 12.41476965775206 0
      vertex 21.11091270347399 21.11091270347399 0
    endloop
  endfacet
  facet normal 0 0 -1
    outer loop
      vertex 13.011761117749632 11.609819856260781 0
      vertex 21.94436371839219 20.426917132336 0
      vertex 22.407317947457013 20.14943304608405 0
    endloop
  endfacet
  facet normal 0 0 -1
    outer loop
      vertex 13.155048603526044 11.306863921526782 0
      vertex 22.407317947457013 20.14943304608405 0
      vertex 22.895241121992008 19.918662571187923 0
    endloop
  endfacet
  facet normal 0 0 -1
    outer loop
      vertex 13.267951246525493 10.991322172823988 0
      vertex 22.895241121992008 19.918662571187923 0
      vertex 23.40343427510046 19.73682815347285 0
    endloop
  endfacet
  facet normal 0 0 -1
    outer loop
      vertex 23.927003228911296 19.605680957782234 0
      vertex 13.349381732577031 10.666233449685079 0
      vertex 23.40343427510046 19.73682815347285 0
    endloop
  endfacet
  facet normal 0 0 -1
    outer loop
      vertex 13.398555841585551 10.33472853422545 0
      vertex 23.927003228911296 19.605680957782234 0
      vertex 24.460905728187416 19.52648400330292 0
    endloop
  endfacet
  facet normal 0 0 -1
    outer loop
      vertex 12.839468726013193 11.897272345761941 0
      vertex 21.51083693709995 20.748442506504947 0
      vertex 21.94436371839219 20.426917132336 0
    endloop
  endfacet
  facet normal 0 0 -1
    outer loop
      vertex 11.306863921526782 6.844951396473956 0
      vertex 28.868629150101523 0.11862915010152375 0
      vertex 28.984970745338167 0.013183274619620766 0
    endloop
  endfacet
  facet normal 0 0 -1
    outer loop
      vertex 11.306863921526782 6.844951396473956 0
      vertex 28.76318327461962 0.2349707453381671 0
      vertex 28.868629150101523 0.11862915010152375 0
    endloop
  endfacet
  facet normal 0 0 -1
    outer loop
      vertex 11.306863921526782 6.844951396473956 0
      vertex 28.984970745338167 0.013183274619620766 0
      vertex 29.002746333431357 0 0
    endloop
  endfacet
  facet normal 0 0 -1
    outer loop
      vertex 11.609819856260781 6.988238882250367 0
      vertex 28.66964862031593 0.3610876271686365 0
      vertex 28.76318327461962 0.2349707453381671 0
    endloop
  endfacet
  facet normal 0 0 -1
    outer loop
      vertex 11.897272345761941 7.160531273986807 0
      vertex 28.58892597704263 0.4957652210784037 0
      vertex 28.66964862031593 0.3610876271686365 0
    endloop
  endfacet
  facet normal 0 0 -1
    outer loop
      vertex 11.897272345761941 7.160531273986807 0
      vertex 28.52179274798194 0.6377065082158563 0
      vertex 28.58892597704263 0.4957652210784037 0
    endloop
  endfacet
  facet normal 0 0 -1
    outer loop
      vertex 12.16645306541885 7.360169301766254 0
      vertex 28.468895462828467 0.7855445163928603 0
      vertex 28.52179274798194 0.6377065082158563 0
    endloop
  endfacet
  facet normal 0 0 -1
    outer loop
      vertex 12.41476965775206 7.5852303422479395 0
      vertex 28.43074355135483 0.9378554847741948 0
      vertex 28.468895462828467 0.7855445163928603 0
    endloop
  endfacet
  facet normal 0 0 -1
    outer loop
      vertex 12.41476965775206 7.5852303422479395 0
      vertex 28.407704437324483 1.093172575472703 0
      vertex 28.43074355135483 0.9378554847741948 0
    endloop
  endfacet
  facet normal 0 0 -1
    outer loop
      vertex 12.639830698233746 7.83354693458115 0
      vertex 28.4 1.25 0
      vertex 28.407704437324483 1.093172575472703 0
    endloop
  endfacet
  facet normal 0 0 -1
    outer loop
      vertex 12.839468726013193 8.102727654238059 0
      vertex 28.407704437324483 1.406827424527297 0
      vertex 28.4 1.25 0
    endloop
  endfacet
  facet normal 0 0 -1
    outer loop
      vertex 12.839468726013193 8.102727654238059 0
      vertex 28.43074355135483 1.562144515225805 0
      vertex 28.407704437324483 1.406827424527297 0
    endloop
  endfacet
  facet normal 0 0 -1
    outer loop
      vertex 13.011761117749632 8.390180143739219 0
      vertex 28.468895462828467 1.7144554836071397 0
      vertex 28.43074355135483 1.562144515225805 0
    endloop
  endfacet
  facet normal 0 0 -1
    outer loop
      vertex 13.011761117749632 8.390180143739219 0
      vertex 28.52179274798194 1.8622934917841438 0
      vertex 28.468895462828467 1.7144554836071397 0
    endloop
  endfacet
  facet normal 0 0 -1
    outer loop
      vertex 13.155048603526044 8.693136078473218 0
      vertex 28.58892597704263 2.0042347789215964 0
      vertex 28.52179274798194 1.8622934917841438 0
    endloop
  endfacet
  facet normal 0 0 -1
    outer loop
      vertex 13.267951246525493 9.008677827176012 0
      vertex 28.66964862031593 2.1389123728313635 0
      vertex 28.58892597704263 2.0042347789215964 0
    endloop
  endfacet
  facet normal 0 0 -1
    outer loop
      vertex 13.349381732577031 9.333766550314921 0
      vertex 28.76318327461962 2.265029254661833 0
      vertex 28.66964862031593 2.1389123728313635 0
    endloop
  endfacet
  facet normal 0 0 -1
    outer loop
      vertex 13.398555841585551 9.66527146577455 0
      vertex 28.868629150101523 2.3813708498984765 0
      vertex 28.76318327461962 2.265029254661833 0
    endloop
  endfacet
  facet normal 0 0 -1
    outer loop
      vertex 13.415 10 0
      vertex 28.984970745338167 2.486816725380379 0
      vertex 28.868629150101523 2.3813708498984765 0
    endloop
  endfacet
  facet normal 0 0 -1
    outer loop
      vertex 13.415 10 0
      vertex 29.111087627168637 2.5803513796840725 0
      vertex 28.984970745338167 2.486816725380379 0
    endloop
  endfacet
  facet normal 0 0 -1
    outer loop
      vertex 13.415 10 0
      vertex 29.245765221078404 2.661074022957368 0
      vertex 29.111087627168637 2.5803513796840725 0
    endloop
  endfacet
  facet normal 0 0 -1
    outer loop
      vertex 13.415 10 0
      vertex 29.387706508215857 2.728207252018059 0
      vertex 29.245765221078404 2.661074022957368 0
    endloop
  endfacet
  facet normal 0 0 -1
    outer loop
      vertex 13.415 10 0
      vertex 29.53554451639286 2.781104537171534 0
      vertex 29.387706508215857 2.728207252018059 0
    endloop
  endfacet
  facet normal 0 0 -1
    outer loop
      vertex 13.415 10 0
      vertex 29.687855484774193 2.8192564486451688 0
      vertex 29.53554451639286 2.781104537171534 0
    endloop
  endfacet
  facet normal 0 0 -1
    outer loop
      vertex 13.415 10 0
      vertex 29.843172575472703 2.842295562675515 0
      vertex 29.687855484774193 2.8192564486451688 0
    endloop
  endfacet
  facet normal 0 0 -1
    outer loop
      vertex 19.73682815347285 26.59656572489954 0
      vertex 7.83354693458115 12.639830698233746 0
      vertex 19.918662571187923 27.104758878007992 0
    endloop
  endfacet
  facet normal 0 0 -1
    outer loop
      vertex 19.918662571187923 27.104758878007992 0
      vertex 7.360169301766254 12.16645306541885 0
      vertex 20.14943304608405 27.592682052542987 0
    endloop
  endfacet
  facet normal 0 0 -1
    outer loop
      vertex 10 13.415 0
      vertex 19.52648400330292 24.460905728187416 0
      vertex 19.605680957782234 23.927003228911296 0
    endloop
  endfacet
  facet normal 0 0 -1
    outer loop
      vertex 10 13.415 0
      vertex 19.5 25 0
      vertex 19.52648400330292 24.460905728187416 0
    endloop
  endfacet
  facet normal 0 0 -1
    outer loop
      vertex 10 13.415 0
      vertex 19.605680957782234 23.927003228911296 0
      vertex 19.73682815347285 23.40343427510046 0
    endloop
  endfacet
  facet normal 0 0 -1
    outer loop
      vertex 10 13.415 0
      vertex 19.52648400330292 25.539094271812584 0
      vertex 19.5 25 0
    endloop
  endfacet
  facet normal 0 0 -1
    outer loop
      vertex 10 13.415 0
      vertex 19.605680957782234 26.072996771088704 0
      vertex 19.52648400330292 25.539094271812584 0
    endloop
  endfacet
  facet normal 0 0 -1
    outer loop
      vertex 19.605680957782234 26.072996771088704 0
      vertex 8.693136078473218 13.155048603526044 0
      vertex 19.73682815347285 26.59656572489954 0
    endloop
  endfacet
  facet normal 0 -1 0
    outer loop
      vertex 0 0 0
      vertex 29.002746333431357 0 0
      vertex 29.002746333431357 0 2.5
    endloop
  endfacet
  facet normal 0 0 -1
    outer loop
      vertex 0 0 0
      vertex 28.05563628160781 130.426917132336 0
      vertex 6.650618267422968 10.666233449685079 0
    endloop
  endfacet
  facet normal 0 0 -1
    outer loop
      vertex 6.650618267422968 10.666233449685079 0
      vertex 28.05563628160781 130.426917132336 0
      vertex 6.732048753474507 10.991322172823988 0
    endloop
  endfacet
  facet normal 0 0 -1
    outer loop
      vertex 6.732048753474507 10.991322172823988 0
      vertex 28.05563628160781 130.426917132336 0
      vertex 6.844951396473957 11.306863921526782 0
    endloop
  endfacet
  facet normal 0 0 -1
    outer loop
      vertex 6.844951396473957 11.306863921526782 0
      vertex 28.05563628160781 130.426917132336 0
      vertex 6.988238882250367 11.609819856260781 0
    endloop
  endfacet
  facet normal 0 0 -1
    outer loop
      vertex 6.988238882250367 11.609819856260781 0
      vertex 28.05563628160781 130.426917132336 0
      vertex 7.160531273986807 11.897272345761943 0
    endloop
  endfacet
  facet normal 0 0 -1
    outer loop
      vertex 7.360169301766254 12.16645306541885 0
      vertex 7.160531273986807 11.897272345761943 0
      vertex 28.05563628160781 130.426917132336 0
    endloop
  endfacet
  facet normal 0 0 -1
    outer loop
      vertex 7.360169301766254 12.16645306541885 0
      vertex 28.05563628160781 130.426917132336 0
      vertex 20.14943304608405 27.592682052542987 0
    endloop
  endfacet
  facet normal 0 0 -1
    outer loop
      vertex 20.14943304608405 27.592682052542987 0
      vertex 28.05563628160781 130.426917132336 0
      vertex 20.426917132336 28.05563628160781 0
    endloop
  endfacet
  facet normal 0 0 -1
    outer loop
      vertex 20.426917132336 28.05563628160781 0
      vertex 28.05563628160781 130.426917132336 0
      vertex 20.748442506504947 28.48916306290005 0
    endloop
  endfacet
  facet normal 0 0 -1
    outer loop
      vertex 20.748442506504947 28.48916306290005 0
      vertex 28.05563628160781 130.426917132336 0
      vertex 21.11091270347399 28.88908729652601 0
    endloop
  endfacet
  facet normal 0 0 -1
    outer loop
      vertex 21.51083693709995 29.251557493495053 0
      vertex 21.11091270347399 28.88908729652601 0
      vertex 28.05563628160781 130.426917132336 0
    endloop
  endfacet
  facet normal 0 0 -1
    outer loop
      vertex 21.94436371839219 29.573082867664 0
      vertex 21.51083693709995 29.251557493495053 0
      vertex 28.05563628160781 130.426917132336 0
    endloop
  endfacet
  facet normal 0 0 -1
    outer loop
      vertex 13.415 10 0
      vertex 13.398555841585551 10.33472853422545 0
      vertex 107.16053127398682 11.897272345761941 0
    endloop
  endfacet
  facet normal 0 0 -1
    outer loop
      vertex 13.415 10 0
      vertex 108.10272765423807 7.160531273986807 0
      vertex 29.843172575472703 2.842295562675515 0
    endloop
  endfacet
  facet normal 0 0 -1
    outer loop
      vertex 13.398555841585551 10.33472853422545 0
      vertex 24.460905728187416 19.52648400330292 0
      vertex 107.36016930176625 12.16645306541885 0
    endloop
  endfacet
  facet normal 0 0 -1
    outer loop
      vertex 24.460905728187416 19.52648400330292 0
      vertex 25 19.5 0
      vertex 107.36016930176625 12.16645306541885 0
    endloop
  endfacet
  facet normal 0 0 -1
    outer loop
      vertex 30 2.85 0
      vertex 29.843172575472703 2.842295562675515 0
      vertex 108.10272765423807 7.160531273986807 0
    endloop
  endfacet
  facet normal 0 0 -1
    outer loop
      vertex 30.156827424527297 2.842295562675515 0
      vertex 30 2.85 0
      vertex 108.10272765423807 7.160531273986807 0
    endloop
  endfacet
  facet normal 0 0 -1
    outer loop
      vertex 30.312144515225807 2.8192564486451688 0
      vertex 30.156827424527297 2.842295562675515 0
      vertex 108.10272765423807 7.160531273986807 0
    endloop
  endfacet
  facet normal 0 0 -1
    outer loop
      vertex 30.46445548360714 2.781104537171534 0
      vertex 30.312144515225807 2.8192564486451688 0
      vertex 108.10272765423807 7.160531273986807 0
    endloop
  endfacet
  facet normal 0 0 -1
    outer loop
      vertex 30.612293491784143 2.728207252018059 0
      vertex 30.46445548360714 2.781104537171534 0
      vertex 108.10272765423807 7.160531273986807 0
    endloop
  endfacet
  facet normal 0 0 -1
    outer loop
      vertex 30.754234778921596 2.661074022957368 0
      vertex 30.612293491784143 2.728207252018059 0
      vertex 108.10272765423807 7.160531273986807 0
    endloop
  endfacet
  facet normal 0 0 -1
    outer loop
      vertex 30.888912372831363 2.5803513796840725 0
      vertex 30.754234778921596 2.661074022957368 0
      vertex 108.10272765423807 7.160531273986807 0
    endloop
  endfacet
  facet normal 0 0 -1
    outer loop
      vertex 25 19.5 0
      vertex 25.539094271812584 19.52648400330292 0
      vertex 107.36016930176625 12.16645306541885 0
    endloop
  endfacet
  facet normal 0 0 -1
    outer loop
      vertex 25.539094271812584 19.52648400330292 0
      vertex 26.072996771088704 19.605680957782234 0
      vertex 107.36016930176625 12.16645306541885 0
    endloop
  endfacet
  facet normal 0 0 -1
    outer loop
      vertex 26.072996771088704 19.605680957782234 0
      vertex 26.59656572489954 19.73682815347285 0
      vertex 107.36016930176625 12.16645306541885 0
    endloop
  endfacet
  facet normal 0 0 -1
    outer loop
      vertex 26.59656572489954 19.73682815347285 0
      vertex 27.104758878007992 19.918662571187923 0
      vertex 107.36016930176625 12.16645306541885 0
    endloop
  endfacet
  facet normal 0 0 -1
    outer loop
      vertex 27.104758878007992 19.918662571187923 0
      vertex 27.592682052542987 20.14943304608405 0
      vertex 107.36016930176625 12.16645306541885 0
    endloop
  endfacet
  facet normal 0 0 -1
    outer loop
      vertex 27.592682052542987 20.14943304608405 0
      vertex 28.05563628160781 20.426917132336 0
      vertex 107.36016930176625 12.16645306541885 0
    endloop
  endfacet
  facet normal 0 0 -1
    outer loop
      vertex 28.05563628160781 20.426917132336 0
      vertex 28.48916306290005 20.748442506504947 0
      vertex 107.36016930176625 12.16645306541885 0
    endloop
  endfacet
  facet normal 0 0 -1
    outer loop
      vertex 28.48916306290005 20.748442506504947 0
      vertex 28.88908729652601 21.11091270347399 0
      vertex 107.36016930176625 12.16645306541885 0
    endloop
  endfacet
  facet normal 0 0 -1
    outer loop
      vertex 28.88908729652601 21.11091270347399 0
      vertex 29.251557493495053 21.51083693709995 0
      vertex 107.36016930176625 12.16645306541885 0
    endloop
  endfacet
  facet normal 0 0 -1
    outer loop
      vertex 29.573082867664 21.94436371839219 0
      vertex 90.74844250650494 21.51083693709995 0
      vertex 29.251557493495053 21.51083693709995 0
    endloop
  endfacet
  facet normal 0 0 -1
    outer loop
      vertex 29.85056695391595 22.407317947457013 0
      vertex 90.426917132336 21.94436371839219 0
      vertex 29.573082867664 21.94436371839219 0
    endloop
  endfacet
  facet normal 0 0 -1
    outer loop
      vertex 30.081337428812077 22.895241121992008 0
      vertex 90.14943304608404 22.407317947457013 0
      vertex 29.85056695391595 22.407317947457013 0
    endloop
  endfacet
  facet normal 0 0 -1
    outer loop
      vertex 30.26317184652715 23.40343427510046 0
      vertex 89.91866257118792 22.895241121992008 0
      vertex 30.081337428812077 22.895241121992008 0
    endloop
  endfacet
  facet normal 0 0 -1
    outer loop
      vertex 30.394319042217766 23.927003228911296 0
      vertex 89.73682815347286 23.40343427510046 0
      vertex 30.26317184652715 23.40343427510046 0
    endloop
  endfacet
  facet normal 0 0 -1
    outer loop
      vertex 30.47351599669708 24.460905728187416 0
      vertex 89.60568095778223 23.927003228911296 0
      vertex 30.394319042217766 23.927003228911296 0
    endloop
  endfacet
  facet normal 0 0 -1
    outer loop
      vertex 30.5 25 0
      vertex 89.52648400330291 24.460905728187416 0
      vertex 30.47351599669708 24.460905728187416 0
    endloop
  endfacet
  facet normal 0 0 -1
    outer loop
      vertex 30.394319042217766 26.072996771088704 0
      vertex 89.52648400330291 25.539094271812584 0
      vertex 30.47351599669708 25.539094271812584 0
    endloop
  endfacet
  facet normal 0 0 -1
    outer loop
      vertex 30.26317184652715 26.59656572489954 0
      vertex 89.60568095778223 26.072996771088704 0
      vertex 30.394319042217766 26.072996771088704 0
    endloop
  endfacet
  facet normal 0 0 -1
    outer loop
      vertex 30.47351599669708 25.539094271812584 0
      vertex 89.5 25 0
      vertex 30.5 25 0
    endloop
  endfacet
  facet normal 0 0 -1
    outer loop
      vertex 30.081337428812077 27.104758878007992 0
      vertex 89.73682815347286 26.59656572489954 0
      vertex 30.26317184652715 26.59656572489954 0
    endloop
  endfacet
  facet normal 0 0 -1
    outer loop
      vertex 29.85056695391595 27.592682052542987 0
      vertex 89.91866257118792 27.104758878007992 0
      vertex 30.081337428812077 27.104758878007992 0
    endloop
  endfacet
  facet normal 0 0 -1
    outer loop
      vertex 21.94436371839219 29.573082867664 0
      vertex 98.05563628160782 130.426917132336 0
      vertex 22.407317947457013 29.85056695391595 0
    endloop
  endfacet
  facet normal 0 0 -1
    outer loop
      vertex 98.05563628160782 130.426917132336 0
      vertex 22.895241121992008 30.081337428812077 0
      vertex 22.407317947457013 29.85056695391595 0
    endloop
  endfacet
  facet normal 0 0 -1
    outer loop
      vertex 98.05563628160782 130.426917132336 0
      vertex 23.40343427510046 30.26317184652715 0
      vertex 22.895241121992008 30.081337428812077 0
    endloop
  endfacet
  facet normal 0 0 -1
    outer loop
      vertex 98.05563628160782 130.426917132336 0
      vertex 23.927003228911296 30.394319042217766 0
      vertex 23.40343427510046 30.26317184652715 0
    endloop
  endfacet
  facet normal 0 0 -1
    outer loop
      vertex 98.05563628160782 130.426917132336 0
      vertex 24.460905728187416 30.47351599669708 0
      vertex 23.927003228911296 30.394319042217766 0
    endloop
  endfacet
  facet normal 0 0 -1
    outer loop
      vertex 98.05563628160782 130.426917132336 0
      vertex 25 30.5 0
      vertex 24.460905728187416 30.47351599669708 0
    endloop
  endfacet
  facet normal 0 0 -1
    outer loop
      vertex 98.05563628160782 130.426917132336 0
      vertex 25.539094271812584 30.47351599669708 0
      vertex 25 30.5 0
    endloop
  endfacet
  facet normal 0 0 -1
    outer loop
      vertex 98.05563628160782 130.426917132336 0
      vertex 26.59656572489954 30.26317184652715 0
      vertex 26.072996771088704 30.394319042217766 0
    endloop
  endfacet
  facet normal 0 0 -1
    outer loop
      vertex 98.05563628160782 130.426917132336 0
      vertex 27.104758878007992 30.081337428812077 0
      vertex 26.59656572489954 30.26317184652715 0
    endloop
  endfacet
  facet normal 0 0 -1
    outer loop
      vertex 98.05563628160782 130.426917132336 0
      vertex 26.072996771088704 30.394319042217766 0
      vertex 25.539094271812584 30.47351599669708 0
    endloop
  endfacet
  facet normal 0 0 -1
    outer loop
      vertex 98.05563628160782 130.426917132336 0
      vertex 29.85056695391595 27.592682052542987 0
      vertex 29.573082867664 28.05563628160781 0
    endloop
  endfacet
  facet normal 0 0 -1
    outer loop
      vertex 98.05563628160782 130.426917132336 0
      vertex 29.573082867664 28.05563628160781 0
      vertex 29.251557493495053 28.48916306290005 0
    endloop
  endfacet
  facet normal 0 0 -1
    outer loop
      vertex 98.05563628160782 130.426917132336 0
      vertex 27.592682052542987 29.85056695391595 0
      vertex 27.104758878007992 30.081337428812077 0
    endloop
  endfacet
  facet normal 0 0 -1
    outer loop
      vertex 98.05563628160782 130.426917132336 0
      vertex 28.48916306290005 29.251557493495053 0
      vertex 28.05563628160781 29.573082867664 0
    endloop
  endfacet
  facet normal 0 0 -1
    outer loop
      vertex 98.05563628160782 130.426917132336 0
      vertex 28.05563628160781 29.573082867664 0
      vertex 27.592682052542987 29.85056695391595 0
    endloop
  endfacet
  facet normal 0 0 -1
    outer loop
      vertex 98.05563628160782 130.426917132336 0
      vertex 28.88908729652601 28.88908729652601 0
      vertex 28.48916306290005 29.251557493495053 0
    endloop
  endfacet
  facet normal 0 0 -1
    outer loop
      vertex 98.05563628160782 130.426917132336 0
      vertex 29.251557493495053 28.48916306290005 0
      vertex 28.88908729652601 28.88908729652601 0
    endloop
  endfacet
  facet normal 0 -1 0
    outer loop
      vertex 0 0 0
      vertex 29.002746333431357 0 2.5
      vertex 0 0 2.5
    endloop
  endfacet
  facet normal 0 0 1
    outer loop
      vertex 0 0 2.5
      vertex 8.41254172417296 9.151485873713204 2.5
      vertex 8.337016841479684 9.311169821742839 2.5
    endloop
  endfacet
  facet normal 0 0 1
    outer loop
      vertex 0 0 2.5
      vertex 8.277507395682024 9.477487580941968 2.5
      vertex 8.234586495274185 9.648837420370969 2.5
    endloop
  endfacet
  facet normal 0 0 1
    outer loop
      vertex 0 0 2.5
      vertex 8.234586495274185 9.648837420370969 2.5
      vertex 8.208667491990045 9.823569147406792 2.5
    endloop
  endfacet
  facet normal 0 0 1
    outer loop
      vertex 0 0 2.5
      vertex 8.337016841479684 9.311169821742839 2.5
      vertex 8.277507395682024 9.477487580941968 2.5
    endloop
  endfacet
  facet normal 0 0 1
    outer loop
      vertex 0 0 2.5
      vertex 8.727207793864213 8.727207793864213 2.5
      vertex 8.608581183947074 8.858092088505439 2.5
    endloop
  endfacet
  facet normal 0 0 1
    outer loop
      vertex 0 0 2.5
      vertex 8.608581183947074 8.858092088505439 2.5
      vertex 8.503354697855418 8.999973580564717 2.5
    endloop
  endfacet
  facet normal 0 0 1
    outer loop
      vertex 0 0 2.5
      vertex 8.503354697855418 8.999973580564717 2.5
      vertex 8.41254172417296 9.151485873713204 2.5
    endloop
  endfacet
  facet normal 0 0 1
    outer loop
      vertex 0 0 2.5
      vertex 8.999973580564717 8.503354697855418 2.5
      vertex 8.858092088505439 8.608581183947074 2.5
    endloop
  endfacet
  facet normal 0 0 1
    outer loop
      vertex 0 0 2.5
      vertex 8.858092088505439 8.608581183947074 2.5
      vertex 8.727207793864213 8.727207793864213 2.5
    endloop
  endfacet
  facet normal 0 0 1
    outer loop
      vertex 0 0 2.5
      vertex 9.151485873713204 8.41254172417296 2.5
      vertex 8.999973580564717 8.503354697855418 2.5
    endloop
  endfacet
  facet normal 0 0 1
    outer loop
      vertex 0 0 2.5
      vertex 9.311169821742839 8.337016841479684 2.5
      vertex 9.151485873713204 8.41254172417296 2.5
    endloop
  endfacet
  facet normal 0 0 1
    outer loop
      vertex 0 0 2.5
      vertex 9.477487580941968 8.277507395682024 2.5
      vertex 9.311169821742839 8.337016841479684 2.5
    endloop
  endfacet
  facet normal 0 0 1
    outer loop
      vertex 0 0 2.5
      vertex 9.648837420370969 8.234586495274185 2.5
      vertex 9.477487580941968 8.277507395682024 2.5
    endloop
  endfacet
  facet normal 0 0 1
    outer loop
      vertex 0 0 2.5
      vertex 9.823569147406792 8.208667491990045 2.5
      vertex 9.648837420370969 8.234586495274185 2.5
    endloop
  endfacet
  facet normal 0 0 1
    outer loop
      vertex 0 0 2.5
      vertex 10 8.2 2.5
      vertex 9.823569147406792 8.208667491990045 2.5
    endloop
  endfacet
  facet normal 0 0 1
    outer loop
      vertex 0 0 2.5
      vertex 10.176430852593208 8.208667491990045 2.5
      vertex 10 8.2 2.5
    endloop
  endfacet
  facet normal 0 0 1
    outer loop
      vertex 0 0 2.5
      vertex 10.351162579629031 8.234586495274185 2.5
      vertex 10.176430852593208 8.208667491990045 2.5
    endloop
  endfacet
  facet normal 0 0 1
    outer loop
      vertex 0 0 2.5
      vertex 10.522512419058032 8.277507395682024 2.5
      vertex 10.351162579629031 8.234586495274185 2.5
    endloop
  endfacet
  facet normal 0 0 1
    outer loop
      vertex 0 0 2.5
      vertex 10.688830178257161 8.337016841479684 2.5
      vertex 10.522512419058032 8.277507395682024 2.5
    endloop
  endfacet
  facet normal 0 0 1
    outer loop
      vertex 0 0 2.5
      vertex 29.245765221078404 2.661074022957368 2.5
      vertex 10.688830178257161 8.337016841479684 2.5
    endloop
  endfacet
  facet normal 0 0 1
    outer loop
      vertex 0 0 2.5
      vertex 28.468895462828467 0.7855445163928603 2.5
      vertex 28.43074355135483 0.9378554847741948 2.5
    endloop
  endfacet
  facet normal 0 0 1
    outer loop
      vertex 0 0 2.5
      vertex 28.66964862031593 0.3610876271686365 2.5
      vertex 28.58892597704263 0.4957652210784037 2.5
    endloop
  endfacet
  facet normal 0 0 1
    outer loop
      vertex 0 0 2.5
      vertex 28.868629150101523 0.11862915010152375 2.5
      vertex 28.76318327461962 0.2349707453381671 2.5
    endloop
  endfacet
  facet normal 0 0 1
    outer loop
      vertex 0 0 2.5
      vertex 28.76318327461962 0.2349707453381671 2.5
      vertex 28.66964862031593 0.3610876271686365 2.5
    endloop
  endfacet
  facet normal 0 0 1
    outer loop
      vertex 0 0 2.5
      vertex 28.58892597704263 0.4957652210784037 2.5
      vertex 28.52179274798194 0.6377065082158563 2.5
    endloop
  endfacet
  facet normal 0 0 1
    outer loop
      vertex 0 0 2.5
      vertex 28.52179274798194 0.6377065082158563 2.5
      vertex 28.468895462828467 0.7855445163928603 2.5
    endloop
  endfacet
  facet normal 0 0 1
    outer loop
      vertex 0 0 2.5
      vertex 28.43074355135483 0.9378554847741948 2.5
      vertex 28.407704437324483 1.093172575472703 2.5
    endloop
  endfacet
  facet normal 0 0 1
    outer loop
      vertex 0 0 2.5
      vertex 28.407704437324483 1.093172575472703 2.5
      vertex 28.4 1.25 2.5
    endloop
  endfacet
  facet normal 0 0 1
    outer loop
      vertex 0 0 2.5
      vertex 28.4 1.25 2.5
      vertex 28.407704437324483 1.406827424527297 2.5
    endloop
  endfacet
  facet normal 0 0 1
    outer loop
      vertex 0 0 2.5
      vertex 28.407704437324483 1.406827424527297 2.5
      vertex 28.43074355135483 1.562144515225805 2.5
    endloop
  endfacet
  facet normal 0 0 1
    outer loop
      vertex 0 0 2.5
      vertex 28.43074355135483 1.562144515225805 2.5
      vertex 28.468895462828467 1.7144554836071397 2.5
    endloop
  endfacet
  facet normal 0 0 1
    outer loop
      vertex 0 0 2.5
      vertex 28.468895462828467 1.7144554836071397 2.5
      vertex 28.52179274798194 1.8622934917841438 2.5
    endloop
  endfacet
  facet normal 0 0 1
    outer loop
      vertex 0 0 2.5
      vertex 29.002746333431357 0 2.5
      vertex 28.984970745338167 0.013183274619620766 2.5
    endloop
  endfacet
  facet normal 0 0 1
    outer loop
      vertex 0 0 2.5
      vertex 28.984970745338167 0.013183274619620766 2.5
      vertex 28.868629150101523 0.11862915010152375 2.5
    endloop
  endfacet
  facet normal 0 0 1
    outer loop
      vertex 0 0 2.5
      vertex 28.52179274798194 1.8622934917841438 2.5
      vertex 28.58892597704263 2.0042347789215964 2.5
    endloop
  endfacet
  facet normal 0 0 1
    outer loop
      vertex 0 0 2.5
      vertex 28.58892597704263 2.0042347789215964 2.5
      vertex 28.66964862031593 2.1389123728313635 2.5
    endloop
  endfacet
  facet normal 0 0 1
    outer loop
      vertex 0 0 2.5
      vertex 28.66964862031593 2.1389123728313635 2.5
      vertex 28.76318327461962 2.265029254661833 2.5
    endloop
  endfacet
  facet normal 0 0 1
    outer loop
      vertex 0 0 2.5
      vertex 28.76318327461962 2.265029254661833 2.5
      vertex 28.868629150101523 2.3813708498984765 2.5
    endloop
  endfacet
  facet normal 0 0 1
    outer loop
      vertex 0 0 2.5
      vertex 28.868629150101523 2.3813708498984765 2.5
      vertex 28.984970745338167 2.486816725380379 2.5
    endloop
  endfacet
  facet normal 0 0 1
    outer loop
      vertex 0 0 2.5
      vertex 28.984970745338167 2.486816725380379 2.5
      vertex 29.111087627168637 2.5803513796840725 2.5
    endloop
  endfacet
  facet normal 0 0 1
    outer loop
      vertex 0 0 2.5
      vertex 29.111087627168637 2.5803513796840725 2.5
      vertex 29.245765221078404 2.661074022957368 2.5
    endloop
  endfacet
  facet normal 0 0 1
    outer loop
      vertex 29.245765221078404 2.661074022957368 2.5
      vertex 29.387706508215857 2.728207252018059 2.5
      vertex 10.688830178257161 8.337016841479684 2.5
    endloop
  endfacet
  facet normal 0 0 1
    outer loop
      vertex 29.53554451639286 2.781104537171534 2.5
      vertex 29.687855484774193 2.8192564486451688 2.5
      vertex 10.688830178257161 8.337016841479684 2.5
    endloop
  endfacet
  facet normal 0 0 1
    outer loop
      vertex 29.387706508215857 2.728207252018059 2.5
      vertex 29.53554451639286 2.781104537171534 2.5
      vertex 10.688830178257161 8.337016841479684 2.5
    endloop
  endfacet
  facet normal 0 0 1
    outer loop
      vertex 29.687855484774193 2.8192564486451688 2.5
      vertex 29.843172575472703 2.842295562675515 2.5
      vertex 10.688830178257161 8.337016841479684 2.5
    endloop
  endfacet
  facet normal 0 0 1
    outer loop
      vertex 29.843172575472703 2.842295562675515 2.5
      vertex 30 2.85 2.5
      vertex 10.688830178257161 8.337016841479684 2.5
    endloop
  endfacet
  facet normal 0 0 1
    outer loop
      vertex 30 2.85 2.5
      vertex 30.156827424527297 2.842295562675515 2.5
      vertex 10.688830178257161 8.337016841479684 2.5
    endloop
  endfacet
  facet normal 0 0 1
    outer loop
      vertex 30.156827424527297 2.842295562675515 2.5
      vertex 30.312144515225807 2.8192564486451688 2.5
      vertex 10.688830178257161 8.337016841479684 2.5
    endloop
  endfacet
  facet normal 0 0 1
    outer loop
      vertex 30.312144515225807 2.8192564486451688 2.5
      vertex 30.46445548360714 2.781104537171534 2.5
      vertex 10.688830178257161 8.337016841479684 2.5
    endloop
  endfacet
  facet normal -1 0 0
    outer loop
      vertex 0 0 0
      vertex 0 0 2.5
      vertex 0 160 2.5
    endloop
  endfacet
  facet normal 0 0 1
    outer loop
      vertex 0 0 2.5
      vertex 8.208667491990045 9.823569147406792 2.5
      vertex 0 160 2.5
    endloop
  endfacet
  facet normal 0 0 1
    outer loop
      vertex 0 160 2.5
      vertex 8.208667491990045 9.823569147406792 2.5
      vertex 8.2 10 2.5
    endloop
  endfacet
  facet normal 0 0 1
    outer loop
      vertex 0 160 2.5
      vertex 8.2 10 2.5
      vertex 8.208667491990045 10.176430852593208 2.5
    endloop
  endfacet
  facet normal 0 0 1
    outer loop
      vertex 0 160 2.5
      vertex 8.208667491990045 10.176430852593208 2.5
      vertex 8.234586495274185 10.351162579629031 2.5
    endloop
  endfacet
  facet normal 0 0 1
    outer loop
      vertex 0 160 2.5
      vertex 8.234586495274185 10.351162579629031 2.5
      vertex 8.277507395682024 10.522512419058032 2.5
    endloop
  endfacet
  facet normal 0 0 1
    outer loop
      vertex 0 160 2.5
      vertex 8.277507395682024 10.522512419058032 2.5
      vertex 8.337016841479684 10.688830178257161 2.5
    endloop
  endfacet
  facet normal 0 0 1
    outer loop
      vertex 0 160 2.5
      vertex 8.337016841479684 10.688830178257161 2.5
      vertex 8.41254172417296 10.848514126286796 2.5
    endloop
  endfacet
  facet normal 0 0 1
    outer loop
      vertex 0 160 2.5
      vertex 8.41254172417296 10.848514126286796 2.5
      vertex 8.503354697855418 11.000026419435283 2.5
    endloop
  endfacet
  facet normal 0 0 1
    outer loop
      vertex 0 160 2.5
      vertex 8.503354697855418 11.000026419435283 2.5
      vertex 8.608581183947074 11.141907911494561 2.5
    endloop
  endfacet
  facet normal 0 0 1
    outer loop
      vertex 0 160 2.5
      vertex 8.608581183947074 11.141907911494561 2.5
      vertex 8.727207793864213 11.272792206135787 2.5
    endloop
  endfacet
  facet normal 0 0 1
    outer loop
      vertex 0 160 2.5
      vertex 8.727207793864213 11.272792206135787 2.5
      vertex 8.858092088505439 11.391418816052926 2.5
    endloop
  endfacet
  facet normal 0 0 1
    outer loop
      vertex 0 160 2.5
      vertex 8.858092088505439 11.391418816052926 2.5
      vertex 8.999973580564717 11.496645302144582 2.5
    endloop
  endfacet
  facet normal 0 0 1
    outer loop
      vertex 0 160 2.5
      vertex 8.999973580564717 11.496645302144582 2.5
      vertex 9.151485873713204 11.58745827582704 2.5
    endloop
  endfacet
  facet normal 0 0 1
    outer loop
      vertex 0 160 2.5
      vertex 9.151485873713204 11.58745827582704 2.5
      vertex 9.311169821742839 11.662983158520316 2.5
    endloop
  endfacet
  facet normal 0 0 1
    outer loop
      vertex 0 160 2.5
      vertex 9.311169821742839 11.662983158520316 2.5
      vertex 9.477487580941968 11.722492604317976 2.5
    endloop
  endfacet
  facet normal 0 0 1
    outer loop
      vertex 0 160 2.5
      vertex 9.477487580941968 11.722492604317976 2.5
      vertex 9.648837420370969 11.765413504725815 2.5
    endloop
  endfacet
  facet normal 0 0 1
    outer loop
      vertex 0 160 2.5
      vertex 9.648837420370969 11.765413504725815 2.5
      vertex 9.823569147406792 11.791332508009955 2.5
    endloop
  endfacet
  facet normal 0 0 1
    outer loop
      vertex 0 160 2.5
      vertex 9.823569147406792 11.791332508009955 2.5
      vertex 10 11.8 2.5
    endloop
  endfacet
  facet normal 0 0 1
    outer loop
      vertex 0 160 2.5
      vertex 10 11.8 2.5
      vertex 10.176430852593208 11.791332508009955 2.5
    endloop
  endfacet
  facet normal 0 0 1
    outer loop
      vertex 0 160 2.5
      vertex 10.176430852593208 11.791332508009955 2.5
      vertex 10.351162579629031 11.765413504725815 2.5
    endloop
  endfacet
  facet normal 0 0 1
    outer loop
      vertex 0 160 2.5
      vertex 10.351162579629031 11.765413504725815 2.5
      vertex 10.522512419058032 11.722492604317976 2.5
    endloop
  endfacet
  facet normal 0 0 1
    outer loop
      vertex 0 160 2.5
      vertex 10.522512419058032 11.722492604317976 2.5
      vertex 10.688830178257161 11.662983158520316 2.5
    endloop
  endfacet
  facet normal 0 0 1
    outer loop
      vertex 10.688830178257161 8.337016841479684 2.5
      vertex 108.60858118394707 8.858092088505439 2.5
      vertex 10.848514126286796 8.41254172417296 2.5
    endloop
  endfacet
  facet normal 0 0 1
    outer loop
      vertex 10.848514126286796 8.41254172417296 2.5
      vertex 108.60858118394707 8.858092088505439 2.5
      vertex 11.000026419435283 8.503354697855418 2.5
    endloop
  endfacet
  facet normal 0 0 1
    outer loop
      vertex 11.000026419435283 8.503354697855418 2.5
      vertex 108.60858118394707 8.858092088505439 2.5
      vertex 11.141907911494561 8.608581183947074 2.5
    endloop
  endfacet
  facet normal 0 0 1
    outer loop
      vertex 11.141907911494561 8.608581183947074 2.5
      vertex 108.60858118394707 8.858092088505439 2.5
      vertex 11.272792206135787 8.727207793864213 2.5
    endloop
  endfacet
  facet normal 0 0 1
    outer loop
      vertex 11.272792206135787 8.727207793864213 2.5
      vertex 108.60858118394707 8.858092088505439 2.5
      vertex 11.391418816052926 8.858092088505439 2.5
    endloop
  endfacet
  facet normal 0 0 1
    outer loop
      vertex 11.391418816052926 8.858092088505439 2.5
      vertex 108.60858118394707 8.858092088505439 2.5
      vertex 11.496645302144582 8.999973580564717 2.5
    endloop
  endfacet
  facet normal 0 0 1
    outer loop
      vertex 11.496645302144582 8.999973580564717 2.5
      vertex 108.60858118394707 8.858092088505439 2.5
      vertex 11.58745827582704 9.151485873713204 2.5
    endloop
  endfacet
  facet normal 0 0 1
    outer loop
      vertex 11.662983158520316 9.311169821742839 2.5
      vertex 108.60858118394707 8.858092088505439 2.5
      vertex 11.722492604317976 9.477487580941968 2.5
    endloop
  endfacet
  facet normal 0 0 1
    outer loop
      vertex 11.58745827582704 9.151485873713204 2.5
      vertex 108.60858118394707 8.858092088505439 2.5
      vertex 11.662983158520316 9.311169821742839 2.5
    endloop
  endfacet
  facet normal 0 0 1
    outer loop
      vertex 11.722492604317976 9.477487580941968 2.5
      vertex 108.60858118394707 8.858092088505439 2.5
      vertex 11.765413504725815 9.648837420370969 2.5
    endloop
  endfacet
  facet normal 0 0 1
    outer loop
      vertex 11.765413504725815 9.648837420370969 2.5
      vertex 108.60858118394707 8.858092088505439 2.5
      vertex 11.791332508009955 9.823569147406792 2.5
    endloop
  endfacet
  facet normal 0 0 1
    outer loop
      vertex 11.791332508009955 9.823569147406792 2.5
      vertex 108.60858118394707 8.858092088505439 2.5
      vertex 11.8 10 2.5
    endloop
  endfacet
  facet normal 0 0 1
    outer loop
      vertex 11.791332508009955 10.176430852593208 2.5
      vertex 108.60858118394707 11.141907911494561 2.5
      vertex 11.765413504725815 10.351162579629031 2.5
    endloop
  endfacet
  facet normal 0 0 1
    outer loop
      vertex 11.391418816052926 11.141907911494561 2.5
      vertex 108.72720779386421 11.272792206135787 2.5
      vertex 11.272792206135787 11.272792206135787 2.5
    endloop
  endfacet
  facet normal 0 0 1
    outer loop
      vertex 11.765413504725815 10.351162579629031 2.5
      vertex 108.60858118394707 11.141907911494561 2.5
      vertex 11.722492604317976 10.522512419058032 2.5
    endloop
  endfacet
  facet normal 0 0 1
    outer loop
      vertex 11.722492604317976 10.522512419058032 2.5
      vertex 108.60858118394707 11.141907911494561 2.5
      vertex 11.662983158520316 10.688830178257161 2.5
    endloop
  endfacet
  facet normal 0 0 1
    outer loop
      vertex 11.662983158520316 10.688830178257161 2.5
      vertex 108.60858118394707 11.141907911494561 2.5
      vertex 11.58745827582704 10.848514126286796 2.5
    endloop
  endfacet
  facet normal 0 0 1
    outer loop
      vertex 11.58745827582704 10.848514126286796 2.5
      vertex 108.60858118394707 11.141907911494561 2.5
      vertex 11.496645302144582 11.000026419435283 2.5
    endloop
  endfacet
  facet normal 0 0 1
    outer loop
      vertex 11.496645302144582 11.000026419435283 2.5
      vertex 108.60858118394707 11.141907911494561 2.5
      vertex 11.391418816052926 11.141907911494561 2.5
    endloop
  endfacet
  facet normal 0 0 1
    outer loop
      vertex 11.000026419435283 11.496645302144582 2.5
      vertex 109.1514858737132 11.58745827582704 2.5
      vertex 10.848514126286796 11.58745827582704 2.5
    endloop
  endfacet
  facet normal 0 0 1
    outer loop
      vertex 11.272792206135787 11.272792206135787 2.5
      vertex 108.85809208850544 11.391418816052926 2.5
      vertex 11.141907911494561 11.391418816052926 2.5
    endloop
  endfacet
  facet normal 0 0 1
    outer loop
      vertex 11.141907911494561 11.391418816052926 2.5
      vertex 108.99997358056471 11.496645302144582 2.5
      vertex 11.000026419435283 11.496645302144582 2.5
    endloop
  endfacet
  facet normal 0 0 1
    outer loop
      vertex 10.848514126286796 11.58745827582704 2.5
      vertex 109.31116982174284 11.662983158520316 2.5
      vertex 10.688830178257161 11.662983158520316 2.5
    endloop
  endfacet
  facet normal 0 0 1
    outer loop
      vertex 11.8 10 2.5
      vertex 108.60858118394707 11.141907911494561 2.5
      vertex 11.791332508009955 10.176430852593208 2.5
    endloop
  endfacet
  facet normal 0 0 1
    outer loop
      vertex 30.46445548360714 2.781104537171534 2.5
      vertex 108.60858118394707 8.858092088505439 2.5
      vertex 10.688830178257161 8.337016841479684 2.5
    endloop
  endfacet
  facet normal 0 0 1
    outer loop
      vertex 30.46445548360714 2.781104537171534 2.5
      vertex 30.612293491784143 2.728207252018059 2.5
      vertex 108.60858118394707 8.858092088505439 2.5
    endloop
  endfacet
  facet normal 0 0 1
    outer loop
      vertex 30.612293491784143 2.728207252018059 2.5
      vertex 30.754234778921596 2.661074022957368 2.5
      vertex 108.60858118394707 8.858092088505439 2.5
    endloop
  endfacet
  facet normal 0 0 1
    outer loop
      vertex 31.015029254661833 2.486816725380379 2.5
      vertex 31.131370849898477 2.3813708498984765 2.5
      vertex 108.60858118394707 8.858092088505439 2.5
    endloop
  endfacet
  facet normal 0 0 1
    outer loop
      vertex 30.888912372831363 2.5803513796840725 2.5
      vertex 31.015029254661833 2.486816725380379 2.5
      vertex 108.60858118394707 8.858092088505439 2.5
    endloop
  endfacet
  facet normal 0 0 1
    outer loop
      vertex 30.754234778921596 2.661074022957368 2.5
      vertex 30.888912372831363 2.5803513796840725 2.5
      vertex 108.60858118394707 8.858092088505439 2.5
    endloop
  endfacet
  facet normal 0 0 1
    outer loop
      vertex 31.23681672538038 2.265029254661833 2.5
      vertex 108.60858118394707 8.858092088505439 2.5
      vertex 31.131370849898477 2.3813708498984765 2.5
    endloop
  endfacet
  facet normal 0 0 1
    outer loop
      vertex 0 160 2.5
      vertex 10.688830178257161 11.662983158520316 2.5
      vertex 109.31116982174284 11.662983158520316 2.5
    endloop
  endfacet
  facet normal 0 0 -1
    outer loop
      vertex 0 0 0
      vertex 6.844951396473956 148.69313607847323 0
      vertex 6.988238882250367 148.3901801437392 0
    endloop
  endfacet
  facet normal 0 0 -1
    outer loop
      vertex 0 0 0
      vertex 6.732048753474507 149.00867782717603 0
      vertex 6.844951396473956 148.69313607847323 0
    endloop
  endfacet
  facet normal 0 0 -1
    outer loop
      vertex 0 0 0
      vertex 6.601444158414448 149.66527146577454 0
      vertex 6.650618267422968 149.33376655031492 0
    endloop
  endfacet
  facet normal 0 0 -1
    outer loop
      vertex 0 0 0
      vertex 6.585 150 0
      vertex 6.601444158414448 149.66527146577454 0
    endloop
  endfacet
  facet normal 0 0 -1
    outer loop
      vertex 0 0 0
      vertex 6.650618267422968 149.33376655031492 0
      vertex 6.732048753474507 149.00867782717603 0
    endloop
  endfacet
  facet normal 0 0 -1
    outer loop
      vertex 0 0 0
      vertex 7.160531273986807 148.10272765423804 0
      vertex 7.360169301766254 147.83354693458116 0
    endloop
  endfacet
  facet normal 0 0 -1
    outer loop
      vertex 0 0 0
      vertex 7.360169301766254 147.83354693458116 0
      vertex 7.5852303422479395 147.58523034224794 0
    endloop
  endfacet
  facet normal 0 0 -1
    outer loop
      vertex 0 0 0
      vertex 6.988238882250367 148.3901801437392 0
      vertex 7.160531273986807 148.10272765423804 0
    endloop
  endfacet
  facet normal 0 0 -1
    outer loop
      vertex 0 0 0
      vertex 19.605680957782234 133.9270032289113 0
      vertex 19.73682815347285 133.40343427510047 0
    endloop
  endfacet
  facet normal 0 0 -1
    outer loop
      vertex 0 0 0
      vertex 19.52648400330292 134.4609057281874 0
      vertex 19.605680957782234 133.9270032289113 0
    endloop
  endfacet
  facet normal 0 0 -1
    outer loop
      vertex 0 0 0
      vertex 19.5 135 0
      vertex 19.52648400330292 134.4609057281874 0
    endloop
  endfacet
  facet normal 0 0 -1
    outer loop
      vertex 0 0 0
      vertex 21.11091270347399 131.11091270347399 0
      vertex 21.51083693709995 130.74844250650494 0
    endloop
  endfacet
  facet normal 0 0 -1
    outer loop
      vertex 0 0 0
      vertex 21.51083693709995 130.74844250650494 0
      vertex 21.94436371839219 130.426917132336 0
    endloop
  endfacet
  facet normal 0 0 -1
    outer loop
      vertex 0 0 0
      vertex 21.94436371839219 130.426917132336 0
      vertex 22.407317947457013 130.14943304608406 0
    endloop
  endfacet
  facet normal 0 0 -1
    outer loop
      vertex 0 0 0
      vertex 20.14943304608405 132.40731794745702 0
      vertex 20.426917132336 131.9443637183922 0
    endloop
  endfacet
  facet normal 0 0 -1
    outer loop
      vertex 0 0 0
      vertex 19.918662571187923 132.895241121992 0
      vertex 20.14943304608405 132.40731794745702 0
    endloop
  endfacet
  facet normal 0 0 -1
    outer loop
      vertex 0 0 0
      vertex 20.426917132336 131.9443637183922 0
      vertex 20.748442506504947 131.51083693709995 0
    endloop
  endfacet
  facet normal 0 0 -1
    outer loop
      vertex 0 0 0
      vertex 20.748442506504947 131.51083693709995 0
      vertex 21.11091270347399 131.11091270347399 0
    endloop
  endfacet
  facet normal 0 0 -1
    outer loop
      vertex 0 0 0
      vertex 19.73682815347285 133.40343427510047 0
      vertex 19.918662571187923 132.895241121992 0
    endloop
  endfacet
  facet normal 0 0 -1
    outer loop
      vertex 0 0 0
      vertex 7.5852303422479395 147.58523034224794 0
      vertex 19.5 135 0
    endloop
  endfacet
  facet normal 0 0 -1
    outer loop
      vertex 0 0 0
      vertex 0 160 0
      vertex 6.585 150 0
    endloop
  endfacet
  facet normal 0 0 -1
    outer loop
      vertex 0 0 0
      vertex 22.407317947457013 130.14943304608406 0
      vertex 22.895241121992008 129.91866257118792 0
    endloop
  endfacet
  facet normal 0 0 -1
    outer loop
      vertex 0 0 0
      vertex 22.895241121992008 129.91866257118792 0
      vertex 23.40343427510046 129.73682815347286 0
    endloop
  endfacet
  facet normal 0 0 -1
    outer loop
      vertex 0 0 0
      vertex 23.40343427510046 129.73682815347286 0
      vertex 23.927003228911296 129.60568095778223 0
    endloop
  endfacet
  facet normal 0 0 -1
    outer loop
      vertex 0 0 0
      vertex 23.927003228911296 129.60568095778223 0
      vertex 24.460905728187416 129.52648400330293 0
    endloop
  endfacet
  facet normal 0 0 -1
    outer loop
      vertex 0 0 0
      vertex 24.460905728187416 129.52648400330293 0
      vertex 25 129.5 0
    endloop
  endfacet
  facet normal 0 0 -1
    outer loop
      vertex 0 0 0
      vertex 25 129.5 0
      vertex 25.539094271812584 129.52648400330293 0
    endloop
  endfacet
  facet normal 0 0 -1
    outer loop
      vertex 0 0 0
      vertex 25.539094271812584 129.52648400330293 0
      vertex 26.072996771088704 129.60568095778223 0
    endloop
  endfacet
  facet normal 0 0 -1
    outer loop
      vertex 0 0 0
      vertex 26.072996771088704 129.60568095778223 0
      vertex 26.59656572489954 129.73682815347286 0
    endloop
  endfacet
  facet normal 0 0 -1
    outer loop
      vertex 0 0 0
      vertex 26.59656572489954 129.73682815347286 0
      vertex 27.104758878007992 129.91866257118792 0
    endloop
  endfacet
  facet normal 0 0 -1
    outer loop
      vertex 0 0 0
      vertex 27.104758878007992 129.91866257118792 0
      vertex 27.592682052542987 130.14943304608406 0
    endloop
  endfacet
  facet normal 0 0 -1
    outer loop
      vertex 0 0 0
      vertex 27.592682052542987 130.14943304608406 0
      vertex 28.05563628160781 130.426917132336 0
    endloop
  endfacet
  facet normal 0 0 -1
    outer loop
      vertex 21.94436371839219 29.573082867664 0
      vertex 28.05563628160781 130.426917132336 0
      vertex 28.48916306290005 130.74844250650494 0
    endloop
  endfacet
  facet normal 0 0 -1
    outer loop
      vertex 21.94436371839219 29.573082867664 0
      vertex 28.48916306290005 130.74844250650494 0
      vertex 28.88908729652601 131.11091270347399 0
    endloop
  endfacet
  facet normal 0 0 -1
    outer loop
      vertex 21.94436371839219 29.573082867664 0
      vertex 28.88908729652601 131.11091270347399 0
      vertex 29.251557493495053 131.51083693709995 0
    endloop
  endfacet
  facet normal 0 0 -1
    outer loop
      vertex 21.94436371839219 29.573082867664 0
      vertex 29.251557493495053 131.51083693709995 0
      vertex 29.573082867664 131.9443637183922 0
    endloop
  endfacet
  facet normal 0 0 -1
    outer loop
      vertex 21.94436371839219 29.573082867664 0
      vertex 29.573082867664 131.9443637183922 0
      vertex 29.85056695391595 132.40731794745702 0
    endloop
  endfacet
  facet normal 0 0 -1
    outer loop
      vertex 21.94436371839219 29.573082867664 0
      vertex 29.85056695391595 132.40731794745702 0
      vertex 30.081337428812077 132.895241121992 0
    endloop
  endfacet
  facet normal 0 0 -1
    outer loop
      vertex 21.94436371839219 29.573082867664 0
      vertex 30.081337428812077 132.895241121992 0
      vertex 30.26317184652715 133.40343427510047 0
    endloop
  endfacet
  facet normal 0 0 -1
    outer loop
      vertex 21.94436371839219 29.573082867664 0
      vertex 30.26317184652715 133.40343427510047 0
      vertex 30.394319042217766 133.9270032289113 0
    endloop
  endfacet
  facet normal -1 0 0
    outer loop
      vertex 0 0 0
      vertex 0 160 2.5
      vertex 0 160 0
    endloop
  endfacet
  facet normal 0 0 -1
    outer loop
      vertex 0 160 0
      vertex 6.601444158414448 150.33472853422546 0
      vertex 6.585 150 0
    endloop
  endfacet
  facet normal 0 0 -1
    outer loop
      vertex 0 160 0
      vertex 6.650618267422968 150.66623344968508 0
      vertex 6.601444158414448 150.33472853422546 0
    endloop
  endfacet
  facet normal 0 0 -1
    outer loop
      vertex 0 160 0
      vertex 6.732048753474507 150.99132217282397 0
      vertex 6.650618267422968 150.66623344968508 0
    endloop
  endfacet
  facet normal 0 0 -1
    outer loop
      vertex 0 160 0
      vertex 6.844951396473956 151.30686392152677 0
      vertex 6.732048753474507 150.99132217282397 0
    endloop
  endfacet
  facet normal 0 0 -1
    outer loop
      vertex 0 160 0
      vertex 6.988238882250367 151.6098198562608 0
      vertex 6.844951396473956 151.30686392152677 0
    endloop
  endfacet
  facet normal 0 0 -1
    outer loop
      vertex 0 160 0
      vertex 7.160531273986807 151.89727234576196 0
      vertex 6.988238882250367 151.6098198562608 0
    endloop
  endfacet
  facet normal 0 0 -1
    outer loop
      vertex 0 160 0
      vertex 7.360169301766254 152.16645306541884 0
      vertex 7.160531273986807 151.89727234576196 0
    endloop
  endfacet
  facet normal 0 0 -1
    outer loop
      vertex 0 160 0
      vertex 7.5852303422479395 152.41476965775206 0
      vertex 7.360169301766254 152.16645306541884 0
    endloop
  endfacet
  facet normal 0 0 -1
    outer loop
      vertex 0 160 0
      vertex 7.83354693458115 152.63983069823374 0
      vertex 7.5852303422479395 152.41476965775206 0
    endloop
  endfacet
  facet normal 0 0 -1
    outer loop
      vertex 0 160 0
      vertex 8.102727654238059 152.8394687260132 0
      vertex 7.83354693458115 152.63983069823374 0
    endloop
  endfacet
  facet normal 0 0 -1
    outer loop
      vertex 0 160 0
      vertex 8.390180143739219 153.01176111774964 0
      vertex 8.102727654238059 152.8394687260132 0
    endloop
  endfacet
  facet normal 0 0 -1
    outer loop
      vertex 0 160 0
      vertex 8.693136078473218 153.15504860352604 0
      vertex 8.390180143739219 153.01176111774964 0
    endloop
  endfacet
  facet normal 0 0 -1
    outer loop
      vertex 0 160 0
      vertex 9.008677827176012 153.26795124652548 0
      vertex 8.693136078473218 153.15504860352604 0
    endloop
  endfacet
  facet normal 0 0 -1
    outer loop
      vertex 0 160 0
      vertex 9.333766550314921 153.34938173257703 0
      vertex 9.008677827176012 153.26795124652548 0
    endloop
  endfacet
  facet normal 0 0 -1
    outer loop
      vertex 0 160 0
      vertex 9.66527146577455 153.39855584158556 0
      vertex 9.333766550314921 153.34938173257703 0
    endloop
  endfacet
  facet normal 0 0 -1
    outer loop
      vertex 19.5 135 0
      vertex 7.5852303422479395 147.58523034224794 0
      vertex 7.83354693458115 147.36016930176626 0
    endloop
  endfacet
  facet normal 0 0 -1
    outer loop
      vertex 19.5 135 0
      vertex 8.102727654238059 147.1605312739868 0
      vertex 8.390180143739219 146.98823888225036 0
    endloop
  endfacet
  facet normal 0 0 -1
    outer loop
      vertex 19.5 135 0
      vertex 7.83354693458115 147.36016930176626 0
      vertex 8.102727654238059 147.1605312739868 0
    endloop
  endfacet
  facet normal 0 0 -1
    outer loop
      vertex 19.5 135 0
      vertex 8.390180143739219 146.98823888225036 0
      vertex 8.693136078473218 146.84495139647396 0
    endloop
  endfacet
  facet normal 0 0 -1
    outer loop
      vertex 19.5 135 0
      vertex 8.693136078473218 146.84495139647396 0
      vertex 9.008677827176012 146.73204875347452 0
    endloop
  endfacet
  facet normal 0 0 -1
    outer loop
      vertex 19.5 135 0
      vertex 9.008677827176012 146.73204875347452 0
      vertex 9.333766550314921 146.65061826742297 0
    endloop
  endfacet
  facet normal 0 0 -1
    outer loop
      vertex 19.52648400330292 135.5390942718126 0
      vertex 9.333766550314921 146.65061826742297 0
      vertex 9.66527146577455 146.60144415841444 0
    endloop
  endfacet
  facet normal 0 0 -1
    outer loop
      vertex 19.605680957782234 136.0729967710887 0
      vertex 9.66527146577455 146.60144415841444 0
      vertex 10 146.585 0
    endloop
  endfacet
  facet normal 0 0 -1
    outer loop
      vertex 19.605680957782234 136.0729967710887 0
      vertex 10 146.585 0
      vertex 10.33472853422545 146.60144415841444 0
    endloop
  endfacet
  facet normal 0 0 -1
    outer loop
      vertex 19.73682815347285 136.59656572489953 0
      vertex 10.33472853422545 146.60144415841444 0
      vertex 10.666233449685079 146.65061826742297 0
    endloop
  endfacet
  facet normal 0 0 -1
    outer loop
      vertex 10.666233449685079 146.65061826742297 0
      vertex 10.991322172823988 146.73204875347452 0
      vertex 19.918662571187923 137.104758878008 0
    endloop
  endfacet
  facet normal 0 0 -1
    outer loop
      vertex 10.991322172823988 146.73204875347452 0
      vertex 11.306863921526782 146.84495139647396 0
      vertex 19.918662571187923 137.104758878008 0
    endloop
  endfacet
  facet normal 0 0 -1
    outer loop
      vertex 11.306863921526782 146.84495139647396 0
      vertex 11.609819856260781 146.98823888225036 0
      vertex 20.14943304608405 137.59268205254298 0
    endloop
  endfacet
  facet normal 0 0 -1
    outer loop
      vertex 11.609819856260781 146.98823888225036 0
      vertex 11.897272345761941 147.1605312739868 0
      vertex 20.426917132336 138.0556362816078 0
    endloop
  endfacet
  facet normal 0 0 -1
    outer loop
      vertex 11.897272345761941 147.1605312739868 0
      vertex 12.16645306541885 147.36016930176626 0
      vertex 20.748442506504947 138.48916306290005 0
    endloop
  endfacet
  facet normal 0 0 -1
    outer loop
      vertex 19.5 135 0
      vertex 9.333766550314921 146.65061826742297 0
      vertex 19.52648400330292 135.5390942718126 0
    endloop
  endfacet
  facet normal 0 0 -1
    outer loop
      vertex 19.52648400330292 135.5390942718126 0
      vertex 9.66527146577455 146.60144415841444 0
      vertex 19.605680957782234 136.0729967710887 0
    endloop
  endfacet
  facet normal 0 0 -1
    outer loop
      vertex 19.605680957782234 136.0729967710887 0
      vertex 10.33472853422545 146.60144415841444 0
      vertex 19.73682815347285 136.59656572489953 0
    endloop
  endfacet
  facet normal 0 0 -1
    outer loop
      vertex 19.73682815347285 136.59656572489953 0
      vertex 10.666233449685079 146.65061826742297 0
      vertex 19.918662571187923 137.104758878008 0
    endloop
  endfacet
  facet normal 0 0 -1
    outer loop
      vertex 12.16645306541885 147.36016930176626 0
      vertex 12.41476965775206 147.58523034224794 0
      vertex 20.748442506504947 138.48916306290005 0
    endloop
  endfacet
  facet normal 0 0 -1
    outer loop
      vertex 12.41476965775206 147.58523034224794 0
      vertex 12.639830698233746 147.83354693458116 0
      vertex 21.11091270347399 138.88908729652601 0
    endloop
  endfacet
  facet normal 0 0 -1
    outer loop
      vertex 19.918662571187923 137.104758878008 0
      vertex 11.306863921526782 146.84495139647396 0
      vertex 20.14943304608405 137.59268205254298 0
    endloop
  endfacet
  facet normal 0 0 -1
    outer loop
      vertex 11.609819856260781 146.98823888225036 0
      vertex 20.426917132336 138.0556362816078 0
      vertex 20.14943304608405 137.59268205254298 0
    endloop
  endfacet
  facet normal 0 0 -1
    outer loop
      vertex 11.897272345761941 147.1605312739868 0
      vertex 20.748442506504947 138.48916306290005 0
      vertex 20.426917132336 138.0556362816078 0
    endloop
  endfacet
  facet normal 0 0 -1
    outer loop
      vertex 20.748442506504947 138.48916306290005 0
      vertex 12.41476965775206 147.58523034224794 0
      vertex 21.11091270347399 138.88908729652601 0
    endloop
  endfacet
  facet normal 0 0 -1
    outer loop
      vertex 12.639830698233746 147.83354693458116 0
      vertex 21.51083693709995 139.25155749349506 0
      vertex 21.11091270347399 138.88908729652601 0
    endloop
  endfacet
  facet normal 0 0 -1
    outer loop
      vertex 12.639830698233746 147.83354693458116 0
      vertex 12.839468726013193 148.10272765423804 0
      vertex 21.51083693709995 139.25155749349506 0
    endloop
  endfacet
  facet normal 0 0 -1
    outer loop
      vertex 12.839468726013193 148.10272765423804 0
      vertex 13.011761117749632 148.3901801437392 0
      vertex 21.94436371839219 139.573082867664 0
    endloop
  endfacet
  facet normal 0 0 -1
    outer loop
      vertex 13.155048603526044 148.69313607847323 0
      vertex 22.407317947457013 139.85056695391594 0
      vertex 13.011761117749632 148.3901801437392 0
    endloop
  endfacet
  facet normal 0 0 -1
    outer loop
      vertex 13.267951246525493 149.00867782717603 0
      vertex 22.407317947457013 139.85056695391594 0
      vertex 13.155048603526044 148.69313607847323 0
    endloop
  endfacet
  facet normal 0 0 -1
    outer loop
      vertex 13.349381732577031 149.33376655031492 0
      vertex 22.895241121992008 140.08133742881208 0
      vertex 13.267951246525493 149.00867782717603 0
    endloop
  endfacet
  facet normal 0 0 -1
    outer loop
      vertex 13.398555841585551 149.66527146577454 0
      vertex 23.40343427510046 140.26317184652714 0
      vertex 13.349381732577031 149.33376655031492 0
    endloop
  endfacet
  facet normal 0 0 -1
    outer loop
      vertex 13.415 150 0
      vertex 23.927003228911296 140.39431904221777 0
      vertex 13.398555841585551 149.66527146577454 0
    endloop
  endfacet
  facet normal 0 0 -1
    outer loop
      vertex 24.460905728187416 140.47351599669707 0
      vertex 13.415 150 0
      vertex 13.398555841585551 150.33472853422546 0
    endloop
  endfacet
  facet normal 0 0 -1
    outer loop
      vertex 12.839468726013193 148.10272765423804 0
      vertex 21.94436371839219 139.573082867664 0
      vertex 21.51083693709995 139.25155749349506 0
    endloop
  endfacet
  facet normal 0 0 -1
    outer loop
      vertex 22.407317947457013 139.85056695391594 0
      vertex 21.94436371839219 139.573082867664 0
      vertex 13.011761117749632 148.3901801437392 0
    endloop
  endfacet
  facet normal 0 0 -1
    outer loop
      vertex 13.267951246525493 149.00867782717603 0
      vertex 22.895241121992008 140.08133742881208 0
      vertex 22.407317947457013 139.85056695391594 0
    endloop
  endfacet
  facet normal 0 0 -1
    outer loop
      vertex 13.349381732577031 149.33376655031492 0
      vertex 23.40343427510046 140.26317184652714 0
      vertex 22.895241121992008 140.08133742881208 0
    endloop
  endfacet
  facet normal 0 0 -1
    outer loop
      vertex 23.927003228911296 140.39431904221777 0
      vertex 23.40343427510046 140.26317184652714 0
      vertex 13.398555841585551 149.66527146577454 0
    endloop
  endfacet
  facet normal 0 0 -1
    outer loop
      vertex 24.460905728187416 140.47351599669707 0
      vertex 23.927003228911296 140.39431904221777 0
      vertex 13.415 150 0
    endloop
  endfacet
  facet normal 0 0 -1
    outer loop
      vertex 13.398555841585551 150.33472853422546 0
      vertex 25 140.5 0
      vertex 24.460905728187416 140.47351599669707 0
    endloop
  endfacet
  facet normal 0 1 0
    outer loop
      vertex 0 160 0
      vertex 0 160 2.5
      vertex 89.00274633343136 160 0
    endloop
  endfacet
  facet normal 0 0 -1
    outer loop
      vertex 21.94436371839219 29.573082867664 0
      vertex 30.394319042217766 133.9270032289113 0
      vertex 89.60568095778223 133.9270032289113 0
    endloop
  endfacet
  facet normal 0 0 -1
    outer loop
      vertex 0 160 0
      vertex 88.86862915010153 157.61862915010153 0
      vertex 9.66527146577455 153.39855584158556 0
    endloop
  endfacet
  facet normal 0 0 -1
    outer loop
      vertex 9.66527146577455 153.39855584158556 0
      vertex 88.86862915010153 157.61862915010153 0
      vertex 10 153.415 0
    endloop
  endfacet
  facet normal 0 0 -1
    outer loop
      vertex 10 153.415 0
      vertex 88.86862915010153 157.61862915010153 0
      vertex 10.33472853422545 153.39855584158556 0
    endloop
  endfacet
  facet normal 0 0 -1
    outer loop
      vertex 10.33472853422545 153.39855584158556 0
      vertex 88.86862915010153 157.61862915010153 0
      vertex 10.666233449685079 153.34938173257703 0
    endloop
  endfacet
  facet normal 0 0 -1
    outer loop
      vertex 10.666233449685079 153.34938173257703 0
      vertex 88.86862915010153 157.61862915010153 0
      vertex 10.991322172823988 153.26795124652548 0
    endloop
  endfacet
  facet normal 0 0 -1
    outer loop
      vertex 10.991322172823988 153.26795124652548 0
      vertex 88.86862915010153 157.61862915010153 0
      vertex 11.306863921526782 153.15504860352604 0
    endloop
  endfacet
  facet normal 0 0 -1
    outer loop
      vertex 11.306863921526782 153.15504860352604 0
      vertex 88.86862915010153 157.61862915010153 0
      vertex 11.609819856260781 153.01176111774964 0
    endloop
  endfacet
  facet normal 0 0 -1
    outer loop
      vertex 11.609819856260781 153.01176111774964 0
      vertex 88.86862915010153 157.61862915010153 0
      vertex 11.897272345761941 152.8394687260132 0
    endloop
  endfacet
  facet normal 0 0 -1
    outer loop
      vertex 13.398555841585551 150.33472853422546 0
      vertex 88.86862915010153 157.61862915010153 0
      vertex 25 140.5 0
    endloop
  endfacet
  facet normal 0 0 -1
    outer loop
      vertex 13.267951246525493 150.99132217282397 0
      vertex 13.155048603526044 151.30686392152677 0
      vertex 88.86862915010153 157.61862915010153 0
    endloop
  endfacet
  facet normal 0 0 -1
    outer loop
      vertex 13.011761117749632 151.6098198562608 0
      vertex 12.839468726013193 151.89727234576196 0
      vertex 88.86862915010153 157.61862915010153 0
    endloop
  endfacet
  facet normal 0 0 -1
    outer loop
      vertex 13.155048603526044 151.30686392152677 0
      vertex 13.011761117749632 151.6098198562608 0
      vertex 88.86862915010153 157.61862915010153 0
    endloop
  endfacet
  facet normal 0 0 -1
    outer loop
      vertex 11.897272345761941 152.8394687260132 0
      vertex 88.86862915010153 157.61862915010153 0
      vertex 12.16645306541885 152.63983069823374 0
    endloop
  endfacet
  facet normal 0 0 -1
    outer loop
      vertex 12.16645306541885 152.63983069823374 0
      vertex 88.86862915010153 157.61862915010153 0
      vertex 12.41476965775206 152.41476965775206 0
    endloop
  endfacet
  facet normal 0 0 -1
    outer loop
      vertex 12.839468726013193 151.89727234576196 0
      vertex 12.639830698233746 152.16645306541884 0
      vertex 88.86862915010153 157.61862915010153 0
    endloop
  endfacet
  facet normal 0 0 -1
    outer loop
      vertex 12.41476965775206 152.41476965775206 0
      vertex 88.86862915010153 157.61862915010153 0
      vertex 12.639830698233746 152.16645306541884 0
    endloop
  endfacet
  facet normal 0 0 -1
    outer loop
      vertex 13.398555841585551 150.33472853422546 0
      vertex 13.349381732577031 150.66623344968508 0
      vertex 88.86862915010153 157.61862915010153 0
    endloop
  endfacet
  facet normal 0 0 -1
    outer loop
      vertex 13.349381732577031 150.66623344968508 0
      vertex 13.267951246525493 150.99132217282397 0
      vertex 88.86862915010153 157.61862915010153 0
    endloop
  endfacet
  facet normal 0 0 -1
    outer loop
      vertex 30.47351599669708 134.4609057281874 0
      vertex 89.60568095778223 133.9270032289113 0
      vertex 30.394319042217766 133.9270032289113 0
    endloop
  endfacet
  facet normal 0 0 -1
    outer loop
      vertex 25.539094271812584 140.47351599669707 0
      vertex 25 140.5 0
      vertex 88.86862915010153 157.61862915010153 0
    endloop
  endfacet
  facet normal 0 0 -1
    outer loop
      vertex 26.072996771088704 140.39431904221777 0
      vertex 25.539094271812584 140.47351599669707 0
      vertex 88.86862915010153 157.61862915010153 0
    endloop
  endfacet
  facet normal 0 0 -1
    outer loop
      vertex 26.59656572489954 140.26317184652714 0
      vertex 26.072996771088704 140.39431904221777 0
      vertex 88.86862915010153 157.61862915010153 0
    endloop
  endfacet
  facet normal 0 0 -1
    outer loop
      vertex 27.104758878007992 140.08133742881208 0
      vertex 26.59656572489954 140.26317184652714 0
      vertex 88.86862915010153 157.61862915010153 0
    endloop
  endfacet
  facet normal 0 0 -1
    outer loop
      vertex 27.592682052542987 139.85056695391594 0
      vertex 27.104758878007992 140.08133742881208 0
      vertex 88.86862915010153 157.61862915010153 0
    endloop
  endfacet
  facet normal 0 0 -1
    outer loop
      vertex 28.05563628160781 139.573082867664 0
      vertex 27.592682052542987 139.85056695391594 0
      vertex 88.86862915010153 157.61862915010153 0
    endloop
  endfacet
  facet normal 0 0 -1
    outer loop
      vertex 28.48916306290005 139.25155749349506 0
      vertex 28.05563628160781 139.573082867664 0
      vertex 88.86862915010153 157.61862915010153 0
    endloop
  endfacet
  facet normal 0 0 -1
    outer loop
      vertex 28.88908729652601 138.88908729652601 0
      vertex 28.48916306290005 139.25155749349506 0
      vertex 88.86862915010153 157.61862915010153 0
    endloop
  endfacet
  facet normal 0 0 -1
    outer loop
      vertex 30.5 135 0
      vertex 88.86862915010153 157.61862915010153 0
      vertex 30.47351599669708 134.4609057281874 0
    endloop
  endfacet
  facet normal 0 0 -1
    outer loop
      vertex 28.88908729652601 138.88908729652601 0
      vertex 88.86862915010153 157.61862915010153 0
      vertex 29.251557493495053 138.48916306290005 0
    endloop
  endfacet
  facet normal 0 0 -1
    outer loop
      vertex 29.85056695391595 137.59268205254298 0
      vertex 88.86862915010153 157.61862915010153 0
      vertex 30.081337428812077 137.104758878008 0
    endloop
  endfacet
  facet normal 0 0 -1
    outer loop
      vertex 29.573082867664 138.0556362816078 0
      vertex 88.86862915010153 157.61862915010153 0
      vertex 29.85056695391595 137.59268205254298 0
    endloop
  endfacet
  facet normal 0 0 -1
    outer loop
      vertex 29.251557493495053 138.48916306290005 0
      vertex 88.86862915010153 157.61862915010153 0
      vertex 29.573082867664 138.0556362816078 0
    endloop
  endfacet
  facet normal 0 0 -1
    outer loop
      vertex 30.394319042217766 136.0729967710887 0
      vertex 88.86862915010153 157.61862915010153 0
      vertex 30.47351599669708 135.5390942718126 0
    endloop
  endfacet
  facet normal 0 0 -1
    outer loop
      vertex 30.47351599669708 135.5390942718126 0
      vertex 88.86862915010153 157.61862915010153 0
      vertex 30.5 135 0
    endloop
  endfacet
  facet normal 0 0 -1
    outer loop
      vertex 30.26317184652715 136.59656572489953 0
      vertex 88.86862915010153 157.61862915010153 0
      vertex 30.394319042217766 136.0729967710887 0
    endloop
  endfacet
  facet normal 0 0 -1
    outer loop
      vertex 30.081337428812077 137.104758878008 0
      vertex 88.86862915010153 157.61862915010153 0
      vertex 30.26317184652715 136.59656572489953 0
    endloop
  endfacet
  facet normal 0 0 -1
    outer loop
      vertex 0 160 0
      vertex 88.52179274798195 158.13770650821584 0
      vertex 88.58892597704263 157.99576522107841 0
    endloop
  endfacet
  facet normal 0 0 -1
    outer loop
      vertex 0 160 0
      vertex 88.46889546282847 158.28554451639286 0
      vertex 88.52179274798195 158.13770650821584 0
    endloop
  endfacet
  facet normal 0 0 -1
    outer loop
      vertex 0 160 0
      vertex 88.40770443732448 158.5931725754727 0
      vertex 88.43074355135484 158.4378554847742 0
    endloop
  endfacet
  facet normal 0 0 -1
    outer loop
      vertex 0 160 0
      vertex 88.43074355135484 158.4378554847742 0
      vertex 88.46889546282847 158.28554451639286 0
    endloop
  endfacet
  facet normal 0 0 -1
    outer loop
      vertex 0 160 0
      vertex 88.4 158.75 0
      vertex 88.40770443732448 158.5931725754727 0
    endloop
  endfacet
  facet normal 0 0 -1
    outer loop
      vertex 0 160 0
      vertex 88.40770443732448 158.9068274245273 0
      vertex 88.4 158.75 0
    endloop
  endfacet
  facet normal 0 0 -1
    outer loop
      vertex 0 160 0
      vertex 88.43074355135484 159.0621445152258 0
      vertex 88.40770443732448 158.9068274245273 0
    endloop
  endfacet
  facet normal 0 0 -1
    outer loop
      vertex 0 160 0
      vertex 88.52179274798195 159.36229349178416 0
      vertex 88.46889546282847 159.21445548360714 0
    endloop
  endfacet
  facet normal 0 0 -1
    outer loop
      vertex 0 160 0
      vertex 88.46889546282847 159.21445548360714 0
      vertex 88.43074355135484 159.0621445152258 0
    endloop
  endfacet
  facet normal 0 0 -1
    outer loop
      vertex 0 160 0
      vertex 88.58892597704263 159.50423477892159 0
      vertex 88.52179274798195 159.36229349178416 0
    endloop
  endfacet
  facet normal 0 0 -1
    outer loop
      vertex 0 160 0
      vertex 88.66964862031593 157.86108762716864 0
      vertex 88.76318327461962 157.73497074533816 0
    endloop
  endfacet
  facet normal 0 0 -1
    outer loop
      vertex 0 160 0
      vertex 88.58892597704263 157.99576522107841 0
      vertex 88.66964862031593 157.86108762716864 0
    endloop
  endfacet
  facet normal 0 0 -1
    outer loop
      vertex 0 160 0
      vertex 88.76318327461962 157.73497074533816 0
      vertex 88.86862915010153 157.61862915010153 0
    endloop
  endfacet
  facet normal 0 0 -1
    outer loop
      vertex 0 160 0
      vertex 88.76318327461962 159.76502925466184 0
      vertex 88.66964862031593 159.63891237283136 0
    endloop
  endfacet
  facet normal 0 0 -1
    outer loop
      vertex 0 160 0
      vertex 88.66964862031593 159.63891237283136 0
      vertex 88.58892597704263 159.50423477892159 0
    endloop
  endfacet
  facet normal 0 0 -1
    outer loop
      vertex 0 160 0
      vertex 88.98497074533817 159.98681672538038 0
      vertex 88.86862915010153 159.88137084989847 0
    endloop
  endfacet
  facet normal 0 0 -1
    outer loop
      vertex 0 160 0
      vertex 88.86862915010153 159.88137084989847 0
      vertex 88.76318327461962 159.76502925466184 0
    endloop
  endfacet
  facet normal 0 0 -1
    outer loop
      vertex 0 160 0
      vertex 89.00274633343136 160 0
      vertex 88.98497074533817 159.98681672538038 0
    endloop
  endfacet
  facet normal 0 0 1
    outer loop
      vertex 0 160 2.5
      vertex 8.277507395682024 149.47748758094195 2.5
      vertex 8.234586495274185 149.64883742037097 2.5
    endloop
  endfacet
  facet normal 0 0 1
    outer loop
      vertex 0 160 2.5
      vertex 8.337016841479684 149.31116982174285 2.5
      vertex 8.277507395682024 149.47748758094195 2.5
    endloop
  endfacet
  facet normal 0 0 1
    outer loop
      vertex 0 160 2.5
      vertex 8.41254172417296 149.1514858737132 2.5
      vertex 8.337016841479684 149.31116982174285 2.5
    endloop
  endfacet
  facet normal 0 0 1
    outer loop
      vertex 0 160 2.5
      vertex 8.208667491990045 149.8235691474068 2.5
      vertex 8.2 150 2.5
    endloop
  endfacet
  facet normal 0 0 1
    outer loop
      vertex 0 160 2.5
      vertex 8.234586495274185 149.64883742037097 2.5
      vertex 8.208667491990045 149.8235691474068 2.5
    endloop
  endfacet
  facet normal 0 0 1
    outer loop
      vertex 0 160 2.5
      vertex 8.2 150 2.5
      vertex 8.208667491990045 150.1764308525932 2.5
    endloop
  endfacet
  facet normal 0 0 1
    outer loop
      vertex 0 160 2.5
      vertex 8.208667491990045 150.1764308525932 2.5
      vertex 8.234586495274185 150.35116257962903 2.5
    endloop
  endfacet
  facet normal 0 0 1
    outer loop
      vertex 0 160 2.5
      vertex 8.234586495274185 150.35116257962903 2.5
      vertex 8.277507395682024 150.52251241905805 2.5
    endloop
  endfacet
  facet normal 0 0 1
    outer loop
      vertex 0 160 2.5
      vertex 8.277507395682024 150.52251241905805 2.5
      vertex 8.337016841479684 150.68883017825715 2.5
    endloop
  endfacet
  facet normal 0 0 1
    outer loop
      vertex 0 160 2.5
      vertex 8.337016841479684 150.68883017825715 2.5
      vertex 8.41254172417296 150.8485141262868 2.5
    endloop
  endfacet
  facet normal 0 0 1
    outer loop
      vertex 0 160 2.5
      vertex 8.608581183947074 148.85809208850543 2.5
      vertex 8.503354697855418 148.99997358056473 2.5
    endloop
  endfacet
  facet normal 0 0 1
    outer loop
      vertex 0 160 2.5
      vertex 8.503354697855418 148.99997358056473 2.5
      vertex 8.41254172417296 149.1514858737132 2.5
    endloop
  endfacet
  facet normal 0 0 1
    outer loop
      vertex 0 160 2.5
      vertex 8.503354697855418 151.00002641943527 2.5
      vertex 8.608581183947074 151.14190791149457 2.5
    endloop
  endfacet
  facet normal 0 0 1
    outer loop
      vertex 0 160 2.5
      vertex 8.41254172417296 150.8485141262868 2.5
      vertex 8.503354697855418 151.00002641943527 2.5
    endloop
  endfacet
  facet normal 0 0 1
    outer loop
      vertex 0 160 2.5
      vertex 8.608581183947074 151.14190791149457 2.5
      vertex 8.727207793864213 151.2727922061358 2.5
    endloop
  endfacet
  facet normal 0 0 1
    outer loop
      vertex 0 160 2.5
      vertex 8.858092088505439 151.39141881605292 2.5
      vertex 8.999973580564717 151.49664530214457 2.5
    endloop
  endfacet
  facet normal 0 0 1
    outer loop
      vertex 0 160 2.5
      vertex 8.727207793864213 151.2727922061358 2.5
      vertex 8.858092088505439 151.39141881605292 2.5
    endloop
  endfacet
  facet normal 0 0 1
    outer loop
      vertex 0 160 2.5
      vertex 8.999973580564717 151.49664530214457 2.5
      vertex 9.151485873713204 151.58745827582703 2.5
    endloop
  endfacet
  facet normal 0 0 1
    outer loop
      vertex 0 160 2.5
      vertex 9.151485873713204 151.58745827582703 2.5
      vertex 9.311169821742839 151.66298315852032 2.5
    endloop
  endfacet
  facet normal 0 0 1
    outer loop
      vertex 0 160 2.5
      vertex 9.311169821742839 151.66298315852032 2.5
      vertex 9.477487580941968 151.72249260431798 2.5
    endloop
  endfacet
  facet normal 0 0 1
    outer loop
      vertex 0 160 2.5
      vertex 9.477487580941968 151.72249260431798 2.5
      vertex 9.648837420370969 151.7654135047258 2.5
    endloop
  endfacet
  facet normal 0 0 1
    outer loop
      vertex 0 160 2.5
      vertex 9.648837420370969 151.7654135047258 2.5
      vertex 9.823569147406792 151.79133250800996 2.5
    endloop
  endfacet
  facet normal 0 0 1
    outer loop
      vertex 0 160 2.5
      vertex 9.823569147406792 151.79133250800996 2.5
      vertex 10 151.8 2.5
    endloop
  endfacet
  facet normal 0 0 1
    outer loop
      vertex 0 160 2.5
      vertex 10 151.8 2.5
      vertex 10.176430852593208 151.79133250800996 2.5
    endloop
  endfacet
  facet normal 0 0 1
    outer loop
      vertex 0 160 2.5
      vertex 10.176430852593208 151.79133250800996 2.5
      vertex 10.351162579629031 151.7654135047258 2.5
    endloop
  endfacet
  facet normal 0 0 1
    outer loop
      vertex 0 160 2.5
      vertex 10.351162579629031 151.7654135047258 2.5
      vertex 10.522512419058032 151.72249260431798 2.5
    endloop
  endfacet
  facet normal 0 0 1
    outer loop
      vertex 0 160 2.5
      vertex 10.848514126286796 151.58745827582703 2.5
      vertex 11.000026419435283 151.49664530214457 2.5
    endloop
  endfacet
  facet normal 0 0 1
    outer loop
      vertex 0 160 2.5
      vertex 10.522512419058032 151.72249260431798 2.5
      vertex 10.688830178257161 151.66298315852032 2.5
    endloop
  endfacet
  facet normal 0 0 1
    outer loop
      vertex 0 160 2.5
      vertex 10.688830178257161 151.66298315852032 2.5
      vertex 10.848514126286796 151.58745827582703 2.5
    endloop
  endfacet
  facet normal 0 0 1
    outer loop
      vertex 0 160 2.5
      vertex 120 0 2.5
      vertex 8.608581183947074 148.85809208850543 2.5
    endloop
  endfacet
  facet normal 0 0 1
    outer loop
      vertex 120 0 2.5
      vertex 8.727207793864213 148.7272077938642 2.5
      vertex 8.608581183947074 148.85809208850543 2.5
    endloop
  endfacet
  facet normal 0 0 1
    outer loop
      vertex 120 0 2.5
      vertex 8.858092088505439 148.60858118394708 2.5
      vertex 8.727207793864213 148.7272077938642 2.5
    endloop
  endfacet
  facet normal 0 0 1
    outer loop
      vertex 120 0 2.5
      vertex 9.151485873713204 148.41254172417297 2.5
      vertex 8.999973580564717 148.50335469785543 2.5
    endloop
  endfacet
  facet normal 0 0 1
    outer loop
      vertex 120 0 2.5
      vertex 8.999973580564717 148.50335469785543 2.5
      vertex 8.858092088505439 148.60858118394708 2.5
    endloop
  endfacet
  facet normal 0 0 1
    outer loop
      vertex 120 0 2.5
      vertex 9.311169821742839 148.33701684147968 2.5
      vertex 9.151485873713204 148.41254172417297 2.5
    endloop
  endfacet
  facet normal 0 0 1
    outer loop
      vertex 120 0 2.5
      vertex 9.477487580941968 148.27750739568202 2.5
      vertex 9.311169821742839 148.33701684147968 2.5
    endloop
  endfacet
  facet normal 0 0 1
    outer loop
      vertex 120 0 2.5
      vertex 9.648837420370969 148.2345864952742 2.5
      vertex 9.477487580941968 148.27750739568202 2.5
    endloop
  endfacet
  facet normal 0 0 1
    outer loop
      vertex 120 0 2.5
      vertex 9.823569147406792 148.20866749199004 2.5
      vertex 9.648837420370969 148.2345864952742 2.5
    endloop
  endfacet
  facet normal 0 0 1
    outer loop
      vertex 120 0 2.5
      vertex 10 148.2 2.5
      vertex 9.823569147406792 148.20866749199004 2.5
    endloop
  endfacet
  facet normal 0 0 1
    outer loop
      vertex 120 0 2.5
      vertex 10.176430852593208 148.20866749199004 2.5
      vertex 10 148.2 2.5
    endloop
  endfacet
  facet normal 0 0 1
    outer loop
      vertex 120 0 2.5
      vertex 10.351162579629031 148.2345864952742 2.5
      vertex 10.176430852593208 148.20866749199004 2.5
    endloop
  endfacet
  facet normal 0 0 1
    outer loop
      vertex 120 0 2.5
      vertex 10.522512419058032 148.27750739568202 2.5
      vertex 10.351162579629031 148.2345864952742 2.5
    endloop
  endfacet
  facet normal 0 0 1
    outer loop
      vertex 120 0 2.5
      vertex 10.688830178257161 148.33701684147968 2.5
      vertex 10.522512419058032 148.27750739568202 2.5
    endloop
  endfacet
  facet normal 0 0 1
    outer loop
      vertex 120 0 2.5
      vertex 10.848514126286796 148.41254172417297 2.5
      vertex 10.688830178257161 148.33701684147968 2.5
    endloop
  endfacet
  facet normal 0 0 1
    outer loop
      vertex 120 0 2.5
      vertex 11.000026419435283 148.50335469785543 2.5
      vertex 10.848514126286796 148.41254172417297 2.5
    endloop
  endfacet
  facet normal 0 0 1
    outer loop
      vertex 120 0 2.5
      vertex 11.141907911494561 148.60858118394708 2.5
      vertex 11.000026419435283 148.50335469785543 2.5
    endloop
  endfacet
  facet normal 0 0 1
    outer loop
      vertex 120 0 2.5
      vertex 11.272792206135787 148.7272077938642 2.5
      vertex 11.141907911494561 148.60858118394708 2.5
    endloop
  endfacet
  facet normal 0 1 0
    outer loop
      vertex 0 160 2.5
      vertex 89.00274633343136 160 2.5
      vertex 89.00274633343136 160 0
    endloop
  endfacet
  facet normal 0 0 1
    outer loop
      vertex 0 160 2.5
      vertex 11.000026419435283 151.49664530214457 2.5
      vertex 89.11108762716864 157.41964862031594 2.5
    endloop
  endfacet
  facet normal 0 0 1
    outer loop
      vertex 11.391418816052926 148.85809208850543 2.5
      vertex 11.272792206135787 148.7272077938642 2.5
      vertex 108.60858118394707 148.85809208850543 2.5
    endloop
  endfacet
  facet normal 0 0 1
    outer loop
      vertex 11.496645302144582 148.99997358056473 2.5
      vertex 11.391418816052926 148.85809208850543 2.5
      vertex 108.2 150 2.5
    endloop
  endfacet
  facet normal 0 0 1
    outer loop
      vertex 11.662983158520316 149.31116982174285 2.5
      vertex 11.58745827582704 149.1514858737132 2.5
      vertex 108.2 150 2.5
    endloop
  endfacet
  facet normal 0 0 1
    outer loop
      vertex 11.58745827582704 149.1514858737132 2.5
      vertex 11.496645302144582 148.99997358056473 2.5
      vertex 108.2 150 2.5
    endloop
  endfacet
  facet normal 0 0 1
    outer loop
      vertex 11.722492604317976 149.47748758094195 2.5
      vertex 11.662983158520316 149.31116982174285 2.5
      vertex 108.2 150 2.5
    endloop
  endfacet
  facet normal 0 0 1
    outer loop
      vertex 11.791332508009955 149.8235691474068 2.5
      vertex 11.765413504725815 149.64883742037097 2.5
      vertex 108.2 150 2.5
    endloop
  endfacet
  facet normal 0 0 1
    outer loop
      vertex 11.765413504725815 149.64883742037097 2.5
      vertex 11.722492604317976 149.47748758094195 2.5
      vertex 108.2 150 2.5
    endloop
  endfacet
  facet normal 0 0 1
    outer loop
      vertex 11.8 150 2.5
      vertex 11.791332508009955 149.8235691474068 2.5
      vertex 108.2 150 2.5
    endloop
  endfacet
  facet normal 0 0 1
    outer loop
      vertex 11.141907911494561 151.39141881605292 2.5
      vertex 11.272792206135787 151.2727922061358 2.5
      vertex 108.2 150 2.5
    endloop
  endfacet
  facet normal 0 0 1
    outer loop
      vertex 11.000026419435283 151.49664530214457 2.5
      vertex 11.141907911494561 151.39141881605292 2.5
      vertex 108.2 150 2.5
    endloop
  endfacet
  facet normal 0 0 1
    outer loop
      vertex 11.58745827582704 150.8485141262868 2.5
      vertex 11.662983158520316 150.68883017825715 2.5
      vertex 108.2 150 2.5
    endloop
  endfacet
  facet normal 0 0 1
    outer loop
      vertex 11.496645302144582 151.00002641943527 2.5
      vertex 11.58745827582704 150.8485141262868 2.5
      vertex 108.2 150 2.5
    endloop
  endfacet
  facet normal 0 0 1
    outer loop
      vertex 11.791332508009955 150.1764308525932 2.5
      vertex 11.8 150 2.5
      vertex 108.2 150 2.5
    endloop
  endfacet
  facet normal 0 0 1
    outer loop
      vertex 11.765413504725815 150.35116257962903 2.5
      vertex 11.791332508009955 150.1764308525932 2.5
      vertex 108.2 150 2.5
    endloop
  endfacet
  facet normal 0 0 1
    outer loop
      vertex 11.722492604317976 150.52251241905805 2.5
      vertex 11.765413504725815 150.35116257962903 2.5
      vertex 108.2 150 2.5
    endloop
  endfacet
  facet normal 0 0 1
    outer loop
      vertex 11.662983158520316 150.68883017825715 2.5
      vertex 11.722492604317976 150.52251241905805 2.5
      vertex 108.2 150 2.5
    endloop
  endfacet
  facet normal 0 0 1
    outer loop
      vertex 11.391418816052926 151.14190791149457 2.5
      vertex 11.496645302144582 151.00002641943527 2.5
      vertex 108.2 150 2.5
    endloop
  endfacet
  facet normal 0 0 1
    outer loop
      vertex 11.272792206135787 151.2727922061358 2.5
      vertex 11.391418816052926 151.14190791149457 2.5
      vertex 108.2 150 2.5
    endloop
  endfacet
  facet normal 0 0 1
    outer loop
      vertex 0 160 2.5
      vertex 88.58892597704263 157.99576522107841 2.5
      vertex 88.52179274798195 158.13770650821584 2.5
    endloop
  endfacet
  facet normal 0 0 1
    outer loop
      vertex 0 160 2.5
      vertex 88.52179274798195 158.13770650821584 2.5
      vertex 88.46889546282847 158.28554451639286 2.5
    endloop
  endfacet
  facet normal 0 0 1
    outer loop
      vertex 0 160 2.5
      vertex 88.43074355135484 158.4378554847742 2.5
      vertex 88.40770443732448 158.5931725754727 2.5
    endloop
  endfacet
  facet normal 0 0 1
    outer loop
      vertex 0 160 2.5
      vertex 88.46889546282847 158.28554451639286 2.5
      vertex 88.43074355135484 158.4378554847742 2.5
    endloop
  endfacet
  facet normal 0 0 1
    outer loop
      vertex 0 160 2.5
      vertex 88.40770443732448 158.5931725754727 2.5
      vertex 88.4 158.75 2.5
    endloop
  endfacet
  facet normal 0 0 1
    outer loop
      vertex 0 160 2.5
      vertex 88.4 158.75 2.5
      vertex 88.40770443732448 158.9068274245273 2.5
    endloop
  endfacet
  facet normal 0 0 1
    outer loop
      vertex 0 160 2.5
      vertex 88.40770443732448 158.9068274245273 2.5
      vertex 88.43074355135484 159.0621445152258 2.5
    endloop
  endfacet
  facet normal 0 0 1
    outer loop
      vertex 0 160 2.5
      vertex 88.46889546282847 159.21445548360714 2.5
      vertex 88.52179274798195 159.36229349178416 2.5
    endloop
  endfacet
  facet normal 0 0 1
    outer loop
      vertex 0 160 2.5
      vertex 88.43074355135484 159.0621445152258 2.5
      vertex 88.46889546282847 159.21445548360714 2.5
    endloop
  endfacet
  facet normal 0 0 1
    outer loop
      vertex 0 160 2.5
      vertex 88.52179274798195 159.36229349178416 2.5
      vertex 88.58892597704263 159.50423477892159 2.5
    endloop
  endfacet
  facet normal 0 0 1
    outer loop
      vertex 0 160 2.5
      vertex 88.98497074533817 157.51318327461962 2.5
      vertex 88.86862915010153 157.61862915010153 2.5
    endloop
  endfacet
  facet normal 0 0 1
    outer loop
      vertex 0 160 2.5
      vertex 88.76318327461962 157.73497074533816 2.5
      vertex 88.66964862031593 157.86108762716864 2.5
    endloop
  endfacet
  facet normal 0 0 1
    outer loop
      vertex 0 160 2.5
      vertex 88.66964862031593 157.86108762716864 2.5
      vertex 88.58892597704263 157.99576522107841 2.5
    endloop
  endfacet
  facet normal 0 0 1
    outer loop
      vertex 0 160 2.5
      vertex 88.86862915010153 157.61862915010153 2.5
      vertex 88.76318327461962 157.73497074533816 2.5
    endloop
  endfacet
  facet normal 0 0 1
    outer loop
      vertex 0 160 2.5
      vertex 89.11108762716864 157.41964862031594 2.5
      vertex 88.98497074533817 157.51318327461962 2.5
    endloop
  endfacet
  facet normal 0 0 1
    outer loop
      vertex 0 160 2.5
      vertex 88.66964862031593 159.63891237283136 2.5
      vertex 88.76318327461962 159.76502925466184 2.5
    endloop
  endfacet
  facet normal 0 0 1
    outer loop
      vertex 0 160 2.5
      vertex 88.58892597704263 159.50423477892159 2.5
      vertex 88.66964862031593 159.63891237283136 2.5
    endloop
  endfacet
  facet normal 0 0 1
    outer loop
      vertex 0 160 2.5
      vertex 88.86862915010153 159.88137084989847 2.5
      vertex 88.98497074533817 159.98681672538038 2.5
    endloop
  endfacet
  facet normal 0 0 1
    outer loop
      vertex 0 160 2.5
      vertex 88.76318327461962 159.76502925466184 2.5
      vertex 88.86862915010153 159.88137084989847 2.5
    endloop
  endfacet
  facet normal 0 0 1
    outer loop
      vertex 0 160 2.5
      vertex 88.98497074533817 159.98681672538038 2.5
      vertex 89.00274633343136 160 2.5
    endloop
  endfacet
  facet normal 0 0 -1
    outer loop
      vertex 120 0 0
      vertex 30.997253666568643 0 0
      vertex 31.015029254661833 0.013183274619620766 0
    endloop
  endfacet
  facet normal 0 0 -1
    outer loop
      vertex 120 0 0
      vertex 31.015029254661833 0.013183274619620766 0
      vertex 31.131370849898477 0.11862915010152375 0
    endloop
  endfacet
  facet normal 0 0 -1
    outer loop
      vertex 120 0 0
      vertex 31.131370849898477 0.11862915010152375 0
      vertex 31.23681672538038 0.2349707453381671 0
    endloop
  endfacet
  facet normal 0 0 -1
    outer loop
      vertex 120 0 0
      vertex 31.23681672538038 0.2349707453381671 0
      vertex 31.33035137968407 0.3610876271686365 0
    endloop
  endfacet
  facet normal 0 0 -1
    outer loop
      vertex 120 0 0
      vertex 31.33035137968407 0.3610876271686365 0
      vertex 31.41107402295737 0.4957652210784037 0
    endloop
  endfacet
  facet normal 0 0 -1
    outer loop
      vertex 120 0 0
      vertex 31.015029254661833 2.486816725380379 0
      vertex 30.888912372831363 2.5803513796840725 0
    endloop
  endfacet
  facet normal 0 0 -1
    outer loop
      vertex 120 0 0
      vertex 31.23681672538038 2.265029254661833 0
      vertex 31.131370849898477 2.3813708498984765 0
    endloop
  endfacet
  facet normal 0 0 -1
    outer loop
      vertex 120 0 0
      vertex 31.41107402295737 2.0042347789215964 0
      vertex 31.33035137968407 2.1389123728313635 0
    endloop
  endfacet
  facet normal 0 0 -1
    outer loop
      vertex 120 0 0
      vertex 31.33035137968407 2.1389123728313635 0
      vertex 31.23681672538038 2.265029254661833 0
    endloop
  endfacet
  facet normal 0 0 -1
    outer loop
      vertex 120 0 0
      vertex 31.131370849898477 2.3813708498984765 0
      vertex 31.015029254661833 2.486816725380379 0
    endloop
  endfacet
  facet normal 0 0 -1
    outer loop
      vertex 120 0 0
      vertex 31.41107402295737 0.4957652210784037 0
      vertex 31.47820725201806 0.6377065082158563 0
    endloop
  endfacet
  facet normal 0 0 -1
    outer loop
      vertex 120 0 0
      vertex 31.47820725201806 0.6377065082158563 0
      vertex 31.531104537171533 0.7855445163928603 0
    endloop
  endfacet
  facet normal 0 0 -1
    outer loop
      vertex 120 0 0
      vertex 31.531104537171533 0.7855445163928603 0
      vertex 31.56925644864517 0.9378554847741948 0
    endloop
  endfacet
  facet normal 0 0 -1
    outer loop
      vertex 120 0 0
      vertex 31.56925644864517 0.9378554847741948 0
      vertex 31.592295562675517 1.093172575472703 0
    endloop
  endfacet
  facet normal 0 0 -1
    outer loop
      vertex 120 0 0
      vertex 31.592295562675517 1.093172575472703 0
      vertex 31.6 1.25 0
    endloop
  endfacet
  facet normal 0 0 -1
    outer loop
      vertex 120 0 0
      vertex 31.6 1.25 0
      vertex 31.592295562675517 1.406827424527297 0
    endloop
  endfacet
  facet normal 0 0 -1
    outer loop
      vertex 120 0 0
      vertex 31.592295562675517 1.406827424527297 0
      vertex 31.56925644864517 1.562144515225805 0
    endloop
  endfacet
  facet normal 0 0 -1
    outer loop
      vertex 120 0 0
      vertex 31.56925644864517 1.562144515225805 0
      vertex 31.531104537171533 1.7144554836071397 0
    endloop
  endfacet
  facet normal 0 0 -1
    outer loop
      vertex 120 0 0
      vertex 31.531104537171533 1.7144554836071397 0
      vertex 31.47820725201806 1.8622934917841438 0
    endloop
  endfacet
  facet normal 0 0 -1
    outer loop
      vertex 120 0 0
      vertex 31.47820725201806 1.8622934917841438 0
      vertex 31.41107402295737 2.0042347789215964 0
    endloop
  endfacet
  facet normal 0 0 -1
    outer loop
      vertex 29.573082867664 21.94436371839219 0
      vertex 90.426917132336 21.94436371839219 0
      vertex 90.74844250650494 21.51083693709995 0
    endloop
  endfacet
  facet normal 0 0 -1
    outer loop
      vertex 29.85056695391595 22.407317947457013 0
      vertex 90.14943304608404 22.407317947457013 0
      vertex 90.426917132336 21.94436371839219 0
    endloop
  endfacet
  facet normal 0 0 -1
    outer loop
      vertex 29.251557493495053 21.51083693709995 0
      vertex 91.11091270347399 21.11091270347399 0
      vertex 91.51083693709995 20.748442506504947 0
    endloop
  endfacet
  facet normal 0 0 -1
    outer loop
      vertex 29.251557493495053 21.51083693709995 0
      vertex 91.51083693709995 20.748442506504947 0
      vertex 91.94436371839218 20.426917132336 0
    endloop
  endfacet
  facet normal 0 0 -1
    outer loop
      vertex 29.251557493495053 21.51083693709995 0
      vertex 91.94436371839218 20.426917132336 0
      vertex 92.40731794745702 20.14943304608405 0
    endloop
  endfacet
  facet normal 0 0 -1
    outer loop
      vertex 29.251557493495053 21.51083693709995 0
      vertex 90.74844250650494 21.51083693709995 0
      vertex 91.11091270347399 21.11091270347399 0
    endloop
  endfacet
  facet normal 0 0 -1
    outer loop
      vertex 30.081337428812077 22.895241121992008 0
      vertex 89.91866257118792 22.895241121992008 0
      vertex 90.14943304608404 22.407317947457013 0
    endloop
  endfacet
  facet normal 0 0 -1
    outer loop
      vertex 30.26317184652715 23.40343427510046 0
      vertex 89.73682815347286 23.40343427510046 0
      vertex 89.91866257118792 22.895241121992008 0
    endloop
  endfacet
  facet normal 0 0 -1
    outer loop
      vertex 30.5 25 0
      vertex 89.5 25 0
      vertex 89.52648400330291 24.460905728187416 0
    endloop
  endfacet
  facet normal 0 0 -1
    outer loop
      vertex 30.394319042217766 23.927003228911296 0
      vertex 89.60568095778223 23.927003228911296 0
      vertex 89.73682815347286 23.40343427510046 0
    endloop
  endfacet
  facet normal 0 0 -1
    outer loop
      vertex 30.47351599669708 24.460905728187416 0
      vertex 89.52648400330291 24.460905728187416 0
      vertex 89.60568095778223 23.927003228911296 0
    endloop
  endfacet
  facet normal 0 0 -1
    outer loop
      vertex 30.47351599669708 25.539094271812584 0
      vertex 89.52648400330291 25.539094271812584 0
      vertex 89.5 25 0
    endloop
  endfacet
  facet normal 0 0 -1
    outer loop
      vertex 30.394319042217766 26.072996771088704 0
      vertex 89.60568095778223 26.072996771088704 0
      vertex 89.52648400330291 25.539094271812584 0
    endloop
  endfacet
  facet normal 0 0 -1
    outer loop
      vertex 30.26317184652715 26.59656572489954 0
      vertex 89.73682815347286 26.59656572489954 0
      vertex 89.60568095778223 26.072996771088704 0
    endloop
  endfacet
  facet normal 0 0 -1
    outer loop
      vertex 30.081337428812077 27.104758878007992 0
      vertex 89.91866257118792 27.104758878007992 0
      vertex 89.73682815347286 26.59656572489954 0
    endloop
  endfacet
  facet normal 0 0 -1
    outer loop
      vertex 29.85056695391595 27.592682052542987 0
      vertex 90.14943304608404 27.592682052542987 0
      vertex 89.91866257118792 27.104758878007992 0
    endloop
  endfacet
  facet normal 0 0 -1
    outer loop
      vertex 29.251557493495053 21.51083693709995 0
      vertex 92.40731794745702 20.14943304608405 0
      vertex 92.895241121992 19.918662571187923 0
    endloop
  endfacet
  facet normal 0 0 -1
    outer loop
      vertex 29.251557493495053 21.51083693709995 0
      vertex 92.895241121992 19.918662571187923 0
      vertex 93.40343427510045 19.73682815347285 0
    endloop
  endfacet
  facet normal 0 0 -1
    outer loop
      vertex 29.251557493495053 21.51083693709995 0
      vertex 93.40343427510045 19.73682815347285 0
      vertex 93.92700322891129 19.605680957782234 0
    endloop
  endfacet
  facet normal 0 0 -1
    outer loop
      vertex 29.251557493495053 21.51083693709995 0
      vertex 93.92700322891129 19.605680957782234 0
      vertex 94.46090572818741 19.52648400330292 0
    endloop
  endfacet
  facet normal 0 0 -1
    outer loop
      vertex 29.251557493495053 21.51083693709995 0
      vertex 94.46090572818741 19.52648400330292 0
      vertex 95 19.5 0
    endloop
  endfacet
  facet normal 0 0 -1
    outer loop
      vertex 13.415 10 0
      vertex 106.7320487534745 9.008677827176012 0
      vertex 106.84495139647396 8.693136078473218 0
    endloop
  endfacet
  facet normal 0 0 -1
    outer loop
      vertex 13.415 10 0
      vertex 106.84495139647396 8.693136078473218 0
      vertex 106.98823888225037 8.390180143739219 0
    endloop
  endfacet
  facet normal 0 0 -1
    outer loop
      vertex 13.415 10 0
      vertex 106.98823888225037 8.390180143739219 0
      vertex 107.16053127398682 8.102727654238059 0
    endloop
  endfacet
  facet normal 0 0 -1
    outer loop
      vertex 13.415 10 0
      vertex 106.60144415841445 9.66527146577455 0
      vertex 106.65061826742297 9.333766550314921 0
    endloop
  endfacet
  facet normal 0 0 -1
    outer loop
      vertex 13.415 10 0
      vertex 106.65061826742297 9.333766550314921 0
      vertex 106.7320487534745 9.008677827176012 0
    endloop
  endfacet
  facet normal 0 0 -1
    outer loop
      vertex 13.415 10 0
      vertex 106.585 10 0
      vertex 106.60144415841445 9.66527146577455 0
    endloop
  endfacet
  facet normal 0 0 -1
    outer loop
      vertex 13.415 10 0
      vertex 107.16053127398682 8.102727654238059 0
      vertex 107.36016930176625 7.83354693458115 0
    endloop
  endfacet
  facet normal 0 0 -1
    outer loop
      vertex 13.415 10 0
      vertex 107.36016930176625 7.83354693458115 0
      vertex 107.58523034224794 7.5852303422479395 0
    endloop
  endfacet
  facet normal 0 0 -1
    outer loop
      vertex 13.415 10 0
      vertex 107.58523034224794 7.5852303422479395 0
      vertex 107.83354693458115 7.360169301766254 0
    endloop
  endfacet
  facet normal 0 0 -1
    outer loop
      vertex 13.415 10 0
      vertex 107.83354693458115 7.360169301766254 0
      vertex 108.10272765423807 7.160531273986807 0
    endloop
  endfacet
  facet normal 0 0 -1
    outer loop
      vertex 13.415 10 0
      vertex 106.60144415841445 10.33472853422545 0
      vertex 106.585 10 0
    endloop
  endfacet
  facet normal 0 0 -1
    outer loop
      vertex 13.415 10 0
      vertex 106.65061826742297 10.666233449685079 0
      vertex 106.60144415841445 10.33472853422545 0
    endloop
  endfacet
  facet normal 0 0 -1
    outer loop
      vertex 13.415 10 0
      vertex 106.7320487534745 10.991322172823988 0
      vertex 106.65061826742297 10.666233449685079 0
    endloop
  endfacet
  facet normal 0 0 -1
    outer loop
      vertex 13.415 10 0
      vertex 106.84495139647396 11.306863921526782 0
      vertex 106.7320487534745 10.991322172823988 0
    endloop
  endfacet
  facet normal 0 0 -1
    outer loop
      vertex 13.415 10 0
      vertex 106.98823888225037 11.609819856260781 0
      vertex 106.84495139647396 11.306863921526782 0
    endloop
  endfacet
  facet normal 0 0 -1
    outer loop
      vertex 13.415 10 0
      vertex 107.16053127398682 11.897272345761941 0
      vertex 106.98823888225037 11.609819856260781 0
    endloop
  endfacet
  facet normal 0 0 -1
    outer loop
      vertex 13.398555841585551 10.33472853422545 0
      vertex 107.36016930176625 12.16645306541885 0
      vertex 107.16053127398682 11.897272345761941 0
    endloop
  endfacet
  facet normal 0 0 -1
    outer loop
      vertex 29.251557493495053 21.51083693709995 0
      vertex 95 19.5 0
      vertex 108.69313607847322 13.155048603526044 0
    endloop
  endfacet
  facet normal 0 0 -1
    outer loop
      vertex 29.251557493495053 21.51083693709995 0
      vertex 107.58523034224794 12.41476965775206 0
      vertex 107.36016930176625 12.16645306541885 0
    endloop
  endfacet
  facet normal 0 0 -1
    outer loop
      vertex 29.251557493495053 21.51083693709995 0
      vertex 107.83354693458115 12.639830698233746 0
      vertex 107.58523034224794 12.41476965775206 0
    endloop
  endfacet
  facet normal 0 0 -1
    outer loop
      vertex 29.251557493495053 21.51083693709995 0
      vertex 108.10272765423807 12.839468726013193 0
      vertex 107.83354693458115 12.639830698233746 0
    endloop
  endfacet
  facet normal 0 0 -1
    outer loop
      vertex 29.251557493495053 21.51083693709995 0
      vertex 108.39018014373922 13.011761117749632 0
      vertex 108.10272765423807 12.839468726013193 0
    endloop
  endfacet
  facet normal 0 0 -1
    outer loop
      vertex 29.251557493495053 21.51083693709995 0
      vertex 108.69313607847322 13.155048603526044 0
      vertex 108.39018014373922 13.011761117749632 0
    endloop
  endfacet
  facet normal 0 0 -1
    outer loop
      vertex 120 0 0
      vertex 30.888912372831363 2.5803513796840725 0
      vertex 108.10272765423807 7.160531273986807 0
    endloop
  endfacet
  facet normal 0 0 -1
    outer loop
      vertex 98.05563628160782 130.426917132336 0
      vertex 90.14943304608404 27.592682052542987 0
      vertex 29.85056695391595 27.592682052542987 0
    endloop
  endfacet
  facet normal 0 0 -1
    outer loop
      vertex 95 19.5 0
      vertex 95.53909427181259 19.52648400330292 0
      vertex 108.69313607847322 13.155048603526044 0
    endloop
  endfacet
  facet normal 0 0 -1
    outer loop
      vertex 95.53909427181259 19.52648400330292 0
      vertex 96.07299677108871 19.605680957782234 0
      vertex 108.69313607847322 13.155048603526044 0
    endloop
  endfacet
  facet normal 0 0 -1
    outer loop
      vertex 96.07299677108871 19.605680957782234 0
      vertex 96.59656572489955 19.73682815347285 0
      vertex 108.69313607847322 13.155048603526044 0
    endloop
  endfacet
  facet normal 0 0 -1
    outer loop
      vertex 96.59656572489955 19.73682815347285 0
      vertex 97.104758878008 19.918662571187923 0
      vertex 108.69313607847322 13.155048603526044 0
    endloop
  endfacet
  facet normal 0 0 -1
    outer loop
      vertex 97.104758878008 19.918662571187923 0
      vertex 97.59268205254298 20.14943304608405 0
      vertex 108.69313607847322 13.155048603526044 0
    endloop
  endfacet
  facet normal 0 0 -1
    outer loop
      vertex 97.59268205254298 20.14943304608405 0
      vertex 98.05563628160782 20.426917132336 0
      vertex 108.69313607847322 13.155048603526044 0
    endloop
  endfacet
  facet normal 0 0 -1
    outer loop
      vertex 98.05563628160782 20.426917132336 0
      vertex 98.48916306290005 20.748442506504947 0
      vertex 108.69313607847322 13.155048603526044 0
    endloop
  endfacet
  facet normal 0 0 -1
    outer loop
      vertex 98.48916306290005 20.748442506504947 0
      vertex 98.88908729652601 21.11091270347399 0
      vertex 108.69313607847322 13.155048603526044 0
    endloop
  endfacet
  facet normal 0 0 -1
    outer loop
      vertex 98.88908729652601 21.11091270347399 0
      vertex 99.25155749349506 21.51083693709995 0
      vertex 108.69313607847322 13.155048603526044 0
    endloop
  endfacet
  facet normal 0 0 -1
    outer loop
      vertex 99.573082867664 21.94436371839219 0
      vertex 108.69313607847322 13.155048603526044 0
      vertex 99.25155749349506 21.51083693709995 0
    endloop
  endfacet
  facet normal 0 0 -1
    outer loop
      vertex 99.85056695391596 22.407317947457013 0
      vertex 108.69313607847322 13.155048603526044 0
      vertex 99.573082867664 21.94436371839219 0
    endloop
  endfacet
  facet normal 0 0 -1
    outer loop
      vertex 100.08133742881208 22.895241121992008 0
      vertex 108.69313607847322 13.155048603526044 0
      vertex 99.85056695391596 22.407317947457013 0
    endloop
  endfacet
  facet normal 0 0 -1
    outer loop
      vertex 100.08133742881208 22.895241121992008 0
      vertex 100.26317184652714 23.40343427510046 0
      vertex 108.69313607847322 13.155048603526044 0
    endloop
  endfacet
  facet normal 0 0 -1
    outer loop
      vertex 108.69313607847322 13.155048603526044 0
      vertex 100.26317184652714 23.40343427510046 0
      vertex 100.39431904221777 23.927003228911296 0
    endloop
  endfacet
  facet normal 0 0 -1
    outer loop
      vertex 108.69313607847322 13.155048603526044 0
      vertex 100.39431904221777 26.072996771088704 0
      vertex 100.26317184652714 26.59656572489954 0
    endloop
  endfacet
  facet normal 0 0 -1
    outer loop
      vertex 108.69313607847322 13.155048603526044 0
      vertex 100.26317184652714 26.59656572489954 0
      vertex 100.08133742881208 27.104758878007992 0
    endloop
  endfacet
  facet normal 0 0 -1
    outer loop
      vertex 99.85056695391596 27.592682052542987 0
      vertex 108.69313607847322 13.155048603526044 0
      vertex 100.08133742881208 27.104758878007992 0
    endloop
  endfacet
  facet normal 0 0 -1
    outer loop
      vertex 108.69313607847322 13.155048603526044 0
      vertex 100.39431904221777 23.927003228911296 0
      vertex 100.47351599669709 24.460905728187416 0
    endloop
  endfacet
  facet normal 0 0 -1
    outer loop
      vertex 108.69313607847322 13.155048603526044 0
      vertex 100.47351599669709 24.460905728187416 0
      vertex 100.5 25 0
    endloop
  endfacet
  facet normal 0 0 -1
    outer loop
      vertex 108.69313607847322 13.155048603526044 0
      vertex 100.5 25 0
      vertex 100.47351599669709 25.539094271812584 0
    endloop
  endfacet
  facet normal 0 0 -1
    outer loop
      vertex 108.69313607847322 13.155048603526044 0
      vertex 100.47351599669709 25.539094271812584 0
      vertex 100.39431904221777 26.072996771088704 0
    endloop
  endfacet
  facet normal 0 0 -1
    outer loop
      vertex 120 0 0
      vertex 108.10272765423807 7.160531273986807 0
      vertex 108.39018014373922 6.988238882250367 0
    endloop
  endfacet
  facet normal 0 0 -1
    outer loop
      vertex 120 0 0
      vertex 108.39018014373922 6.988238882250367 0
      vertex 108.69313607847322 6.844951396473956 0
    endloop
  endfacet
  facet normal 0 0 -1
    outer loop
      vertex 120 0 0
      vertex 108.69313607847322 6.844951396473956 0
      vertex 109.008677827176 6.732048753474507 0
    endloop
  endfacet
  facet normal 0 0 -1
    outer loop
      vertex 120 0 0
      vertex 109.008677827176 6.732048753474507 0
      vertex 109.33376655031492 6.650618267422968 0
    endloop
  endfacet
  facet normal 0 0 -1
    outer loop
      vertex 120 0 0
      vertex 109.33376655031492 6.650618267422968 0
      vertex 109.66527146577455 6.601444158414448 0
    endloop
  endfacet
  facet normal 0 0 -1
    outer loop
      vertex 120 0 0
      vertex 109.66527146577455 6.601444158414448 0
      vertex 110 6.585 0
    endloop
  endfacet
  facet normal 0 0 -1
    outer loop
      vertex 120 0 0
      vertex 110 6.585 0
      vertex 110.33472853422545 6.601444158414448 0
    endloop
  endfacet
  facet normal 0 0 -1
    outer loop
      vertex 120 0 0
      vertex 110.33472853422545 6.601444158414448 0
      vertex 110.66623344968508 6.650618267422968 0
    endloop
  endfacet
  facet normal 0 0 -1
    outer loop
      vertex 120 0 0
      vertex 110.66623344968508 6.650618267422968 0
      vertex 110.991322172824 6.732048753474507 0
    endloop
  endfacet
  facet normal 0 0 -1
    outer loop
      vertex 120 0 0
      vertex 110.991322172824 6.732048753474507 0
      vertex 111.30686392152678 6.844951396473956 0
    endloop
  endfacet
  facet normal 0 0 -1
    outer loop
      vertex 120 0 0
      vertex 111.30686392152678 6.844951396473956 0
      vertex 111.60981985626078 6.988238882250367 0
    endloop
  endfacet
  facet normal 0 0 -1
    outer loop
      vertex 120 0 0
      vertex 111.60981985626078 6.988238882250367 0
      vertex 111.89727234576193 7.160531273986807 0
    endloop
  endfacet
  facet normal 0 0 -1
    outer loop
      vertex 120 0 0
      vertex 111.89727234576193 7.160531273986807 0
      vertex 112.16645306541885 7.360169301766254 0
    endloop
  endfacet
  facet normal 0 0 -1
    outer loop
      vertex 120 0 0
      vertex 112.16645306541885 7.360169301766254 0
      vertex 112.41476965775206 7.5852303422479395 0
    endloop
  endfacet
  facet normal 0 0 -1
    outer loop
      vertex 120 0 0
      vertex 112.41476965775206 7.5852303422479395 0
      vertex 112.63983069823375 7.83354693458115 0
    endloop
  endfacet
  facet normal 0 0 -1
    outer loop
      vertex 120 0 0
      vertex 112.63983069823375 7.83354693458115 0
      vertex 112.83946872601318 8.102727654238059 0
    endloop
  endfacet
  facet normal 0 0 -1
    outer loop
      vertex 120 0 0
      vertex 112.83946872601318 8.102727654238059 0
      vertex 113.01176111774963 8.390180143739219 0
    endloop
  endfacet
  facet normal 0 0 -1
    outer loop
      vertex 120 0 0
      vertex 113.01176111774963 8.390180143739219 0
      vertex 113.15504860352604 8.693136078473218 0
    endloop
  endfacet
  facet normal 0 0 -1
    outer loop
      vertex 120 0 0
      vertex 113.15504860352604 8.693136078473218 0
      vertex 113.2679512465255 9.008677827176012 0
    endloop
  endfacet
  facet normal 0 0 -1
    outer loop
      vertex 120 0 0
      vertex 113.2679512465255 9.008677827176012 0
      vertex 113.34938173257703 9.333766550314921 0
    endloop
  endfacet
  facet normal 0 0 -1
    outer loop
      vertex 120 0 0
      vertex 113.34938173257703 9.333766550314921 0
      vertex 113.39855584158555 9.66527146577455 0
    endloop
  endfacet
  facet normal 0 0 -1
    outer loop
      vertex 120 0 0
      vertex 113.39855584158555 9.66527146577455 0
      vertex 113.415 10 0
    endloop
  endfacet
  facet normal 0 0 -1
    outer loop
      vertex 120 0 0
      vertex 113.415 10 0
      vertex 113.39855584158555 10.33472853422545 0
    endloop
  endfacet
  facet normal 0 -1 0
    outer loop
      vertex 120 0 0
      vertex 120 0 2.5
      vertex 30.997253666568643 0 0
    endloop
  endfacet
  facet normal 0 0 -1
    outer loop
      vertex 99.85056695391596 27.592682052542987 0
      vertex 99.573082867664 131.9443637183922 0
      vertex 108.69313607847322 13.155048603526044 0
    endloop
  endfacet
  facet normal 0 0 -1
    outer loop
      vertex 98.05563628160782 130.426917132336 0
      vertex 90.426917132336 28.05563628160781 0
      vertex 90.14943304608404 27.592682052542987 0
    endloop
  endfacet
  facet normal 0 0 -1
    outer loop
      vertex 98.05563628160782 130.426917132336 0
      vertex 90.74844250650494 28.48916306290005 0
      vertex 90.426917132336 28.05563628160781 0
    endloop
  endfacet
  facet normal 0 0 -1
    outer loop
      vertex 98.05563628160782 130.426917132336 0
      vertex 91.11091270347399 28.88908729652601 0
      vertex 90.74844250650494 28.48916306290005 0
    endloop
  endfacet
  facet normal 0 0 -1
    outer loop
      vertex 98.05563628160782 130.426917132336 0
      vertex 91.51083693709995 29.251557493495053 0
      vertex 91.11091270347399 28.88908729652601 0
    endloop
  endfacet
  facet normal 0 0 -1
    outer loop
      vertex 98.05563628160782 130.426917132336 0
      vertex 91.94436371839218 29.573082867664 0
      vertex 91.51083693709995 29.251557493495053 0
    endloop
  endfacet
  facet normal 0 0 -1
    outer loop
      vertex 98.05563628160782 130.426917132336 0
      vertex 92.40731794745702 29.85056695391595 0
      vertex 91.94436371839218 29.573082867664 0
    endloop
  endfacet
  facet normal 0 0 -1
    outer loop
      vertex 98.05563628160782 130.426917132336 0
      vertex 92.895241121992 30.081337428812077 0
      vertex 92.40731794745702 29.85056695391595 0
    endloop
  endfacet
  facet normal 0 0 -1
    outer loop
      vertex 98.05563628160782 130.426917132336 0
      vertex 93.40343427510045 30.26317184652715 0
      vertex 92.895241121992 30.081337428812077 0
    endloop
  endfacet
  facet normal 0 0 -1
    outer loop
      vertex 98.05563628160782 130.426917132336 0
      vertex 93.92700322891129 30.394319042217766 0
      vertex 93.40343427510045 30.26317184652715 0
    endloop
  endfacet
  facet normal 0 0 -1
    outer loop
      vertex 98.05563628160782 130.426917132336 0
      vertex 94.46090572818741 30.47351599669708 0
      vertex 93.92700322891129 30.394319042217766 0
    endloop
  endfacet
  facet normal 0 0 -1
    outer loop
      vertex 98.05563628160782 130.426917132336 0
      vertex 95 30.5 0
      vertex 94.46090572818741 30.47351599669708 0
    endloop
  endfacet
  facet normal 0 0 -1
    outer loop
      vertex 98.05563628160782 130.426917132336 0
      vertex 95.53909427181259 30.47351599669708 0
      vertex 95 30.5 0
    endloop
  endfacet
  facet normal 0 0 -1
    outer loop
      vertex 98.05563628160782 130.426917132336 0
      vertex 96.07299677108871 30.394319042217766 0
      vertex 95.53909427181259 30.47351599669708 0
    endloop
  endfacet
  facet normal 0 0 -1
    outer loop
      vertex 98.05563628160782 130.426917132336 0
      vertex 96.59656572489955 30.26317184652715 0
      vertex 96.07299677108871 30.394319042217766 0
    endloop
  endfacet
  facet normal 0 0 -1
    outer loop
      vertex 98.05563628160782 130.426917132336 0
      vertex 97.104758878008 30.081337428812077 0
      vertex 96.59656572489955 30.26317184652715 0
    endloop
  endfacet
  facet normal 0 0 -1
    outer loop
      vertex 98.05563628160782 130.426917132336 0
      vertex 97.59268205254298 29.85056695391595 0
      vertex 97.104758878008 30.081337428812077 0
    endloop
  endfacet
  facet normal 0 0 -1
    outer loop
      vertex 98.05563628160782 29.573082867664 0
      vertex 97.59268205254298 29.85056695391595 0
      vertex 98.05563628160782 130.426917132336 0
    endloop
  endfacet
  facet normal 0 0 -1
    outer loop
      vertex 98.48916306290005 29.251557493495053 0
      vertex 98.05563628160782 29.573082867664 0
      vertex 98.48916306290005 130.74844250650494 0
    endloop
  endfacet
  facet normal 0 0 -1
    outer loop
      vertex 98.48916306290005 29.251557493495053 0
      vertex 98.88908729652601 131.11091270347399 0
      vertex 98.88908729652601 28.88908729652601 0
    endloop
  endfacet
  facet normal 0 0 -1
    outer loop
      vertex 98.88908729652601 28.88908729652601 0
      vertex 99.25155749349506 131.51083693709995 0
      vertex 99.25155749349506 28.48916306290005 0
    endloop
  endfacet
  facet normal 0 0 -1
    outer loop
      vertex 99.25155749349506 28.48916306290005 0
      vertex 99.573082867664 131.9443637183922 0
      vertex 99.573082867664 28.05563628160781 0
    endloop
  endfacet
  facet normal 0 0 -1
    outer loop
      vertex 99.573082867664 28.05563628160781 0
      vertex 99.573082867664 131.9443637183922 0
      vertex 99.85056695391596 27.592682052542987 0
    endloop
  endfacet
  facet normal 0 0 -1
    outer loop
      vertex 120 0 0
      vertex 113.39855584158555 10.33472853422545 0
      vertex 99.573082867664 131.9443637183922 0
    endloop
  endfacet
  facet normal 0 0 -1
    outer loop
      vertex 109.008677827176 13.267951246525493 0
      vertex 108.69313607847322 13.155048603526044 0
      vertex 99.573082867664 131.9443637183922 0
    endloop
  endfacet
  facet normal 0 0 -1
    outer loop
      vertex 109.33376655031492 13.349381732577031 0
      vertex 109.008677827176 13.267951246525493 0
      vertex 99.573082867664 131.9443637183922 0
    endloop
  endfacet
  facet normal 0 0 -1
    outer loop
      vertex 109.66527146577455 13.398555841585551 0
      vertex 109.33376655031492 13.349381732577031 0
      vertex 99.573082867664 131.9443637183922 0
    endloop
  endfacet
  facet normal 0 0 -1
    outer loop
      vertex 109.66527146577455 13.398555841585551 0
      vertex 99.573082867664 131.9443637183922 0
      vertex 110 13.415 0
    endloop
  endfacet
  facet normal 0 0 -1
    outer loop
      vertex 110 13.415 0
      vertex 99.573082867664 131.9443637183922 0
      vertex 110.33472853422545 13.398555841585551 0
    endloop
  endfacet
  facet normal 0 0 -1
    outer loop
      vertex 110.33472853422545 13.398555841585551 0
      vertex 99.573082867664 131.9443637183922 0
      vertex 110.66623344968508 13.349381732577031 0
    endloop
  endfacet
  facet normal 0 0 -1
    outer loop
      vertex 113.34938173257703 10.666233449685079 0
      vertex 113.2679512465255 10.991322172823988 0
      vertex 99.573082867664 131.9443637183922 0
    endloop
  endfacet
  facet normal 0 0 -1
    outer loop
      vertex 111.89727234576193 12.839468726013193 0
      vertex 99.573082867664 131.9443637183922 0
      vertex 112.16645306541885 12.639830698233746 0
    endloop
  endfacet
  facet normal 0 0 -1
    outer loop
      vertex 112.41476965775206 12.41476965775206 0
      vertex 99.573082867664 131.9443637183922 0
      vertex 112.63983069823375 12.16645306541885 0
    endloop
  endfacet
  facet normal 0 0 -1
    outer loop
      vertex 112.16645306541885 12.639830698233746 0
      vertex 99.573082867664 131.9443637183922 0
      vertex 112.41476965775206 12.41476965775206 0
    endloop
  endfacet
  facet normal 0 0 -1
    outer loop
      vertex 113.01176111774963 11.609819856260781 0
      vertex 112.83946872601318 11.897272345761941 0
      vertex 99.573082867664 131.9443637183922 0
    endloop
  endfacet
  facet normal 0 0 -1
    outer loop
      vertex 113.2679512465255 10.991322172823988 0
      vertex 113.15504860352604 11.306863921526782 0
      vertex 99.573082867664 131.9443637183922 0
    endloop
  endfacet
  facet normal 0 0 -1
    outer loop
      vertex 113.15504860352604 11.306863921526782 0
      vertex 113.01176111774963 11.609819856260781 0
      vertex 99.573082867664 131.9443637183922 0
    endloop
  endfacet
  facet normal 0 0 -1
    outer loop
      vertex 112.83946872601318 11.897272345761941 0
      vertex 112.63983069823375 12.16645306541885 0
      vertex 99.573082867664 131.9443637183922 0
    endloop
  endfacet
  facet normal 0 0 -1
    outer loop
      vertex 110.66623344968508 13.349381732577031 0
      vertex 99.573082867664 131.9443637183922 0
      vertex 110.991322172824 13.267951246525493 0
    endloop
  endfacet
  facet normal 0 0 -1
    outer loop
      vertex 110.991322172824 13.267951246525493 0
      vertex 99.573082867664 131.9443637183922 0
      vertex 111.30686392152678 13.155048603526044 0
    endloop
  endfacet
  facet normal 0 0 -1
    outer loop
      vertex 111.30686392152678 13.155048603526044 0
      vertex 99.573082867664 131.9443637183922 0
      vertex 111.60981985626078 13.011761117749632 0
    endloop
  endfacet
  facet normal 0 0 -1
    outer loop
      vertex 111.60981985626078 13.011761117749632 0
      vertex 99.573082867664 131.9443637183922 0
      vertex 111.89727234576193 12.839468726013193 0
    endloop
  endfacet
  facet normal 0 0 -1
    outer loop
      vertex 113.39855584158555 10.33472853422545 0
      vertex 113.34938173257703 10.666233449685079 0
      vertex 99.573082867664 131.9443637183922 0
    endloop
  endfacet
  facet normal 1 0 0
    outer loop
      vertex 120 0 0
      vertex 120 160 0
      vertex 120 0 2.5
    endloop
  endfacet
  facet normal 0 -1 0
    outer loop
      vertex 120 0 2.5
      vertex 30.997253666568643 0 2.5
      vertex 30.997253666568643 0 0
    endloop
  endfacet
  facet normal 0 0 1
    outer loop
      vertex 120 0 2.5
      vertex 31.015029254661833 0.013183274619620766 2.5
      vertex 30.997253666568643 0 2.5
    endloop
  endfacet
  facet normal 0 0 1
    outer loop
      vertex 120 0 2.5
      vertex 31.131370849898477 0.11862915010152375 2.5
      vertex 31.015029254661833 0.013183274619620766 2.5
    endloop
  endfacet
  facet normal 0 0 1
    outer loop
      vertex 120 0 2.5
      vertex 31.23681672538038 0.2349707453381671 2.5
      vertex 31.131370849898477 0.11862915010152375 2.5
    endloop
  endfacet
  facet normal 0 0 1
    outer loop
      vertex 120 0 2.5
      vertex 31.33035137968407 0.3610876271686365 2.5
      vertex 31.23681672538038 0.2349707453381671 2.5
    endloop
  endfacet
  facet normal 0 0 1
    outer loop
      vertex 120 0 2.5
      vertex 31.41107402295737 0.4957652210784037 2.5
      vertex 31.33035137968407 0.3610876271686365 2.5
    endloop
  endfacet
  facet normal 0 0 1
    outer loop
      vertex 120 0 2.5
      vertex 31.33035137968407 2.1389123728313635 2.5
      vertex 31.41107402295737 2.0042347789215964 2.5
    endloop
  endfacet
  facet normal 0 0 1
    outer loop
      vertex 120 0 2.5
      vertex 31.23681672538038 2.265029254661833 2.5
      vertex 31.33035137968407 2.1389123728313635 2.5
    endloop
  endfacet
  facet normal 0 0 1
    outer loop
      vertex 120 0 2.5
      vertex 31.47820725201806 0.6377065082158563 2.5
      vertex 31.41107402295737 0.4957652210784037 2.5
    endloop
  endfacet
  facet normal 0 0 1
    outer loop
      vertex 120 0 2.5
      vertex 31.531104537171533 0.7855445163928603 2.5
      vertex 31.47820725201806 0.6377065082158563 2.5
    endloop
  endfacet
  facet normal 0 0 1
    outer loop
      vertex 120 0 2.5
      vertex 31.56925644864517 0.9378554847741948 2.5
      vertex 31.531104537171533 0.7855445163928603 2.5
    endloop
  endfacet
  facet normal 0 0 1
    outer loop
      vertex 120 0 2.5
      vertex 31.592295562675517 1.093172575472703 2.5
      vertex 31.56925644864517 0.9378554847741948 2.5
    endloop
  endfacet
  facet normal 0 0 1
    outer loop
      vertex 120 0 2.5
      vertex 31.6 1.25 2.5
      vertex 31.592295562675517 1.093172575472703 2.5
    endloop
  endfacet
  facet normal 0 0 1
    outer loop
      vertex 120 0 2.5
      vertex 31.592295562675517 1.406827424527297 2.5
      vertex 31.6 1.25 2.5
    endloop
  endfacet
  facet normal 0 0 1
    outer loop
      vertex 120 0 2.5
      vertex 31.56925644864517 1.562144515225805 2.5
      vertex 31.592295562675517 1.406827424527297 2.5
    endloop
  endfacet
  facet normal 0 0 1
    outer loop
      vertex 120 0 2.5
      vertex 31.531104537171533 1.7144554836071397 2.5
      vertex 31.56925644864517 1.562144515225805 2.5
    endloop
  endfacet
  facet normal 0 0 1
    outer loop
      vertex 120 0 2.5
      vertex 31.47820725201806 1.8622934917841438 2.5
      vertex 31.531104537171533 1.7144554836071397 2.5
    endloop
  endfacet
  facet normal 0 0 1
    outer loop
      vertex 120 0 2.5
      vertex 31.41107402295737 2.0042347789215964 2.5
      vertex 31.47820725201806 1.8622934917841438 2.5
    endloop
  endfacet
  facet normal 0 0 1
    outer loop
      vertex 11.8 10 2.5
      vertex 108.60858118394707 8.858092088505439 2.5
      vertex 108.50335469785541 8.999973580564717 2.5
    endloop
  endfacet
  facet normal 0 0 1
    outer loop
      vertex 11.8 10 2.5
      vertex 108.33701684147968 9.311169821742839 2.5
      vertex 108.27750739568202 9.477487580941968 2.5
    endloop
  endfacet
  facet normal 0 0 1
    outer loop
      vertex 11.8 10 2.5
      vertex 108.23458649527419 9.648837420370969 2.5
      vertex 108.20866749199004 9.823569147406792 2.5
    endloop
  endfacet
  facet normal 0 0 1
    outer loop
      vertex 11.8 10 2.5
      vertex 108.27750739568202 9.477487580941968 2.5
      vertex 108.23458649527419 9.648837420370969 2.5
    endloop
  endfacet
  facet normal 0 0 1
    outer loop
      vertex 11.8 10 2.5
      vertex 108.20866749199004 9.823569147406792 2.5
      vertex 108.2 10 2.5
    endloop
  endfacet
  facet normal 0 0 1
    outer loop
      vertex 11.8 10 2.5
      vertex 108.41254172417297 9.151485873713204 2.5
      vertex 108.33701684147968 9.311169821742839 2.5
    endloop
  endfacet
  facet normal 0 0 1
    outer loop
      vertex 11.8 10 2.5
      vertex 108.50335469785541 8.999973580564717 2.5
      vertex 108.41254172417297 9.151485873713204 2.5
    endloop
  endfacet
  facet normal 0 0 1
    outer loop
      vertex 11.8 10 2.5
      vertex 108.2 10 2.5
      vertex 108.20866749199004 10.176430852593208 2.5
    endloop
  endfacet
  facet normal 0 0 1
    outer loop
      vertex 11.8 10 2.5
      vertex 108.20866749199004 10.176430852593208 2.5
      vertex 108.23458649527419 10.351162579629031 2.5
    endloop
  endfacet
  facet normal 0 0 1
    outer loop
      vertex 11.8 10 2.5
      vertex 108.23458649527419 10.351162579629031 2.5
      vertex 108.27750739568202 10.522512419058032 2.5
    endloop
  endfacet
  facet normal 0 0 1
    outer loop
      vertex 11.8 10 2.5
      vertex 108.27750739568202 10.522512419058032 2.5
      vertex 108.33701684147968 10.688830178257161 2.5
    endloop
  endfacet
  facet normal 0 0 1
    outer loop
      vertex 11.8 10 2.5
      vertex 108.33701684147968 10.688830178257161 2.5
      vertex 108.41254172417297 10.848514126286796 2.5
    endloop
  endfacet
  facet normal 0 0 1
    outer loop
      vertex 11.8 10 2.5
      vertex 108.41254172417297 10.848514126286796 2.5
      vertex 108.50335469785541 11.000026419435283 2.5
    endloop
  endfacet
  facet normal 0 0 1
    outer loop
      vertex 11.8 10 2.5
      vertex 108.50335469785541 11.000026419435283 2.5
      vertex 108.60858118394707 11.141907911494561 2.5
    endloop
  endfacet
  facet normal 0 0 1
    outer loop
      vertex 11.391418816052926 11.141907911494561 2.5
      vertex 108.60858118394707 11.141907911494561 2.5
      vertex 108.72720779386421 11.272792206135787 2.5
    endloop
  endfacet
  facet normal 0 0 1
    outer loop
      vertex 11.272792206135787 11.272792206135787 2.5
      vertex 108.72720779386421 11.272792206135787 2.5
      vertex 108.85809208850544 11.391418816052926 2.5
    endloop
  endfacet
  facet normal 0 0 1
    outer loop
      vertex 11.141907911494561 11.391418816052926 2.5
      vertex 108.85809208850544 11.391418816052926 2.5
      vertex 108.99997358056471 11.496645302144582 2.5
    endloop
  endfacet
  facet normal 0 0 1
    outer loop
      vertex 11.000026419435283 11.496645302144582 2.5
      vertex 108.99997358056471 11.496645302144582 2.5
      vertex 109.1514858737132 11.58745827582704 2.5
    endloop
  endfacet
  facet normal 0 0 1
    outer loop
      vertex 10.848514126286796 11.58745827582704 2.5
      vertex 109.1514858737132 11.58745827582704 2.5
      vertex 109.31116982174284 11.662983158520316 2.5
    endloop
  endfacet
  facet normal 0 0 1
    outer loop
      vertex 31.23681672538038 2.265029254661833 2.5
      vertex 108.85809208850544 8.608581183947074 2.5
      vertex 108.72720779386421 8.727207793864213 2.5
    endloop
  endfacet
  facet normal 0 0 1
    outer loop
      vertex 31.23681672538038 2.265029254661833 2.5
      vertex 108.72720779386421 8.727207793864213 2.5
      vertex 108.60858118394707 8.858092088505439 2.5
    endloop
  endfacet
  facet normal 0 0 1
    outer loop
      vertex 31.23681672538038 2.265029254661833 2.5
      vertex 108.99997358056471 8.503354697855418 2.5
      vertex 108.85809208850544 8.608581183947074 2.5
    endloop
  endfacet
  facet normal 0 0 1
    outer loop
      vertex 31.23681672538038 2.265029254661833 2.5
      vertex 109.1514858737132 8.41254172417296 2.5
      vertex 108.99997358056471 8.503354697855418 2.5
    endloop
  endfacet
  facet normal 0 0 1
    outer loop
      vertex 31.23681672538038 2.265029254661833 2.5
      vertex 109.31116982174284 8.337016841479684 2.5
      vertex 109.1514858737132 8.41254172417296 2.5
    endloop
  endfacet
  facet normal 0 0 1
    outer loop
      vertex 31.23681672538038 2.265029254661833 2.5
      vertex 109.47748758094197 8.277507395682024 2.5
      vertex 109.31116982174284 8.337016841479684 2.5
    endloop
  endfacet
  facet normal 0 0 1
    outer loop
      vertex 31.23681672538038 2.265029254661833 2.5
      vertex 109.82356914740679 8.208667491990045 2.5
      vertex 109.64883742037097 8.234586495274185 2.5
    endloop
  endfacet
  facet normal 0 0 1
    outer loop
      vertex 31.23681672538038 2.265029254661833 2.5
      vertex 110 8.2 2.5
      vertex 109.82356914740679 8.208667491990045 2.5
    endloop
  endfacet
  facet normal 0 0 1
    outer loop
      vertex 31.23681672538038 2.265029254661833 2.5
      vertex 110.17643085259321 8.208667491990045 2.5
      vertex 110 8.2 2.5
    endloop
  endfacet
  facet normal 0 0 1
    outer loop
      vertex 31.23681672538038 2.265029254661833 2.5
      vertex 109.64883742037097 8.234586495274185 2.5
      vertex 109.47748758094197 8.277507395682024 2.5
    endloop
  endfacet
  facet normal 0 0 1
    outer loop
      vertex 120 0 2.5
      vertex 110.17643085259321 8.208667491990045 2.5
      vertex 31.23681672538038 2.265029254661833 2.5
    endloop
  endfacet
  facet normal 0 0 1
    outer loop
      vertex 0 160 2.5
      vertex 109.31116982174284 11.662983158520316 2.5
      vertex 109.47748758094197 11.722492604317976 2.5
    endloop
  endfacet
  facet normal 0 0 1
    outer loop
      vertex 0 160 2.5
      vertex 109.47748758094197 11.722492604317976 2.5
      vertex 109.64883742037097 11.765413504725815 2.5
    endloop
  endfacet
  facet normal 0 0 1
    outer loop
      vertex 0 160 2.5
      vertex 109.64883742037097 11.765413504725815 2.5
      vertex 109.82356914740679 11.791332508009955 2.5
    endloop
  endfacet
  facet normal 0 0 1
    outer loop
      vertex 0 160 2.5
      vertex 109.82356914740679 11.791332508009955 2.5
      vertex 110 11.8 2.5
    endloop
  endfacet
  facet normal 0 0 1
    outer loop
      vertex 0 160 2.5
      vertex 110 11.8 2.5
      vertex 110.17643085259321 11.791332508009955 2.5
    endloop
  endfacet
  facet normal 0 0 1
    outer loop
      vertex 0 160 2.5
      vertex 110.17643085259321 11.791332508009955 2.5
      vertex 110.35116257962903 11.765413504725815 2.5
    endloop
  endfacet
  facet normal 0 0 1
    outer loop
      vertex 0 160 2.5
      vertex 110.35116257962903 11.765413504725815 2.5
      vertex 110.52251241905803 11.722492604317976 2.5
    endloop
  endfacet
  facet normal 0 0 1
    outer loop
      vertex 0 160 2.5
      vertex 110.52251241905803 11.722492604317976 2.5
      vertex 110.68883017825716 11.662983158520316 2.5
    endloop
  endfacet
  facet normal 0 0 1
    outer loop
      vertex 0 160 2.5
      vertex 110.68883017825716 11.662983158520316 2.5
      vertex 110.8485141262868 11.58745827582704 2.5
    endloop
  endfacet
  facet normal 0 0 1
    outer loop
      vertex 0 160 2.5
      vertex 110.8485141262868 11.58745827582704 2.5
      vertex 111.00002641943529 11.496645302144582 2.5
    endloop
  endfacet
  facet normal 0 0 1
    outer loop
      vertex 0 160 2.5
      vertex 111.00002641943529 11.496645302144582 2.5
      vertex 111.14190791149456 11.391418816052926 2.5
    endloop
  endfacet
  facet normal 0 0 1
    outer loop
      vertex 0 160 2.5
      vertex 111.14190791149456 11.391418816052926 2.5
      vertex 111.27279220613579 11.272792206135787 2.5
    endloop
  endfacet
  facet normal 0 0 1
    outer loop
      vertex 0 160 2.5
      vertex 111.27279220613579 11.272792206135787 2.5
      vertex 111.39141881605293 11.141907911494561 2.5
    endloop
  endfacet
  facet normal 0 0 1
    outer loop
      vertex 0 160 2.5
      vertex 111.39141881605293 11.141907911494561 2.5
      vertex 120 0 2.5
    endloop
  endfacet
  facet normal 0 0 1
    outer loop
      vertex 120 0 2.5
      vertex 110.35116257962903 8.234586495274185 2.5
      vertex 110.17643085259321 8.208667491990045 2.5
    endloop
  endfacet
  facet normal 0 0 1
    outer loop
      vertex 120 0 2.5
      vertex 110.52251241905803 8.277507395682024 2.5
      vertex 110.35116257962903 8.234586495274185 2.5
    endloop
  endfacet
  facet normal 0 0 1
    outer loop
      vertex 120 0 2.5
      vertex 110.68883017825716 8.337016841479684 2.5
      vertex 110.52251241905803 8.277507395682024 2.5
    endloop
  endfacet
  facet normal 0 0 1
    outer loop
      vertex 120 0 2.5
      vertex 110.8485141262868 8.41254172417296 2.5
      vertex 110.68883017825716 8.337016841479684 2.5
    endloop
  endfacet
  facet normal 0 0 1
    outer loop
      vertex 120 0 2.5
      vertex 111.00002641943529 8.503354697855418 2.5
      vertex 110.8485141262868 8.41254172417296 2.5
    endloop
  endfacet
  facet normal 0 0 1
    outer loop
      vertex 120 0 2.5
      vertex 111.27279220613579 8.727207793864213 2.5
      vertex 111.14190791149456 8.608581183947074 2.5
    endloop
  endfacet
  facet normal 0 0 1
    outer loop
      vertex 120 0 2.5
      vertex 111.14190791149456 8.608581183947074 2.5
      vertex 111.00002641943529 8.503354697855418 2.5
    endloop
  endfacet
  facet normal 0 0 1
    outer loop
      vertex 120 0 2.5
      vertex 111.39141881605293 8.858092088505439 2.5
      vertex 111.27279220613579 8.727207793864213 2.5
    endloop
  endfacet
  facet normal 0 0 1
    outer loop
      vertex 120 0 2.5
      vertex 111.58745827582703 9.151485873713204 2.5
      vertex 111.49664530214459 8.999973580564717 2.5
    endloop
  endfacet
  facet normal 0 0 1
    outer loop
      vertex 120 0 2.5
      vertex 111.49664530214459 8.999973580564717 2.5
      vertex 111.39141881605293 8.858092088505439 2.5
    endloop
  endfacet
  facet normal 0 0 1
    outer loop
      vertex 120 0 2.5
      vertex 111.49664530214459 11.000026419435283 2.5
      vertex 111.58745827582703 10.848514126286796 2.5
    endloop
  endfacet
  facet normal 0 0 1
    outer loop
      vertex 120 0 2.5
      vertex 111.39141881605293 11.141907911494561 2.5
      vertex 111.49664530214459 11.000026419435283 2.5
    endloop
  endfacet
  facet normal 0 0 1
    outer loop
      vertex 120 0 2.5
      vertex 111.66298315852032 9.311169821742839 2.5
      vertex 111.58745827582703 9.151485873713204 2.5
    endloop
  endfacet
  facet normal 0 0 1
    outer loop
      vertex 120 0 2.5
      vertex 111.72249260431798 9.477487580941968 2.5
      vertex 111.66298315852032 9.311169821742839 2.5
    endloop
  endfacet
  facet normal 0 0 1
    outer loop
      vertex 120 0 2.5
      vertex 111.76541350472581 9.648837420370969 2.5
      vertex 111.72249260431798 9.477487580941968 2.5
    endloop
  endfacet
  facet normal 0 0 1
    outer loop
      vertex 120 0 2.5
      vertex 111.79133250800996 9.823569147406792 2.5
      vertex 111.76541350472581 9.648837420370969 2.5
    endloop
  endfacet
  facet normal 0 0 1
    outer loop
      vertex 120 0 2.5
      vertex 111.8 10 2.5
      vertex 111.79133250800996 9.823569147406792 2.5
    endloop
  endfacet
  facet normal 0 0 1
    outer loop
      vertex 120 0 2.5
      vertex 111.79133250800996 10.176430852593208 2.5
      vertex 111.8 10 2.5
    endloop
  endfacet
  facet normal 0 0 1
    outer loop
      vertex 120 0 2.5
      vertex 111.76541350472581 10.351162579629031 2.5
      vertex 111.79133250800996 10.176430852593208 2.5
    endloop
  endfacet
  facet normal 0 0 1
    outer loop
      vertex 120 0 2.5
      vertex 111.66298315852032 10.688830178257161 2.5
      vertex 111.72249260431798 10.522512419058032 2.5
    endloop
  endfacet
  facet normal 0 0 1
    outer loop
      vertex 120 0 2.5
      vertex 111.58745827582703 10.848514126286796 2.5
      vertex 111.66298315852032 10.688830178257161 2.5
    endloop
  endfacet
  facet normal 0 0 1
    outer loop
      vertex 120 0 2.5
      vertex 111.72249260431798 10.522512419058032 2.5
      vertex 111.76541350472581 10.351162579629031 2.5
    endloop
  endfacet
  facet normal 0 0 -1
    outer loop
      vertex 21.94436371839219 29.573082867664 0
      vertex 89.73682815347286 133.40343427510047 0
      vertex 89.91866257118792 132.895241121992 0
    endloop
  endfacet
  facet normal 0 0 -1
    outer loop
      vertex 21.94436371839219 29.573082867664 0
      vertex 89.91866257118792 132.895241121992 0
      vertex 90.14943304608404 132.40731794745702 0
    endloop
  endfacet
  facet normal 0 0 -1
    outer loop
      vertex 21.94436371839219 29.573082867664 0
      vertex 89.60568095778223 133.9270032289113 0
      vertex 89.73682815347286 133.40343427510047 0
    endloop
  endfacet
  facet normal 0 0 -1
    outer loop
      vertex 21.94436371839219 29.573082867664 0
      vertex 90.74844250650494 131.51083693709995 0
      vertex 91.11091270347399 131.11091270347399 0
    endloop
  endfacet
  facet normal 0 0 -1
    outer loop
      vertex 21.94436371839219 29.573082867664 0
      vertex 91.11091270347399 131.11091270347399 0
      vertex 91.51083693709995 130.74844250650494 0
    endloop
  endfacet
  facet normal 0 0 -1
    outer loop
      vertex 21.94436371839219 29.573082867664 0
      vertex 91.94436371839218 130.426917132336 0
      vertex 92.40731794745702 130.14943304608406 0
    endloop
  endfacet
  facet normal 0 0 -1
    outer loop
      vertex 21.94436371839219 29.573082867664 0
      vertex 91.51083693709995 130.74844250650494 0
      vertex 91.94436371839218 130.426917132336 0
    endloop
  endfacet
  facet normal 0 0 -1
    outer loop
      vertex 21.94436371839219 29.573082867664 0
      vertex 92.40731794745702 130.14943304608406 0
      vertex 92.895241121992 129.91866257118792 0
    endloop
  endfacet
  facet normal 0 0 -1
    outer loop
      vertex 21.94436371839219 29.573082867664 0
      vertex 90.426917132336 131.9443637183922 0
      vertex 90.74844250650494 131.51083693709995 0
    endloop
  endfacet
  facet normal 0 0 -1
    outer loop
      vertex 21.94436371839219 29.573082867664 0
      vertex 90.14943304608404 132.40731794745702 0
      vertex 90.426917132336 131.9443637183922 0
    endloop
  endfacet
  facet normal 0 0 -1
    outer loop
      vertex 21.94436371839219 29.573082867664 0
      vertex 93.92700322891129 129.60568095778223 0
      vertex 94.46090572818741 129.52648400330293 0
    endloop
  endfacet
  facet normal 0 0 -1
    outer loop
      vertex 21.94436371839219 29.573082867664 0
      vertex 92.895241121992 129.91866257118792 0
      vertex 93.40343427510045 129.73682815347286 0
    endloop
  endfacet
  facet normal 0 0 -1
    outer loop
      vertex 21.94436371839219 29.573082867664 0
      vertex 93.40343427510045 129.73682815347286 0
      vertex 93.92700322891129 129.60568095778223 0
    endloop
  endfacet
  facet normal 0 0 -1
    outer loop
      vertex 21.94436371839219 29.573082867664 0
      vertex 94.46090572818741 129.52648400330293 0
      vertex 95 129.5 0
    endloop
  endfacet
  facet normal 0 0 -1
    outer loop
      vertex 21.94436371839219 29.573082867664 0
      vertex 95 129.5 0
      vertex 95.53909427181259 129.52648400330293 0
    endloop
  endfacet
  facet normal 0 0 -1
    outer loop
      vertex 21.94436371839219 29.573082867664 0
      vertex 95.53909427181259 129.52648400330293 0
      vertex 96.07299677108871 129.60568095778223 0
    endloop
  endfacet
  facet normal 0 0 -1
    outer loop
      vertex 21.94436371839219 29.573082867664 0
      vertex 96.07299677108871 129.60568095778223 0
      vertex 96.59656572489955 129.73682815347286 0
    endloop
  endfacet
  facet normal 0 0 -1
    outer loop
      vertex 21.94436371839219 29.573082867664 0
      vertex 96.59656572489955 129.73682815347286 0
      vertex 97.104758878008 129.91866257118792 0
    endloop
  endfacet
  facet normal 0 0 -1
    outer loop
      vertex 21.94436371839219 29.573082867664 0
      vertex 97.104758878008 129.91866257118792 0
      vertex 97.59268205254298 130.14943304608406 0
    endloop
  endfacet
  facet normal 0 0 -1
    outer loop
      vertex 21.94436371839219 29.573082867664 0
      vertex 97.59268205254298 130.14943304608406 0
      vertex 98.05563628160782 130.426917132336 0
    endloop
  endfacet
  facet normal 0 0 -1
    outer loop
      vertex 30.47351599669708 134.4609057281874 0
      vertex 89.5 135 0
      vertex 89.52648400330291 134.4609057281874 0
    endloop
  endfacet
  facet normal 0 0 -1
    outer loop
      vertex 30.47351599669708 134.4609057281874 0
      vertex 89.52648400330291 134.4609057281874 0
      vertex 89.60568095778223 133.9270032289113 0
    endloop
  endfacet
  facet normal 0 0 -1
    outer loop
      vertex 30.47351599669708 134.4609057281874 0
      vertex 89.52648400330291 135.5390942718126 0
      vertex 89.5 135 0
    endloop
  endfacet
  facet normal 0 0 -1
    outer loop
      vertex 30.47351599669708 134.4609057281874 0
      vertex 89.60568095778223 136.0729967710887 0
      vertex 89.52648400330291 135.5390942718126 0
    endloop
  endfacet
  facet normal 0 0 -1
    outer loop
      vertex 30.47351599669708 134.4609057281874 0
      vertex 89.73682815347286 136.59656572489953 0
      vertex 89.60568095778223 136.0729967710887 0
    endloop
  endfacet
  facet normal 0 0 -1
    outer loop
      vertex 30.47351599669708 134.4609057281874 0
      vertex 89.91866257118792 137.104758878008 0
      vertex 89.73682815347286 136.59656572489953 0
    endloop
  endfacet
  facet normal 0 0 -1
    outer loop
      vertex 30.47351599669708 134.4609057281874 0
      vertex 90.14943304608404 137.59268205254298 0
      vertex 89.91866257118792 137.104758878008 0
    endloop
  endfacet
  facet normal 0 0 -1
    outer loop
      vertex 30.47351599669708 134.4609057281874 0
      vertex 90.426917132336 138.0556362816078 0
      vertex 90.14943304608404 137.59268205254298 0
    endloop
  endfacet
  facet normal 0 0 -1
    outer loop
      vertex 30.47351599669708 134.4609057281874 0
      vertex 90.74844250650494 138.48916306290005 0
      vertex 90.426917132336 138.0556362816078 0
    endloop
  endfacet
  facet normal 0 0 -1
    outer loop
      vertex 30.47351599669708 134.4609057281874 0
      vertex 88.98497074533817 157.51318327461962 0
      vertex 90.74844250650494 138.48916306290005 0
    endloop
  endfacet
  facet normal 0 0 -1
    outer loop
      vertex 30.47351599669708 134.4609057281874 0
      vertex 88.86862915010153 157.61862915010153 0
      vertex 88.98497074533817 157.51318327461962 0
    endloop
  endfacet
  facet normal 0 0 -1
    outer loop
      vertex 90.74844250650494 138.48916306290005 0
      vertex 88.98497074533817 157.51318327461962 0
      vertex 89.11108762716864 157.41964862031594 0
    endloop
  endfacet
  facet normal 0 0 -1
    outer loop
      vertex 91.11091270347399 138.88908729652601 0
      vertex 89.11108762716864 157.41964862031594 0
      vertex 89.2457652210784 157.33892597704263 0
    endloop
  endfacet
  facet normal 0 0 -1
    outer loop
      vertex 98.05563628160782 29.573082867664 0
      vertex 98.05563628160782 130.426917132336 0
      vertex 98.48916306290005 130.74844250650494 0
    endloop
  endfacet
  facet normal 0 0 -1
    outer loop
      vertex 98.48916306290005 29.251557493495053 0
      vertex 98.48916306290005 130.74844250650494 0
      vertex 98.88908729652601 131.11091270347399 0
    endloop
  endfacet
  facet normal 0 0 -1
    outer loop
      vertex 98.88908729652601 28.88908729652601 0
      vertex 98.88908729652601 131.11091270347399 0
      vertex 99.25155749349506 131.51083693709995 0
    endloop
  endfacet
  facet normal 0 0 -1
    outer loop
      vertex 99.25155749349506 28.48916306290005 0
      vertex 99.25155749349506 131.51083693709995 0
      vertex 99.573082867664 131.9443637183922 0
    endloop
  endfacet
  facet normal 0 0 -1
    outer loop
      vertex 120 0 0
      vertex 99.573082867664 131.9443637183922 0
      vertex 99.85056695391596 132.40731794745702 0
    endloop
  endfacet
  facet normal 0 0 -1
    outer loop
      vertex 120 0 0
      vertex 99.85056695391596 132.40731794745702 0
      vertex 100.08133742881208 132.895241121992 0
    endloop
  endfacet
  facet normal 0 0 -1
    outer loop
      vertex 120 0 0
      vertex 100.08133742881208 132.895241121992 0
      vertex 100.26317184652714 133.40343427510047 0
    endloop
  endfacet
  facet normal 0 0 -1
    outer loop
      vertex 120 0 0
      vertex 100.26317184652714 133.40343427510047 0
      vertex 100.39431904221777 133.9270032289113 0
    endloop
  endfacet
  facet normal 0 0 -1
    outer loop
      vertex 120 0 0
      vertex 100.39431904221777 133.9270032289113 0
      vertex 110.991322172824 146.73204875347452 0
    endloop
  endfacet
  facet normal 0 0 -1
    outer loop
      vertex 120 0 0
      vertex 110.991322172824 146.73204875347452 0
      vertex 111.30686392152678 146.84495139647396 0
    endloop
  endfacet
  facet normal 0 0 -1
    outer loop
      vertex 120 0 0
      vertex 111.30686392152678 146.84495139647396 0
      vertex 111.60981985626078 146.98823888225036 0
    endloop
  endfacet
  facet normal 0 0 -1
    outer loop
      vertex 120 0 0
      vertex 111.60981985626078 146.98823888225036 0
      vertex 111.89727234576193 147.1605312739868 0
    endloop
  endfacet
  facet normal 0 0 -1
    outer loop
      vertex 120 0 0
      vertex 111.89727234576193 147.1605312739868 0
      vertex 112.16645306541885 147.36016930176626 0
    endloop
  endfacet
  facet normal 0 0 -1
    outer loop
      vertex 120 0 0
      vertex 112.16645306541885 147.36016930176626 0
      vertex 112.41476965775206 147.58523034224794 0
    endloop
  endfacet
  facet normal 0 0 -1
    outer loop
      vertex 120 0 0
      vertex 112.41476965775206 147.58523034224794 0
      vertex 112.63983069823375 147.83354693458116 0
    endloop
  endfacet
  facet normal 0 0 -1
    outer loop
      vertex 120 0 0
      vertex 112.63983069823375 147.83354693458116 0
      vertex 112.83946872601318 148.10272765423807 0
    endloop
  endfacet
  facet normal 0 0 -1
    outer loop
      vertex 120 0 0
      vertex 112.83946872601318 148.10272765423807 0
      vertex 113.01176111774963 148.3901801437392 0
    endloop
  endfacet
  facet normal 0 0 -1
    outer loop
      vertex 120 0 0
      vertex 113.01176111774963 148.3901801437392 0
      vertex 113.15504860352604 148.69313607847323 0
    endloop
  endfacet
  facet normal 0 0 -1
    outer loop
      vertex 120 0 0
      vertex 113.15504860352604 148.69313607847323 0
      vertex 113.2679512465255 149.00867782717603 0
    endloop
  endfacet
  facet normal 0 0 -1
    outer loop
      vertex 120 0 0
      vertex 113.2679512465255 149.00867782717603 0
      vertex 113.34938173257703 149.33376655031492 0
    endloop
  endfacet
  facet normal 0 0 -1
    outer loop
      vertex 120 0 0
      vertex 113.34938173257703 149.33376655031492 0
      vertex 113.39855584158555 149.66527146577454 0
    endloop
  endfacet
  facet normal 0 0 -1
    outer loop
      vertex 120 0 0
      vertex 113.39855584158555 149.66527146577454 0
      vertex 113.415 150 0
    endloop
  endfacet
  facet normal 0 0 -1
    outer loop
      vertex 120 0 0
      vertex 113.415 150 0
      vertex 120 160 0
    endloop
  endfacet
  facet normal 0 0 -1
    outer loop
      vertex 110 146.585 0
      vertex 100.39431904221777 133.9270032289113 0
      vertex 100.47351599669709 134.4609057281874 0
    endloop
  endfacet
  facet normal 0 0 -1
    outer loop
      vertex 110 146.585 0
      vertex 100.47351599669709 134.4609057281874 0
      vertex 100.5 135 0
    endloop
  endfacet
  facet normal 0 0 -1
    outer loop
      vertex 110 146.585 0
      vertex 100.39431904221777 136.0729967710887 0
      vertex 100.26317184652714 136.59656572489953 0
    endloop
  endfacet
  facet normal 0 0 -1
    outer loop
      vertex 110 146.585 0
      vertex 100.5 135 0
      vertex 100.47351599669709 135.5390942718126 0
    endloop
  endfacet
  facet normal 0 0 -1
    outer loop
      vertex 110 146.585 0
      vertex 100.47351599669709 135.5390942718126 0
      vertex 100.39431904221777 136.0729967710887 0
    endloop
  endfacet
  facet normal 0 0 -1
    outer loop
      vertex 90.74844250650494 138.48916306290005 0
      vertex 89.11108762716864 157.41964862031594 0
      vertex 91.11091270347399 138.88908729652601 0
    endloop
  endfacet
  facet normal 0 0 -1
    outer loop
      vertex 91.51083693709995 139.25155749349506 0
      vertex 91.11091270347399 138.88908729652601 0
      vertex 89.2457652210784 157.33892597704263 0
    endloop
  endfacet
  facet normal 0 0 -1
    outer loop
      vertex 91.94436371839218 139.573082867664 0
      vertex 91.51083693709995 139.25155749349506 0
      vertex 89.38770650821586 157.27179274798195 0
    endloop
  endfacet
  facet normal 0 0 -1
    outer loop
      vertex 92.40731794745702 139.85056695391594 0
      vertex 91.94436371839218 139.573082867664 0
      vertex 89.68785548477419 157.18074355135482 0
    endloop
  endfacet
  facet normal 0 0 -1
    outer loop
      vertex 92.895241121992 140.08133742881208 0
      vertex 92.40731794745702 139.85056695391594 0
      vertex 89.8431725754727 157.1577044373245 0
    endloop
  endfacet
  facet normal 0 0 -1
    outer loop
      vertex 92.895241121992 140.08133742881208 0
      vertex 90.1568274245273 157.1577044373245 0
      vertex 93.40343427510045 140.26317184652714 0
    endloop
  endfacet
  facet normal 0 0 -1
    outer loop
      vertex 93.92700322891129 140.39431904221777 0
      vertex 93.40343427510045 140.26317184652714 0
      vertex 90.31214451522581 157.18074355135482 0
    endloop
  endfacet
  facet normal 0 0 -1
    outer loop
      vertex 94.46090572818741 140.47351599669707 0
      vertex 93.92700322891129 140.39431904221777 0
      vertex 90.7542347789216 157.33892597704263 0
    endloop
  endfacet
  facet normal 0 0 -1
    outer loop
      vertex 95 140.5 0
      vertex 94.46090572818741 140.47351599669707 0
      vertex 90.7542347789216 157.33892597704263 0
    endloop
  endfacet
  facet normal 0 0 -1
    outer loop
      vertex 95.53909427181259 140.47351599669707 0
      vertex 95 140.5 0
      vertex 90.7542347789216 157.33892597704263 0
    endloop
  endfacet
  facet normal 0 0 -1
    outer loop
      vertex 96.07299677108871 140.39431904221777 0
      vertex 95.53909427181259 140.47351599669707 0
      vertex 90.7542347789216 157.33892597704263 0
    endloop
  endfacet
  facet normal 0 0 -1
    outer loop
      vertex 91.51083693709995 139.25155749349506 0
      vertex 89.2457652210784 157.33892597704263 0
      vertex 89.38770650821586 157.27179274798195 0
    endloop
  endfacet
  facet normal 0 0 -1
    outer loop
      vertex 91.94436371839218 139.573082867664 0
      vertex 89.38770650821586 157.27179274798195 0
      vertex 89.53554451639286 157.21889546282847 0
    endloop
  endfacet
  facet normal 0 0 -1
    outer loop
      vertex 91.94436371839218 139.573082867664 0
      vertex 89.53554451639286 157.21889546282847 0
      vertex 89.68785548477419 157.18074355135482 0
    endloop
  endfacet
  facet normal 0 0 -1
    outer loop
      vertex 92.40731794745702 139.85056695391594 0
      vertex 89.68785548477419 157.18074355135482 0
      vertex 89.8431725754727 157.1577044373245 0
    endloop
  endfacet
  facet normal 0 0 -1
    outer loop
      vertex 92.895241121992 140.08133742881208 0
      vertex 89.8431725754727 157.1577044373245 0
      vertex 90 157.15 0
    endloop
  endfacet
  facet normal 0 0 -1
    outer loop
      vertex 92.895241121992 140.08133742881208 0
      vertex 90 157.15 0
      vertex 90.1568274245273 157.1577044373245 0
    endloop
  endfacet
  facet normal 0 0 -1
    outer loop
      vertex 93.40343427510045 140.26317184652714 0
      vertex 90.1568274245273 157.1577044373245 0
      vertex 90.31214451522581 157.18074355135482 0
    endloop
  endfacet
  facet normal 0 0 -1
    outer loop
      vertex 93.92700322891129 140.39431904221777 0
      vertex 90.31214451522581 157.18074355135482 0
      vertex 90.46445548360714 157.21889546282847 0
    endloop
  endfacet
  facet normal 0 0 -1
    outer loop
      vertex 93.92700322891129 140.39431904221777 0
      vertex 90.46445548360714 157.21889546282847 0
      vertex 90.61229349178414 157.27179274798195 0
    endloop
  endfacet
  facet normal 0 0 -1
    outer loop
      vertex 93.92700322891129 140.39431904221777 0
      vertex 90.61229349178414 157.27179274798195 0
      vertex 90.7542347789216 157.33892597704263 0
    endloop
  endfacet
  facet normal 0 0 -1
    outer loop
      vertex 106.60144415841445 149.66527146577454 0
      vertex 90.7542347789216 157.33892597704263 0
      vertex 90.88891237283136 157.41964862031594 0
    endloop
  endfacet
  facet normal 0 0 -1
    outer loop
      vertex 90.88891237283136 157.41964862031594 0
      vertex 91.01502925466183 157.51318327461962 0
      vertex 106.585 150 0
    endloop
  endfacet
  facet normal 0 0 -1
    outer loop
      vertex 106.585 150 0
      vertex 91.01502925466183 157.51318327461962 0
      vertex 91.13137084989847 157.61862915010153 0
    endloop
  endfacet
  facet normal 0 0 -1
    outer loop
      vertex 106.60144415841445 150.33472853422546 0
      vertex 91.13137084989847 157.61862915010153 0
      vertex 91.23681672538038 157.73497074533816 0
    endloop
  endfacet
  facet normal 0 0 -1
    outer loop
      vertex 91.33035137968407 157.86108762716864 0
      vertex 106.65061826742297 150.66623344968508 0
      vertex 91.23681672538038 157.73497074533816 0
    endloop
  endfacet
  facet normal 0 0 -1
    outer loop
      vertex 91.41107402295737 157.99576522107841 0
      vertex 106.7320487534745 150.99132217282397 0
      vertex 91.33035137968407 157.86108762716864 0
    endloop
  endfacet
  facet normal 0 0 -1
    outer loop
      vertex 91.47820725201805 158.13770650821584 0
      vertex 106.84495139647396 151.30686392152677 0
      vertex 91.41107402295737 157.99576522107841 0
    endloop
  endfacet
  facet normal 0 0 -1
    outer loop
      vertex 91.53110453717153 158.28554451639286 0
      vertex 106.98823888225037 151.6098198562608 0
      vertex 91.47820725201805 158.13770650821584 0
    endloop
  endfacet
  facet normal 0 0 -1
    outer loop
      vertex 106.98823888225037 151.6098198562608 0
      vertex 91.53110453717153 158.28554451639286 0
      vertex 91.56925644864516 158.4378554847742 0
    endloop
  endfacet
  facet normal 0 0 -1
    outer loop
      vertex 107.16053127398682 151.89727234576196 0
      vertex 91.56925644864516 158.4378554847742 0
      vertex 91.59229556267552 158.5931725754727 0
    endloop
  endfacet
  facet normal 0 0 -1
    outer loop
      vertex 91.6 158.75 0
      vertex 107.16053127398682 151.89727234576196 0
      vertex 91.59229556267552 158.5931725754727 0
    endloop
  endfacet
  facet normal 0 0 -1
    outer loop
      vertex 107.36016930176625 152.16645306541884 0
      vertex 91.6 158.75 0
      vertex 91.59229556267552 158.9068274245273 0
    endloop
  endfacet
  facet normal 0 0 -1
    outer loop
      vertex 107.58523034224794 152.41476965775206 0
      vertex 91.59229556267552 158.9068274245273 0
      vertex 91.56925644864516 159.0621445152258 0
    endloop
  endfacet
  facet normal 0 0 -1
    outer loop
      vertex 91.53110453717153 159.21445548360714 0
      vertex 107.58523034224794 152.41476965775206 0
      vertex 91.56925644864516 159.0621445152258 0
    endloop
  endfacet
  facet normal 0 0 -1
    outer loop
      vertex 107.83354693458115 152.63983069823374 0
      vertex 91.53110453717153 159.21445548360714 0
      vertex 91.47820725201805 159.36229349178416 0
    endloop
  endfacet
  facet normal 0 0 -1
    outer loop
      vertex 108.10272765423807 152.8394687260132 0
      vertex 91.41107402295737 159.50423477892159 0
      vertex 91.33035137968407 159.63891237283136 0
    endloop
  endfacet
  facet normal 0 0 -1
    outer loop
      vertex 108.10272765423807 152.8394687260132 0
      vertex 91.47820725201805 159.36229349178416 0
      vertex 91.41107402295737 159.50423477892159 0
    endloop
  endfacet
  facet normal 0 0 -1
    outer loop
      vertex 108.39018014373922 153.01176111774964 0
      vertex 91.33035137968407 159.63891237283136 0
      vertex 91.23681672538038 159.76502925466184 0
    endloop
  endfacet
  facet normal 0 0 -1
    outer loop
      vertex 108.69313607847322 153.15504860352604 0
      vertex 91.01502925466183 159.98681672538038 0
      vertex 90.99725366656864 160 0
    endloop
  endfacet
  facet normal 0 0 -1
    outer loop
      vertex 108.69313607847322 153.15504860352604 0
      vertex 91.23681672538038 159.76502925466184 0
      vertex 91.13137084989847 159.88137084989847 0
    endloop
  endfacet
  facet normal 0 0 -1
    outer loop
      vertex 108.69313607847322 153.15504860352604 0
      vertex 91.13137084989847 159.88137084989847 0
      vertex 91.01502925466183 159.98681672538038 0
    endloop
  endfacet
  facet normal 0 0 -1
    outer loop
      vertex 98.48916306290005 139.25155749349506 0
      vertex 98.05563628160782 139.573082867664 0
      vertex 107.16053127398682 148.10272765423804 0
    endloop
  endfacet
  facet normal 0 0 -1
    outer loop
      vertex 96.59656572489955 140.26317184652714 0
      vertex 96.07299677108871 140.39431904221777 0
      vertex 106.65061826742297 149.33376655031492 0
    endloop
  endfacet
  facet normal 0 0 -1
    outer loop
      vertex 97.104758878008 140.08133742881208 0
      vertex 96.59656572489955 140.26317184652714 0
      vertex 106.7320487534745 149.00867782717603 0
    endloop
  endfacet
  facet normal 0 0 -1
    outer loop
      vertex 97.59268205254298 139.85056695391594 0
      vertex 97.104758878008 140.08133742881208 0
      vertex 106.84495139647396 148.69313607847323 0
    endloop
  endfacet
  facet normal 0 0 -1
    outer loop
      vertex 98.05563628160782 139.573082867664 0
      vertex 97.59268205254298 139.85056695391594 0
      vertex 106.98823888225037 148.3901801437392 0
    endloop
  endfacet
  facet normal 0 0 -1
    outer loop
      vertex 96.07299677108871 140.39431904221777 0
      vertex 90.7542347789216 157.33892597704263 0
      vertex 106.60144415841445 149.66527146577454 0
    endloop
  endfacet
  facet normal 0 0 -1
    outer loop
      vertex 98.88908729652601 138.88908729652601 0
      vertex 98.48916306290005 139.25155749349506 0
      vertex 107.58523034224794 147.58523034224794 0
    endloop
  endfacet
  facet normal 0 0 -1
    outer loop
      vertex 98.88908729652601 138.88908729652601 0
      vertex 107.83354693458115 147.36016930176626 0
      vertex 99.25155749349506 138.48916306290005 0
    endloop
  endfacet
  facet normal 0 0 -1
    outer loop
      vertex 99.25155749349506 138.48916306290005 0
      vertex 108.10272765423807 147.1605312739868 0
      vertex 99.573082867664 138.0556362816078 0
    endloop
  endfacet
  facet normal 0 0 -1
    outer loop
      vertex 99.573082867664 138.0556362816078 0
      vertex 108.39018014373922 146.98823888225036 0
      vertex 99.85056695391596 137.59268205254298 0
    endloop
  endfacet
  facet normal 0 0 -1
    outer loop
      vertex 99.85056695391596 137.59268205254298 0
      vertex 109.008677827176 146.73204875347452 0
      vertex 100.08133742881208 137.104758878008 0
    endloop
  endfacet
  facet normal 0 0 -1
    outer loop
      vertex 100.08133742881208 137.104758878008 0
      vertex 109.33376655031492 146.65061826742297 0
      vertex 100.26317184652714 136.59656572489953 0
    endloop
  endfacet
  facet normal 0 0 -1
    outer loop
      vertex 98.48916306290005 139.25155749349506 0
      vertex 107.36016930176625 147.83354693458116 0
      vertex 107.58523034224794 147.58523034224794 0
    endloop
  endfacet
  facet normal 0 0 -1
    outer loop
      vertex 98.88908729652601 138.88908729652601 0
      vertex 107.58523034224794 147.58523034224794 0
      vertex 107.83354693458115 147.36016930176626 0
    endloop
  endfacet
  facet normal 0 0 -1
    outer loop
      vertex 96.07299677108871 140.39431904221777 0
      vertex 106.60144415841445 149.66527146577454 0
      vertex 106.65061826742297 149.33376655031492 0
    endloop
  endfacet
  facet normal 0 0 -1
    outer loop
      vertex 96.59656572489955 140.26317184652714 0
      vertex 106.65061826742297 149.33376655031492 0
      vertex 106.7320487534745 149.00867782717603 0
    endloop
  endfacet
  facet normal 0 0 -1
    outer loop
      vertex 97.104758878008 140.08133742881208 0
      vertex 106.7320487534745 149.00867782717603 0
      vertex 106.84495139647396 148.69313607847323 0
    endloop
  endfacet
  facet normal 0 0 -1
    outer loop
      vertex 97.59268205254298 139.85056695391594 0
      vertex 106.84495139647396 148.69313607847323 0
      vertex 106.98823888225037 148.3901801437392 0
    endloop
  endfacet
  facet normal 0 0 -1
    outer loop
      vertex 98.05563628160782 139.573082867664 0
      vertex 106.98823888225037 148.3901801437392 0
      vertex 107.16053127398682 148.10272765423804 0
    endloop
  endfacet
  facet normal 0 0 -1
    outer loop
      vertex 98.48916306290005 139.25155749349506 0
      vertex 107.16053127398682 148.10272765423804 0
      vertex 107.36016930176625 147.83354693458116 0
    endloop
  endfacet
  facet normal 0 0 -1
    outer loop
      vertex 90.88891237283136 157.41964862031594 0
      vertex 106.585 150 0
      vertex 106.60144415841445 149.66527146577454 0
    endloop
  endfacet
  facet normal 0 0 -1
    outer loop
      vertex 106.585 150 0
      vertex 91.13137084989847 157.61862915010153 0
      vertex 106.60144415841445 150.33472853422546 0
    endloop
  endfacet
  facet normal 0 0 -1
    outer loop
      vertex 106.60144415841445 150.33472853422546 0
      vertex 91.23681672538038 157.73497074533816 0
      vertex 106.65061826742297 150.66623344968508 0
    endloop
  endfacet
  facet normal 0 0 -1
    outer loop
      vertex 106.65061826742297 150.66623344968508 0
      vertex 91.33035137968407 157.86108762716864 0
      vertex 106.7320487534745 150.99132217282397 0
    endloop
  endfacet
  facet normal 0 0 -1
    outer loop
      vertex 106.7320487534745 150.99132217282397 0
      vertex 91.41107402295737 157.99576522107841 0
      vertex 106.84495139647396 151.30686392152677 0
    endloop
  endfacet
  facet normal 0 0 -1
    outer loop
      vertex 106.84495139647396 151.30686392152677 0
      vertex 91.47820725201805 158.13770650821584 0
      vertex 106.98823888225037 151.6098198562608 0
    endloop
  endfacet
  facet normal 0 0 -1
    outer loop
      vertex 106.98823888225037 151.6098198562608 0
      vertex 91.56925644864516 158.4378554847742 0
      vertex 107.16053127398682 151.89727234576196 0
    endloop
  endfacet
  facet normal 0 0 -1
    outer loop
      vertex 107.36016930176625 152.16645306541884 0
      vertex 107.16053127398682 151.89727234576196 0
      vertex 91.6 158.75 0
    endloop
  endfacet
  facet normal 0 0 -1
    outer loop
      vertex 107.58523034224794 152.41476965775206 0
      vertex 107.36016930176625 152.16645306541884 0
      vertex 91.59229556267552 158.9068274245273 0
    endloop
  endfacet
  facet normal 0 0 -1
    outer loop
      vertex 107.83354693458115 152.63983069823374 0
      vertex 107.58523034224794 152.41476965775206 0
      vertex 91.53110453717153 159.21445548360714 0
    endloop
  endfacet
  facet normal 0 0 -1
    outer loop
      vertex 108.10272765423807 152.8394687260132 0
      vertex 107.83354693458115 152.63983069823374 0
      vertex 91.47820725201805 159.36229349178416 0
    endloop
  endfacet
  facet normal 0 0 -1
    outer loop
      vertex 108.39018014373922 153.01176111774964 0
      vertex 108.10272765423807 152.8394687260132 0
      vertex 91.33035137968407 159.63891237283136 0
    endloop
  endfacet
  facet normal 0 0 -1
    outer loop
      vertex 108.69313607847322 153.15504860352604 0
      vertex 108.39018014373922 153.01176111774964 0
      vertex 91.23681672538038 159.76502925466184 0
    endloop
  endfacet
  facet normal 0 0 -1
    outer loop
      vertex 90.99725366656864 160 0
      vertex 109.008677827176 153.26795124652548 0
      vertex 108.69313607847322 153.15504860352604 0
    endloop
  endfacet
  facet normal 0 0 -1
    outer loop
      vertex 90.99725366656864 160 0
      vertex 109.33376655031492 153.34938173257703 0
      vertex 109.008677827176 153.26795124652548 0
    endloop
  endfacet
  facet normal 0 0 -1
    outer loop
      vertex 90.99725366656864 160 0
      vertex 109.66527146577455 153.39855584158556 0
      vertex 109.33376655031492 153.34938173257703 0
    endloop
  endfacet
  facet normal 0 0 -1
    outer loop
      vertex 90.99725366656864 160 0
      vertex 110 153.415 0
      vertex 109.66527146577455 153.39855584158556 0
    endloop
  endfacet
  facet normal 0 0 -1
    outer loop
      vertex 90.99725366656864 160 0
      vertex 110.33472853422545 153.39855584158556 0
      vertex 110 153.415 0
    endloop
  endfacet
  facet normal 0 0 -1
    outer loop
      vertex 90.99725366656864 160 0
      vertex 110.66623344968508 153.34938173257703 0
      vertex 110.33472853422545 153.39855584158556 0
    endloop
  endfacet
  facet normal 0 0 -1
    outer loop
      vertex 90.99725366656864 160 0
      vertex 110.991322172824 153.26795124652548 0
      vertex 110.66623344968508 153.34938173257703 0
    endloop
  endfacet
  facet normal 0 0 -1
    outer loop
      vertex 99.85056695391596 137.59268205254298 0
      vertex 108.69313607847322 146.84495139647396 0
      vertex 109.008677827176 146.73204875347452 0
    endloop
  endfacet
  facet normal 0 0 -1
    outer loop
      vertex 99.25155749349506 138.48916306290005 0
      vertex 107.83354693458115 147.36016930176626 0
      vertex 108.10272765423807 147.1605312739868 0
    endloop
  endfacet
  facet normal 0 0 -1
    outer loop
      vertex 99.573082867664 138.0556362816078 0
      vertex 108.10272765423807 147.1605312739868 0
      vertex 108.39018014373922 146.98823888225036 0
    endloop
  endfacet
  facet normal 0 0 -1
    outer loop
      vertex 99.85056695391596 137.59268205254298 0
      vertex 108.39018014373922 146.98823888225036 0
      vertex 108.69313607847322 146.84495139647396 0
    endloop
  endfacet
  facet normal 0 0 -1
    outer loop
      vertex 100.08133742881208 137.104758878008 0
      vertex 109.008677827176 146.73204875347452 0
      vertex 109.33376655031492 146.65061826742297 0
    endloop
  endfacet
  facet normal 0 0 -1
    outer loop
      vertex 100.26317184652714 136.59656572489953 0
      vertex 109.33376655031492 146.65061826742297 0
      vertex 109.66527146577455 146.60144415841444 0
    endloop
  endfacet
  facet normal 0 0 -1
    outer loop
      vertex 110 146.585 0
      vertex 100.26317184652714 136.59656572489953 0
      vertex 109.66527146577455 146.60144415841444 0
    endloop
  endfacet
  facet normal 0 0 -1
    outer loop
      vertex 100.39431904221777 133.9270032289113 0
      vertex 110 146.585 0
      vertex 110.33472853422546 146.60144415841444 0
    endloop
  endfacet
  facet normal 0 0 -1
    outer loop
      vertex 100.39431904221777 133.9270032289113 0
      vertex 110.33472853422546 146.60144415841444 0
      vertex 110.66623344968508 146.65061826742297 0
    endloop
  endfacet
  facet normal 0 0 -1
    outer loop
      vertex 100.39431904221777 133.9270032289113 0
      vertex 110.66623344968508 146.65061826742297 0
      vertex 110.991322172824 146.73204875347452 0
    endloop
  endfacet
  facet normal 0 0 -1
    outer loop
      vertex 120 160 0
      vertex 110.991322172824 153.26795124652548 0
      vertex 90.99725366656864 160 0
    endloop
  endfacet
  facet normal 0 0 -1
    outer loop
      vertex 120 160 0
      vertex 112.63983069823375 152.16645306541884 0
      vertex 112.41476965775206 152.41476965775206 0
    endloop
  endfacet
  facet normal 0 0 -1
    outer loop
      vertex 120 160 0
      vertex 113.01176111774963 151.6098198562608 0
      vertex 112.83946872601318 151.89727234576196 0
    endloop
  endfacet
  facet normal 0 0 -1
    outer loop
      vertex 120 160 0
      vertex 112.83946872601318 151.89727234576196 0
      vertex 112.63983069823375 152.16645306541884 0
    endloop
  endfacet
  facet normal 0 0 -1
    outer loop
      vertex 120 160 0
      vertex 113.415 150 0
      vertex 113.39855584158555 150.33472853422546 0
    endloop
  endfacet
  facet normal 0 0 -1
    outer loop
      vertex 120 160 0
      vertex 113.39855584158555 150.33472853422546 0
      vertex 113.34938173257703 150.66623344968508 0
    endloop
  endfacet
  facet normal 0 0 -1
    outer loop
      vertex 120 160 0
      vertex 113.34938173257703 150.66623344968508 0
      vertex 113.2679512465255 150.99132217282397 0
    endloop
  endfacet
  facet normal 0 0 -1
    outer loop
      vertex 120 160 0
      vertex 113.15504860352604 151.30686392152677 0
      vertex 113.01176111774963 151.6098198562608 0
    endloop
  endfacet
  facet normal 0 0 -1
    outer loop
      vertex 120 160 0
      vertex 113.2679512465255 150.99132217282397 0
      vertex 113.15504860352604 151.30686392152677 0
    endloop
  endfacet
  facet normal 0 0 -1
    outer loop
      vertex 120 160 0
      vertex 111.30686392152678 153.15504860352604 0
      vertex 110.991322172824 153.26795124652548 0
    endloop
  endfacet
  facet normal 0 0 -1
    outer loop
      vertex 120 160 0
      vertex 111.60981985626078 153.01176111774964 0
      vertex 111.30686392152678 153.15504860352604 0
    endloop
  endfacet
  facet normal 0 0 -1
    outer loop
      vertex 120 160 0
      vertex 111.89727234576193 152.8394687260132 0
      vertex 111.60981985626078 153.01176111774964 0
    endloop
  endfacet
  facet normal 0 0 -1
    outer loop
      vertex 120 160 0
      vertex 112.16645306541885 152.63983069823374 0
      vertex 111.89727234576193 152.8394687260132 0
    endloop
  endfacet
  facet normal 0 0 -1
    outer loop
      vertex 120 160 0
      vertex 112.41476965775206 152.41476965775206 0
      vertex 112.16645306541885 152.63983069823374 0
    endloop
  endfacet
  facet normal 0 1 0
    outer loop
      vertex 120 160 0
      vertex 90.99725366656864 160 0
      vertex 90.99725366656864 160 2.5
    endloop
  endfacet
  facet normal 0 0 1
    outer loop
      vertex 120 0 2.5
      vertex 108.72720779386421 148.7272077938642 2.5
      vertex 11.272792206135787 148.7272077938642 2.5
    endloop
  endfacet
  facet normal 0 0 1
    outer loop
      vertex 11.000026419435283 151.49664530214457 2.5
      vertex 89.2457652210784 157.33892597704263 2.5
      vertex 89.11108762716864 157.41964862031594 2.5
    endloop
  endfacet
  facet normal 0 0 1
    outer loop
      vertex 11.000026419435283 151.49664530214457 2.5
      vertex 89.38770650821586 157.27179274798195 2.5
      vertex 89.2457652210784 157.33892597704263 2.5
    endloop
  endfacet
  facet normal 0 0 1
    outer loop
      vertex 11.000026419435283 151.49664530214457 2.5
      vertex 89.8431725754727 157.1577044373245 2.5
      vertex 89.68785548477419 157.18074355135482 2.5
    endloop
  endfacet
  facet normal 0 0 1
    outer loop
      vertex 11.000026419435283 151.49664530214457 2.5
      vertex 89.68785548477419 157.18074355135482 2.5
      vertex 89.53554451639286 157.21889546282847 2.5
    endloop
  endfacet
  facet normal 0 0 1
    outer loop
      vertex 11.000026419435283 151.49664530214457 2.5
      vertex 89.53554451639286 157.21889546282847 2.5
      vertex 89.38770650821586 157.27179274798195 2.5
    endloop
  endfacet
  facet normal 0 0 1
    outer loop
      vertex 11.000026419435283 151.49664530214457 2.5
      vertex 90 157.15 2.5
      vertex 89.8431725754727 157.1577044373245 2.5
    endloop
  endfacet
  facet normal 0 0 1
    outer loop
      vertex 11.000026419435283 151.49664530214457 2.5
      vertex 90.1568274245273 157.1577044373245 2.5
      vertex 90 157.15 2.5
    endloop
  endfacet
  facet normal 0 0 1
    outer loop
      vertex 11.000026419435283 151.49664530214457 2.5
      vertex 108.2 150 2.5
      vertex 90.1568274245273 157.1577044373245 2.5
    endloop
  endfacet
  facet normal 0 0 1
    outer loop
      vertex 11.391418816052926 148.85809208850543 2.5
      vertex 108.20866749199004 149.8235691474068 2.5
      vertex 108.2 150 2.5
    endloop
  endfacet
  facet normal 0 0 1
    outer loop
      vertex 11.391418816052926 148.85809208850543 2.5
      vertex 108.60858118394707 148.85809208850543 2.5
      vertex 108.50335469785541 148.99997358056473 2.5
    endloop
  endfacet
  facet normal 0 0 1
    outer loop
      vertex 11.391418816052926 148.85809208850543 2.5
      vertex 108.50335469785541 148.99997358056473 2.5
      vertex 108.41254172417297 149.1514858737132 2.5
    endloop
  endfacet
  facet normal 0 0 1
    outer loop
      vertex 11.391418816052926 148.85809208850543 2.5
      vertex 108.33701684147968 149.31116982174285 2.5
      vertex 108.27750739568202 149.47748758094195 2.5
    endloop
  endfacet
  facet normal 0 0 1
    outer loop
      vertex 11.391418816052926 148.85809208850543 2.5
      vertex 108.41254172417297 149.1514858737132 2.5
      vertex 108.33701684147968 149.31116982174285 2.5
    endloop
  endfacet
  facet normal 0 0 1
    outer loop
      vertex 11.391418816052926 148.85809208850543 2.5
      vertex 108.27750739568202 149.47748758094195 2.5
      vertex 108.23458649527419 149.64883742037097 2.5
    endloop
  endfacet
  facet normal 0 0 1
    outer loop
      vertex 11.272792206135787 148.7272077938642 2.5
      vertex 108.72720779386421 148.7272077938642 2.5
      vertex 108.60858118394707 148.85809208850543 2.5
    endloop
  endfacet
  facet normal 0 0 1
    outer loop
      vertex 11.391418816052926 148.85809208850543 2.5
      vertex 108.23458649527419 149.64883742037097 2.5
      vertex 108.20866749199004 149.8235691474068 2.5
    endloop
  endfacet
  facet normal 1 0 0
    outer loop
      vertex 120 0 2.5
      vertex 120 160 0
      vertex 120 160 2.5
    endloop
  endfacet
  facet normal 0 0 1
    outer loop
      vertex 120 0 2.5
      vertex 109.1514858737132 148.41254172417297 2.5
      vertex 108.99997358056471 148.50335469785543 2.5
    endloop
  endfacet
  facet normal 0 0 1
    outer loop
      vertex 120 0 2.5
      vertex 108.99997358056471 148.50335469785543 2.5
      vertex 108.85809208850544 148.60858118394708 2.5
    endloop
  endfacet
  facet normal 0 0 1
    outer loop
      vertex 120 0 2.5
      vertex 108.85809208850544 148.60858118394708 2.5
      vertex 108.72720779386421 148.7272077938642 2.5
    endloop
  endfacet
  facet normal 0 0 1
    outer loop
      vertex 120 0 2.5
      vertex 109.31116982174284 148.33701684147968 2.5
      vertex 109.1514858737132 148.41254172417297 2.5
    endloop
  endfacet
  facet normal 0 0 1
    outer loop
      vertex 120 0 2.5
      vertex 109.47748758094197 148.27750739568202 2.5
      vertex 109.31116982174284 148.33701684147968 2.5
    endloop
  endfacet
  facet normal 0 0 1
    outer loop
      vertex 120 0 2.5
      vertex 109.64883742037097 148.2345864952742 2.5
      vertex 109.47748758094197 148.27750739568202 2.5
    endloop
  endfacet
  facet normal 0 0 1
    outer loop
      vertex 120 0 2.5
      vertex 109.82356914740679 148.20866749199004 2.5
      vertex 109.64883742037097 148.2345864952742 2.5
    endloop
  endfacet
  facet normal 0 0 1
    outer loop
      vertex 120 0 2.5
      vertex 110 148.2 2.5
      vertex 109.82356914740679 148.20866749199004 2.5
    endloop
  endfacet
  facet normal 0 0 1
    outer loop
      vertex 120 0 2.5
      vertex 110.17643085259321 148.20866749199004 2.5
      vertex 110 148.2 2.5
    endloop
  endfacet
  facet normal 0 0 1
    outer loop
      vertex 120 0 2.5
      vertex 110.35116257962903 148.2345864952742 2.5
      vertex 110.17643085259321 148.20866749199004 2.5
    endloop
  endfacet
  facet normal 0 0 1
    outer loop
      vertex 120 0 2.5
      vertex 110.52251241905803 148.27750739568202 2.5
      vertex 110.35116257962903 148.2345864952742 2.5
    endloop
  endfacet
  facet normal 0 0 1
    outer loop
      vertex 120 0 2.5
      vertex 110.68883017825716 148.33701684147968 2.5
      vertex 110.52251241905803 148.27750739568202 2.5
    endloop
  endfacet
  facet normal 0 0 1
    outer loop
      vertex 120 0 2.5
      vertex 110.8485141262868 148.41254172417297 2.5
      vertex 110.68883017825716 148.33701684147968 2.5
    endloop
  endfacet
  facet normal 0 0 1
    outer loop
      vertex 120 0 2.5
      vertex 111.00002641943529 148.50335469785543 2.5
      vertex 110.8485141262868 148.41254172417297 2.5
    endloop
  endfacet
  facet normal 0 0 1
    outer loop
      vertex 120 0 2.5
      vertex 111.14190791149456 148.60858118394708 2.5
      vertex 111.00002641943529 148.50335469785543 2.5
    endloop
  endfacet
  facet normal 0 0 1
    outer loop
      vertex 120 0 2.5
      vertex 111.27279220613579 148.7272077938642 2.5
      vertex 111.14190791149456 148.60858118394708 2.5
    endloop
  endfacet
  facet normal 0 0 1
    outer loop
      vertex 120 0 2.5
      vertex 111.39141881605293 148.85809208850543 2.5
      vertex 111.27279220613579 148.7272077938642 2.5
    endloop
  endfacet
  facet normal 0 0 1
    outer loop
      vertex 120 0 2.5
      vertex 111.49664530214459 148.99997358056473 2.5
      vertex 111.39141881605293 148.85809208850543 2.5
    endloop
  endfacet
  facet normal 0 0 1
    outer loop
      vertex 120 0 2.5
      vertex 111.58745827582703 149.1514858737132 2.5
      vertex 111.49664530214459 148.99997358056473 2.5
    endloop
  endfacet
  facet normal 0 0 1
    outer loop
      vertex 120 0 2.5
      vertex 111.66298315852032 149.31116982174285 2.5
      vertex 111.58745827582703 149.1514858737132 2.5
    endloop
  endfacet
  facet normal 0 0 1
    outer loop
      vertex 120 0 2.5
      vertex 111.72249260431798 149.47748758094195 2.5
      vertex 111.66298315852032 149.31116982174285 2.5
    endloop
  endfacet
  facet normal 0 0 1
    outer loop
      vertex 120 0 2.5
      vertex 111.79133250800996 149.8235691474068 2.5
      vertex 111.76541350472581 149.64883742037097 2.5
    endloop
  endfacet
  facet normal 0 0 1
    outer loop
      vertex 120 0 2.5
      vertex 111.76541350472581 149.64883742037097 2.5
      vertex 111.72249260431798 149.47748758094195 2.5
    endloop
  endfacet
  facet normal 0 0 1
    outer loop
      vertex 120 0 2.5
      vertex 111.8 150 2.5
      vertex 111.79133250800996 149.8235691474068 2.5
    endloop
  endfacet
  facet normal 0 0 1
    outer loop
      vertex 120 0 2.5
      vertex 120 160 2.5
      vertex 111.8 150 2.5
    endloop
  endfacet
  facet normal 0 1 0
    outer loop
      vertex 120 160 0
      vertex 90.99725366656864 160 2.5
      vertex 120 160 2.5
    endloop
  endfacet
  facet normal 0 0 1
    outer loop
      vertex 90.46445548360714 157.21889546282847 2.5
      vertex 90.31214451522581 157.18074355135482 2.5
      vertex 108.2 150 2.5
    endloop
  endfacet
  facet normal 0 0 1
    outer loop
      vertex 90.31214451522581 157.18074355135482 2.5
      vertex 90.1568274245273 157.1577044373245 2.5
      vertex 108.2 150 2.5
    endloop
  endfacet
  facet normal 0 0 1
    outer loop
      vertex 90.61229349178414 157.27179274798195 2.5
      vertex 90.46445548360714 157.21889546282847 2.5
      vertex 108.2 150 2.5
    endloop
  endfacet
  facet normal 0 0 1
    outer loop
      vertex 90.7542347789216 157.33892597704263 2.5
      vertex 90.61229349178414 157.27179274798195 2.5
      vertex 108.2 150 2.5
    endloop
  endfacet
  facet normal 0 0 1
    outer loop
      vertex 90.88891237283136 157.41964862031594 2.5
      vertex 90.7542347789216 157.33892597704263 2.5
      vertex 108.2 150 2.5
    endloop
  endfacet
  facet normal 0 0 1
    outer loop
      vertex 91.01502925466183 157.51318327461962 2.5
      vertex 90.88891237283136 157.41964862031594 2.5
      vertex 108.2 150 2.5
    endloop
  endfacet
  facet normal 0 0 1
    outer loop
      vertex 91.13137084989847 157.61862915010153 2.5
      vertex 91.01502925466183 157.51318327461962 2.5
      vertex 108.2 150 2.5
    endloop
  endfacet
  facet normal 0 0 1
    outer loop
      vertex 91.13137084989847 157.61862915010153 2.5
      vertex 108.20866749199004 150.1764308525932 2.5
      vertex 91.23681672538038 157.73497074533816 2.5
    endloop
  endfacet
  facet normal 0 0 1
    outer loop
      vertex 91.33035137968407 157.86108762716864 2.5
      vertex 108.27750739568202 150.52251241905805 2.5
      vertex 91.41107402295737 157.99576522107841 2.5
    endloop
  endfacet
  facet normal 0 0 1
    outer loop
      vertex 91.23681672538038 157.73497074533816 2.5
      vertex 108.23458649527419 150.35116257962903 2.5
      vertex 91.33035137968407 157.86108762716864 2.5
    endloop
  endfacet
  facet normal 0 0 1
    outer loop
      vertex 91.41107402295737 157.99576522107841 2.5
      vertex 108.33701684147968 150.68883017825715 2.5
      vertex 91.47820725201805 158.13770650821584 2.5
    endloop
  endfacet
  facet normal 0 0 1
    outer loop
      vertex 91.47820725201805 158.13770650821584 2.5
      vertex 108.50335469785541 151.00002641943527 2.5
      vertex 91.53110453717153 158.28554451639286 2.5
    endloop
  endfacet
  facet normal 0 0 1
    outer loop
      vertex 91.53110453717153 158.28554451639286 2.5
      vertex 108.60858118394707 151.14190791149457 2.5
      vertex 91.56925644864516 158.4378554847742 2.5
    endloop
  endfacet
  facet normal 0 0 1
    outer loop
      vertex 91.59229556267552 158.5931725754727 2.5
      vertex 108.72720779386421 151.2727922061358 2.5
      vertex 91.6 158.75 2.5
    endloop
  endfacet
  facet normal 0 0 1
    outer loop
      vertex 91.56925644864516 158.4378554847742 2.5
      vertex 108.72720779386421 151.2727922061358 2.5
      vertex 91.59229556267552 158.5931725754727 2.5
    endloop
  endfacet
  facet normal 0 0 1
    outer loop
      vertex 91.6 158.75 2.5
      vertex 108.85809208850544 151.39141881605292 2.5
      vertex 91.59229556267552 158.9068274245273 2.5
    endloop
  endfacet
  facet normal 0 0 1
    outer loop
      vertex 91.59229556267552 158.9068274245273 2.5
      vertex 108.99997358056471 151.49664530214457 2.5
      vertex 91.56925644864516 159.0621445152258 2.5
    endloop
  endfacet
  facet normal 0 0 1
    outer loop
      vertex 91.56925644864516 159.0621445152258 2.5
      vertex 109.1514858737132 151.58745827582703 2.5
      vertex 91.53110453717153 159.21445548360714 2.5
    endloop
  endfacet
  facet normal 0 0 1
    outer loop
      vertex 91.47820725201805 159.36229349178416 2.5
      vertex 109.47748758094197 151.72249260431798 2.5
      vertex 91.41107402295737 159.50423477892159 2.5
    endloop
  endfacet
  facet normal 0 0 1
    outer loop
      vertex 91.53110453717153 159.21445548360714 2.5
      vertex 109.31116982174284 151.66298315852032 2.5
      vertex 91.47820725201805 159.36229349178416 2.5
    endloop
  endfacet
  facet normal 0 0 1
    outer loop
      vertex 91.41107402295737 159.50423477892159 2.5
      vertex 109.64883742037097 151.7654135047258 2.5
      vertex 91.33035137968407 159.63891237283136 2.5
    endloop
  endfacet
  facet normal 0 0 1
    outer loop
      vertex 91.23681672538038 159.76502925466184 2.5
      vertex 110 151.8 2.5
      vertex 91.13137084989847 159.88137084989847 2.5
    endloop
  endfacet
  facet normal 0 0 1
    outer loop
      vertex 91.33035137968407 159.63891237283136 2.5
      vertex 109.82356914740679 151.79133250800996 2.5
      vertex 91.23681672538038 159.76502925466184 2.5
    endloop
  endfacet
  facet normal 0 0 1
    outer loop
      vertex 90.99725366656864 160 2.5
      vertex 91.01502925466183 159.98681672538038 2.5
      vertex 110.17643085259321 151.79133250800996 2.5
    endloop
  endfacet
  facet normal 0 0 1
    outer loop
      vertex 91.01502925466183 159.98681672538038 2.5
      vertex 91.13137084989847 159.88137084989847 2.5
      vertex 110.17643085259321 151.79133250800996 2.5
    endloop
  endfacet
  facet normal 0 0 1
    outer loop
      vertex 91.13137084989847 157.61862915010153 2.5
      vertex 108.2 150 2.5
      vertex 108.20866749199004 150.1764308525932 2.5
    endloop
  endfacet
  facet normal 0 0 1
    outer loop
      vertex 91.23681672538038 157.73497074533816 2.5
      vertex 108.20866749199004 150.1764308525932 2.5
      vertex 108.23458649527419 150.35116257962903 2.5
    endloop
  endfacet
  facet normal 0 0 1
    outer loop
      vertex 91.33035137968407 157.86108762716864 2.5
      vertex 108.23458649527419 150.35116257962903 2.5
      vertex 108.27750739568202 150.52251241905805 2.5
    endloop
  endfacet
  facet normal 0 0 1
    outer loop
      vertex 91.41107402295737 157.99576522107841 2.5
      vertex 108.27750739568202 150.52251241905805 2.5
      vertex 108.33701684147968 150.68883017825715 2.5
    endloop
  endfacet
  facet normal 0 0 1
    outer loop
      vertex 91.47820725201805 158.13770650821584 2.5
      vertex 108.33701684147968 150.68883017825715 2.5
      vertex 108.41254172417297 150.8485141262868 2.5
    endloop
  endfacet
  facet normal 0 0 1
    outer loop
      vertex 91.47820725201805 158.13770650821584 2.5
      vertex 108.41254172417297 150.8485141262868 2.5
      vertex 108.50335469785541 151.00002641943527 2.5
    endloop
  endfacet
  facet normal 0 0 1
    outer loop
      vertex 91.53110453717153 158.28554451639286 2.5
      vertex 108.50335469785541 151.00002641943527 2.5
      vertex 108.60858118394707 151.14190791149457 2.5
    endloop
  endfacet
  facet normal 0 0 1
    outer loop
      vertex 91.56925644864516 158.4378554847742 2.5
      vertex 108.60858118394707 151.14190791149457 2.5
      vertex 108.72720779386421 151.2727922061358 2.5
    endloop
  endfacet
  facet normal 0 0 1
    outer loop
      vertex 91.6 158.75 2.5
      vertex 108.72720779386421 151.2727922061358 2.5
      vertex 108.85809208850544 151.39141881605292 2.5
    endloop
  endfacet
  facet normal 0 0 1
    outer loop
      vertex 91.56925644864516 159.0621445152258 2.5
      vertex 108.99997358056471 151.49664530214457 2.5
      vertex 109.1514858737132 151.58745827582703 2.5
    endloop
  endfacet
  facet normal 0 0 1
    outer loop
      vertex 91.59229556267552 158.9068274245273 2.5
      vertex 108.85809208850544 151.39141881605292 2.5
      vertex 108.99997358056471 151.49664530214457 2.5
    endloop
  endfacet
  facet normal 0 0 1
    outer loop
      vertex 91.53110453717153 159.21445548360714 2.5
      vertex 109.1514858737132 151.58745827582703 2.5
      vertex 109.31116982174284 151.66298315852032 2.5
    endloop
  endfacet
  facet normal 0 0 1
    outer loop
      vertex 91.47820725201805 159.36229349178416 2.5
      vertex 109.31116982174284 151.66298315852032 2.5
      vertex 109.47748758094197 151.72249260431798 2.5
    endloop
  endfacet
  facet normal 0 0 1
    outer loop
      vertex 91.41107402295737 159.50423477892159 2.5
      vertex 109.47748758094197 151.72249260431798 2.5
      vertex 109.64883742037097 151.7654135047258 2.5
    endloop
  endfacet
  facet normal 0 0 1
    outer loop
      vertex 91.23681672538038 159.76502925466184 2.5
      vertex 109.82356914740679 151.79133250800996 2.5
      vertex 110 151.8 2.5
    endloop
  endfacet
  facet normal 0 0 1
    outer loop
      vertex 91.33035137968407 159.63891237283136 2.5
      vertex 109.64883742037097 151.7654135047258 2.5
      vertex 109.82356914740679 151.79133250800996 2.5
    endloop
  endfacet
  facet normal 0 0 1
    outer loop
      vertex 91.13137084989847 159.88137084989847 2.5
      vertex 110 151.8 2.5
      vertex 110.17643085259321 151.79133250800996 2.5
    endloop
  endfacet
  facet normal 0 0 1
    outer loop
      vertex 90.99725366656864 160 2.5
      vertex 110.17643085259321 151.79133250800996 2.5
      vertex 110.35116257962903 151.7654135047258 2.5
    endloop
  endfacet
  facet normal 0 0 1
    outer loop
      vertex 90.99725366656864 160 2.5
      vertex 110.35116257962903 151.7654135047258 2.5
      vertex 110.52251241905803 151.72249260431798 2.5
    endloop
  endfacet
  facet normal 0 0 1
    outer loop
      vertex 90.99725366656864 160 2.5
      vertex 110.52251241905803 151.72249260431798 2.5
      vertex 110.68883017825716 151.66298315852032 2.5
    endloop
  endfacet
  facet normal 0 0 1
    outer loop
      vertex 120 160 2.5
      vertex 90.99725366656864 160 2.5
      vertex 110.68883017825716 151.66298315852032 2.5
    endloop
  endfacet
  facet normal 0 0 1
    outer loop
      vertex 120 160 2.5
      vertex 110.68883017825716 151.66298315852032 2.5
      vertex 110.8485141262868 151.58745827582703 2.5
    endloop
  endfacet
  facet normal 0 0 1
    outer loop
      vertex 120 160 2.5
      vertex 110.8485141262868 151.58745827582703 2.5
      vertex 111.00002641943529 151.49664530214457 2.5
    endloop
  endfacet
  facet normal 0 0 1
    outer loop
      vertex 120 160 2.5
      vertex 111.14190791149456 151.39141881605292 2.5
      vertex 111.27279220613579 151.2727922061358 2.5
    endloop
  endfacet
  facet normal 0 0 1
    outer loop
      vertex 120 160 2.5
      vertex 111.00002641943529 151.49664530214457 2.5
      vertex 111.14190791149456 151.39141881605292 2.5
    endloop
  endfacet
  facet normal 0 0 1
    outer loop
      vertex 120 160 2.5
      vertex 111.49664530214459 151.00002641943527 2.5
      vertex 111.58745827582703 150.8485141262868 2.5
    endloop
  endfacet
  facet normal 0 0 1
    outer loop
      vertex 120 160 2.5
      vertex 111.39141881605293 151.14190791149457 2.5
      vertex 111.49664530214459 151.00002641943527 2.5
    endloop
  endfacet
  facet normal 0 0 1
    outer loop
      vertex 120 160 2.5
      vertex 111.27279220613579 151.2727922061358 2.5
      vertex 111.39141881605293 151.14190791149457 2.5
    endloop
  endfacet
  facet normal 0 0 1
    outer loop
      vertex 120 160 2.5
      vertex 111.79133250800996 150.1764308525932 2.5
      vertex 111.8 150 2.5
    endloop
  endfacet
  facet normal 0 0 1
    outer loop
      vertex 120 160 2.5
      vertex 111.66298315852032 150.68883017825715 2.5
      vertex 111.72249260431798 150.52251241905805 2.5
    endloop
  endfacet
  facet normal 0 0 1
    outer loop
      vertex 120 160 2.5
      vertex 111.76541350472581 150.35116257962903 2.5
      vertex 111.79133250800996 150.1764308525932 2.5
    endloop
  endfacet
  facet normal 0 0 1
    outer loop
      vertex 120 160 2.5
      vertex 111.72249260431798 150.52251241905805 2.5
      vertex 111.76541350472581 150.35116257962903 2.5
    endloop
  endfacet
  facet normal 0 0 1
    outer loop
      vertex 120 160 2.5
      vertex 111.58745827582703 150.8485141262868 2.5
      vertex 111.66298315852032 150.68883017825715 2.5
    endloop
  endfacet
endsolid OpenSCAD_Model
